symbol,detail,numbers,page,source
Abdone,,43,45,1881 Capacelli - Il vero libro dei sogni
Abramo,,80,45,1881 Capacelli - Il vero libro dei sogni
Acasio,,59,45,1881 Capacelli - Il vero libro dei sogni
Achille,,10,45,1881 Capacelli - Il vero libro dei sogni
Adalberto,,19,45,1881 Capacelli - Il vero libro dei sogni
Adamo,,19,45,1881 Capacelli - Il vero libro dei sogni
Adelaide,,44,45,1881 Capacelli - Il vero libro dei sogni
Adelelmo,,47,45,1881 Capacelli - Il vero libro dei sogni
Adriano,,1,45,1881 Capacelli - Il vero libro dei sogni
Agapito,,21,45,1881 Capacelli - Il vero libro dei sogni
Agata,,45,45,1881 Capacelli - Il vero libro dei sogni
Agnese,,38 78,45,1881 Capacelli - Il vero libro dei sogni
Agostino,,1 34,45,1881 Capacelli - Il vero libro dei sogni
Agricola,,18,45,1881 Capacelli - Il vero libro dei sogni
Agrippina,,39,45,1881 Capacelli - Il vero libro dei sogni
Agrippino,,60,45,1881 Capacelli - Il vero libro dei sogni
Albano,,82,45,1881 Capacelli - Il vero libro dei sogni
Alberico,,22,45,1881 Capacelli - Il vero libro dei sogni
Alberto,,51 71,45,1881 Capacelli - Il vero libro dei sogni
Albino,,37 82,45,1881 Capacelli - Il vero libro dei sogni
Alessandro,,3,45,1881 Capacelli - Il vero libro dei sogni
Alessio,,17 28,45,1881 Capacelli - Il vero libro dei sogni
Alfonso,,57,45,1881 Capacelli - Il vero libro dei sogni
Alvaro,,62,45,1881 Capacelli - Il vero libro dei sogni
Babbiano,,51,45,1881 Capacelli - Il vero libro dei sogni
Babila,,64,45,1881 Capacelli - Il vero libro dei sogni
Balbina,,88,45,1881 Capacelli - Il vero libro dei sogni
Amanzio,,41,45,1881 Capacelli - Il vero libro dei sogni
Ambrogio,,5,45,1881 Capacelli - Il vero libro dei sogni
Anacleto,,83,45,1881 Capacelli - Il vero libro dei sogni
Anastasia,,17,45,1881 Capacelli - Il vero libro dei sogni
Anastasio,,30,45,1881 Capacelli - Il vero libro dei sogni
Andrea,,84,45,1881 Capacelli - Il vero libro dei sogni
Angelica,,80,45,1881 Capacelli - Il vero libro dei sogni
Angelo,,14,45,1881 Capacelli - Il vero libro dei sogni
Aniceto,,40,45,1881 Capacelli - Il vero libro dei sogni
Anna,,26,45,1881 Capacelli - Il vero libro dei sogni
Annibale,,7,45,1881 Capacelli - Il vero libro dei sogni
Annunciata,,26,45,1881 Capacelli - Il vero libro dei sogni
Anselmo,,85,45,1881 Capacelli - Il vero libro dei sogni
Antonino,,50,45,1881 Capacelli - Il vero libro dei sogni
Antonio,,3 17,45,1881 Capacelli - Il vero libro dei sogni
Apollonio,,60,45,1881 Capacelli - Il vero libro dei sogni
Apollinare,,86,45,1881 Capacelli - Il vero libro dei sogni
Aquilino,,25,45,1881 Capacelli - Il vero libro dei sogni
Ascanio,,10,45,1881 Capacelli - Il vero libro dei sogni
Asdrubale,,6,45,1881 Capacelli - Il vero libro dei sogni
Augusta,,69,45,1881 Capacelli - Il vero libro dei sogni
Augusto,,51,45,1881 Capacelli - Il vero libro dei sogni
Aurelia,,14,45,1881 Capacelli - Il vero libro dei sogni
Aureliano,,44,45,1881 Capacelli - Il vero libro dei sogni
Aurelio,,80,45,1881 Capacelli - Il vero libro dei sogni
Baldassare,,8,45,1881 Capacelli - Il vero libro dei sogni
Barbara,,87,45,1881 Capacelli - Il vero libro dei sogni
Barbaro,,71,45,1881 Capacelli - Il vero libro dei sogni
Barnaba,,17,46,1881 Capacelli - Il vero libro dei sogni
Bartolomeo,,21,46,1881 Capacelli - Il vero libro dei sogni
Ba-ilia,,88,46,1881 Capacelli - Il vero libro dei sogni
Ba,lio,32 67,46,1881 Capacelli - Il vero libro dei sogni
Bassa No,,2 27,46,1881 Capacelli - Il vero libro dei sogni
Bastiano,,59,46,1881 Capacelli - Il vero libro dei sogni
Batilde,,43,46,1881 Capacelli - Il vero libro dei sogni
Beatrice,,34,46,1881 Capacelli - Il vero libro dei sogni
Bellino,,38,46,1881 Capacelli - Il vero libro dei sogni
Benedetto,,47,46,1881 Capacelli - Il vero libro dei sogni
Beniamino,,8,46,1881 Capacelli - Il vero libro dei sogni
Benigno,,89,46,1881 Capacelli - Il vero libro dei sogni
Cajo,,23,46,1881 Capacelli - Il vero libro dei sogni
Calocero,,3,46,1881 Capacelli - Il vero libro dei sogni
Calisto,,12 72,46,1881 Capacelli - Il vero libro dei sogni
Calimero,,72,46,1881 Capacelli - Il vero libro dei sogni
Camillo,,10 84,46,1881 Capacelli - Il vero libro dei sogni
Candido,,7,46,1881 Capacelli - Il vero libro dei sogni
Canuto,,26,46,1881 Capacelli - Il vero libro dei sogni
Canziano,,5,46,1881 Capacelli - Il vero libro dei sogni
Carlo,,5 80,46,1881 Capacelli - Il vero libro dei sogni
Carolina,,61,46,1881 Capacelli - Il vero libro dei sogni
Casimiro,,28,46,1881 Capacelli - Il vero libro dei sogni
Cassandra,,51,46,1881 Capacelli - Il vero libro dei sogni
Cassiano,,51,46,1881 Capacelli - Il vero libro dei sogni
Caterina,,2 16,46,1881 Capacelli - Il vero libro dei sogni
Cecilia,,29 75,46,1881 Capacelli - Il vero libro dei sogni
Celestino,,54,46,1881 Capacelli - Il vero libro dei sogni
Celso,,11,46,1881 Capacelli - Il vero libro dei sogni
Celidonia,,82,46,1881 Capacelli - Il vero libro dei sogni
Celidonio,,37,46,1881 Capacelli - Il vero libro dei sogni
Celio,,46,46,1881 Capacelli - Il vero libro dei sogni
Cesario,,72 7,46,1881 Capacelli - Il vero libro dei sogni
Cesare,,87,46,1881 Capacelli - Il vero libro dei sogni
Bernardino,,74 86,46,1881 Capacelli - Il vero libro dei sogni
Bernardo,,5 90,46,1881 Capacelli - Il vero libro dei sogni
Bertrando,,58,46,1881 Capacelli - Il vero libro dei sogni
Biagio,,1 20,46,1881 Capacelli - Il vero libro dei sogni
Bianca,,50,46,1881 Capacelli - Il vero libro dei sogni
Bibiana,,45,46,1881 Capacelli - Il vero libro dei sogni
Bonaventura,,3,46,1881 Capacelli - Il vero libro dei sogni
Bonfiglio,,54,46,1881 Capacelli - Il vero libro dei sogni
Bonifacio,,11 20,46,1881 Capacelli - Il vero libro dei sogni
Brigida,,17 31,46,1881 Capacelli - Il vero libro dei sogni
Brunone,,77,46,1881 Capacelli - Il vero libro dei sogni
Buono,,47,46,1881 Capacelli - Il vero libro dei sogni
Cinzia,,90,46,1881 Capacelli - Il vero libro dei sogni
Cinzio,,59,46,1881 Capacelli - Il vero libro dei sogni
Cipriano,,12 25,46,1881 Capacelli - Il vero libro dei sogni
Ciriaco,,63,46,1881 Capacelli - Il vero libro dei sogni
Cirillo,,22 41,46,1881 Capacelli - Il vero libro dei sogni
Ciro,,55,46,1881 Capacelli - Il vero libro dei sogni
Claudio,,4 8,46,1881 Capacelli - Il vero libro dei sogni
Clelia,,38,46,1881 Capacelli - Il vero libro dei sogni
Clemente,,64,46,1881 Capacelli - Il vero libro dei sogni
Clementina,,43,46,1881 Capacelli - Il vero libro dei sogni
Cleto,,44,46,1881 Capacelli - Il vero libro dei sogni
Clotilde,,1,46,1881 Capacelli - Il vero libro dei sogni
Colombano,,55,46,1881 Capacelli - Il vero libro dei sogni
Colombo,,59,46,1881 Capacelli - Il vero libro dei sogni
Concordia,,85,46,1881 Capacelli - Il vero libro dei sogni
Cornelia,,80,46,1881 Capacelli - Il vero libro dei sogni
Cornelio,,11 90,46,1881 Capacelli - Il vero libro dei sogni
Corrado,,25,46,1881 Capacelli - Il vero libro dei sogni
Casimiro,,4 78,46,1881 Capacelli - Il vero libro dei sogni
Costante,,44,46,1881 Capacelli - Il vero libro dei sogni
Costantino,,21,46,1881 Capacelli - Il vero libro dei sogni
Costanza,,5 56,46,1881 Capacelli - Il vero libro dei sogni
Costanzo,,22 54,47,1881 Capacelli - Il vero libro dei sogni
Crescentino,,12,47,1881 Capacelli - Il vero libro dei sogni
Crescenzio,,22,47,1881 Capacelli - Il vero libro dei sogni
Crispino,,7 29,47,1881 Capacelli - Il vero libro dei sogni
Cristina,,20 48,47,1881 Capacelli - Il vero libro dei sogni
Dalmazio,,32 83,47,1881 Capacelli - Il vero libro dei sogni
Damaso,,51,47,1881 Capacelli - Il vero libro dei sogni
Damiano,,19,47,1881 Capacelli - Il vero libro dei sogni
Daniele,,62,47,1881 Capacelli - Il vero libro dei sogni
Dario,,13,47,1881 Capacelli - Il vero libro dei sogni
Davide,,62,47,1881 Capacelli - Il vero libro dei sogni
Decio,,79,47,1881 Capacelli - Il vero libro dei sogni
Defendente,,34,47,1881 Capacelli - Il vero libro dei sogni
Delfina,,34,47,1881 Capacelli - Il vero libro dei sogni
Delfino,,22 50,47,1881 Capacelli - Il vero libro dei sogni
Demetrio,,17,47,1881 Capacelli - Il vero libro dei sogni
Desiderato,,25,47,1881 Capacelli - Il vero libro dei sogni
Desiderio,,35,47,1881 Capacelli - Il vero libro dei sogni
Diamanta,,6,47,1881 Capacelli - Il vero libro dei sogni
Diego,,67,47,1881 Capacelli - Il vero libro dei sogni
Eduardo,,30,47,1881 Capacelli - Il vero libro dei sogni
Edvige,,55,47,1881 Capacelli - Il vero libro dei sogni
Egidio,,67,47,1881 Capacelli - Il vero libro dei sogni
Eleazaro,,8,47,1881 Capacelli - Il vero libro dei sogni
Elena,,24,47,1881 Capacelli - Il vero libro dei sogni
Eleonora,,15,47,1881 Capacelli - Il vero libro dei sogni
Eleuterio,,4,47,1881 Capacelli - Il vero libro dei sogni
Elia,,34,47,1881 Capacelli - Il vero libro dei sogni
Eligio,,8,47,1881 Capacelli - Il vero libro dei sogni
Elio,,35,47,1881 Capacelli - Il vero libro dei sogni
Elisabetta,,7,47,1881 Capacelli - Il vero libro dei sogni
Emiliano,,14,47,1881 Capacelli - Il vero libro dei sogni
Cristoforo,,84,47,1881 Capacelli - Il vero libro dei sogni
Cunegonda,,12,47,1881 Capacelli - Il vero libro dei sogni
Cuniberto,,68,47,1881 Capacelli - Il vero libro dei sogni
Cunicolo,,89,47,1881 Capacelli - Il vero libro dei sogni
Diodoro,,57,47,1881 Capacelli - Il vero libro dei sogni
Diomede,,23 77,47,1881 Capacelli - Il vero libro dei sogni
Dionigi,,19,47,1881 Capacelli - Il vero libro dei sogni
Dionigia,,81,47,1881 Capacelli - Il vero libro dei sogni
Divota,,40,47,1881 Capacelli - Il vero libro dei sogni
Domenica,,12,47,1881 Capacelli - Il vero libro dei sogni
Domenico,,10,47,1881 Capacelli - Il vero libro dei sogni
Domitilla,,22 5,47,1881 Capacelli - Il vero libro dei sogni
Domiziano,,14,47,1881 Capacelli - Il vero libro dei sogni
Domizio,,86,47,1881 Capacelli - Il vero libro dei sogni
Donato,,33 75,47,1881 Capacelli - Il vero libro dei sogni
Donnino,,42,47,1881 Capacelli - Il vero libro dei sogni
Dorina,,27,47,1881 Capacelli - Il vero libro dei sogni
Dorotea,,16 30,47,1881 Capacelli - Il vero libro dei sogni
Emilia,,45,47,1881 Capacelli - Il vero libro dei sogni
Emilio,,54,47,1881 Capacelli - Il vero libro dei sogni
Enrichetta,,19,47,1881 Capacelli - Il vero libro dei sogni
Enrico,,2 78,47,1881 Capacelli - Il vero libro dei sogni
Epifanio,,70,47,1881 Capacelli - Il vero libro dei sogni
Eraclio,,29,47,1881 Capacelli - Il vero libro dei sogni
Erasmo,,33,47,1881 Capacelli - Il vero libro dei sogni
Erminio,,71 78,47,1881 Capacelli - Il vero libro dei sogni
Ermenegildo,,77,47,1881 Capacelli - Il vero libro dei sogni
Ermogene,,1,47,1881 Capacelli - Il vero libro dei sogni
Ettore,,54 80,47,1881 Capacelli - Il vero libro dei sogni
Eufemia,,80,47,1881 Capacelli - Il vero libro dei sogni
Eufrasia,,72,48,1881 Capacelli - Il vero libro dei sogni
Eusebio,,41,48,1881 Capacelli - Il vero libro dei sogni
Eufrosina,,74,48,1881 Capacelli - Il vero libro dei sogni
Eustacchio,,2,48,1881 Capacelli - Il vero libro dei sogni
Eugenia,,14 87,48,1881 Capacelli - Il vero libro dei sogni
Eustorgio,,42,48,1881 Capacelli - Il vero libro dei sogni
Eugenio,,86 88,48,1881 Capacelli - Il vero libro dei sogni
Evangelista,,16,48,1881 Capacelli - Il vero libro dei sogni
Eulalia,,55,48,1881 Capacelli - Il vero libro dei sogni
Evandro,,22,48,1881 Capacelli - Il vero libro dei sogni
Eulogio,,71,48,1881 Capacelli - Il vero libro dei sogni
Evaristo,,17,48,1881 Capacelli - Il vero libro dei sogni
Eurosia,,33,48,1881 Capacelli - Il vero libro dei sogni
Evenzio,,80,48,1881 Capacelli - Il vero libro dei sogni
Fabiano,,82,48,1881 Capacelli - Il vero libro dei sogni
Fiorenzo,,32,48,1881 Capacelli - Il vero libro dei sogni
Fabio,,13 83,48,1881 Capacelli - Il vero libro dei sogni
Flaminio,,1 68,48,1881 Capacelli - Il vero libro dei sogni
Fabrizio,,68 69,48,1881 Capacelli - Il vero libro dei sogni
Flavia,,17 27,48,1881 Capacelli - Il vero libro dei sogni
Faraone,,26,48,1881 Capacelli - Il vero libro dei sogni
Flaviano,,44,48,1881 Capacelli - Il vero libro dei sogni
Faustina,,56,48,1881 Capacelli - Il vero libro dei sogni
Flavio,,21,48,1881 Capacelli - Il vero libro dei sogni
Faustino,,1 85,48,1881 Capacelli - Il vero libro dei sogni
Floriano,,7,48,1881 Capacelli - Il vero libro dei sogni
Fausto,,83,48,1881 Capacelli - Il vero libro dei sogni
Fiorenzo,,36,48,1881 Capacelli - Il vero libro dei sogni
Fedele,,50,48,1881 Capacelli - Il vero libro dei sogni
Florio,,59,48,1881 Capacelli - Il vero libro dei sogni
Federico,,37,48,1881 Capacelli - Il vero libro dei sogni
Foca,,80,48,1881 Capacelli - Il vero libro dei sogni
Felice,,5 15,48,1881 Capacelli - Il vero libro dei sogni
Fortunata,,20 74,48,1881 Capacelli - Il vero libro dei sogni
Feliciano,,52,48,1881 Capacelli - Il vero libro dei sogni
Fortunato,,17 79,48,1881 Capacelli - Il vero libro dei sogni
Felicita,,40,48,1881 Capacelli - Il vero libro dei sogni
Fosca,,79,48,1881 Capacelli - Il vero libro dei sogni
Ferdinando,,45,48,1881 Capacelli - Il vero libro dei sogni
Francesca,,14,48,1881 Capacelli - Il vero libro dei sogni
Fermo,,39,48,1881 Capacelli - Il vero libro dei sogni
Francesco,,65,48,1881 Capacelli - Il vero libro dei sogni
Ferrante,,20,48,1881 Capacelli - Il vero libro dei sogni
Franco,,31,48,1881 Capacelli - Il vero libro dei sogni
Fidenzio,,13,48,1881 Capacelli - Il vero libro dei sogni
Frontiniano,,39,48,1881 Capacelli - Il vero libro dei sogni
Filiberto,,47,48,1881 Capacelli - Il vero libro dei sogni
Fulgenzio,,89,48,1881 Capacelli - Il vero libro dei sogni
Filippo,,14 77,48,1881 Capacelli - Il vero libro dei sogni
Fulvia,,75,48,1881 Capacelli - Il vero libro dei sogni
Firmino,,1,48,1881 Capacelli - Il vero libro dei sogni
Fulvio,,55,48,1881 Capacelli - Il vero libro dei sogni
Gabriele,,17 51,48,1881 Capacelli - Il vero libro dei sogni
Gallo,,28,48,1881 Capacelli - Il vero libro dei sogni
Gabriella,,44,48,1881 Capacelli - Il vero libro dei sogni
Gaspare,,2 57,48,1881 Capacelli - Il vero libro dei sogni
Gaetana,,18,48,1881 Capacelli - Il vero libro dei sogni
Gasparetto,,72,48,1881 Capacelli - Il vero libro dei sogni
Gaetano,,28,48,1881 Capacelli - Il vero libro dei sogni
Gasparina,,62,48,1881 Capacelli - Il vero libro dei sogni
Galdino,,68,48,1881 Capacelli - Il vero libro dei sogni
Gaudenzio,,18,48,1881 Capacelli - Il vero libro dei sogni
Galeazzo,,46,48,1881 Capacelli - Il vero libro dei sogni
Gelasio,,89,48,1881 Capacelli - Il vero libro dei sogni
Geltrude,,27 34,49,1881 Capacelli - Il vero libro dei sogni
Geminiano,,12 22,49,1881 Capacelli - Il vero libro dei sogni
Generosa,,31,49,1881 Capacelli - Il vero libro dei sogni
Genesia,,15,49,1881 Capacelli - Il vero libro dei sogni
Genesio,,14 24,49,1881 Capacelli - Il vero libro dei sogni
Genevieffa,,18,49,1881 Capacelli - Il vero libro dei sogni
Gennaro,,40,49,1881 Capacelli - Il vero libro dei sogni
Gentile,,4,49,1881 Capacelli - Il vero libro dei sogni
Gerardo,,33,49,1881 Capacelli - Il vero libro dei sogni
Geremia,,4 63,49,1881 Capacelli - Il vero libro dei sogni
Germano,,63,49,1881 Capacelli - Il vero libro dei sogni
Gerolamo,,73,49,1881 Capacelli - Il vero libro dei sogni
Geronzio,,39,49,1881 Capacelli - Il vero libro dei sogni
Gervasio,,89,49,1881 Capacelli - Il vero libro dei sogni
Giacobbe,,31,49,1881 Capacelli - Il vero libro dei sogni
Giacinta,,54,49,1881 Capacelli - Il vero libro dei sogni
Giacinto,,44,49,1881 Capacelli - Il vero libro dei sogni
Giacomino,,27,49,1881 Capacelli - Il vero libro dei sogni
Giacomo,,81,49,1881 Capacelli - Il vero libro dei sogni
Giambattista,,6,49,1881 Capacelli - Il vero libro dei sogni
Giberto,,10,49,1881 Capacelli - Il vero libro dei sogni
Gioachino,,89,49,1881 Capacelli - Il vero libro dei sogni
Giobbe,,68,49,1881 Capacelli - Il vero libro dei sogni
Gioconda,,37,49,1881 Capacelli - Il vero libro dei sogni
Giocondo,,22,49,1881 Capacelli - Il vero libro dei sogni
Giorgio,,14,49,1881 Capacelli - Il vero libro dei sogni
Giosuè,,60,49,1881 Capacelli - Il vero libro dei sogni
Giovanna,,23,49,1881 Capacelli - Il vero libro dei sogni
Giovanni,,54,49,1881 Capacelli - Il vero libro dei sogni
Battista ',,61,49,1881 Capacelli - Il vero libro dei sogni
Nepomuceno,,5,49,1881 Capacelli - Il vero libro dei sogni
Nepomuceno,di Dio,31,49,1881 Capacelli - Il vero libro dei sogni
Giovita,,18,49,1881 Capacelli - Il vero libro dei sogni
Girolamo,,63,49,1881 Capacelli - Il vero libro dei sogni
Giuditta,,30,49,1881 Capacelli - Il vero libro dei sogni
Giulia,,18 70,49,1881 Capacelli - Il vero libro dei sogni
Giuliana,,1,49,1881 Capacelli - Il vero libro dei sogni
Giuliano,,14 67,49,1881 Capacelli - Il vero libro dei sogni
Giulio,,24 80,49,1881 Capacelli - Il vero libro dei sogni
Giuseppe,,19 26,49,1881 Capacelli - Il vero libro dei sogni
Giustina,,25,49,1881 Capacelli - Il vero libro dei sogni
Giustino,,51,49,1881 Capacelli - Il vero libro dei sogni
Giustiniano,,80,49,1881 Capacelli - Il vero libro dei sogni
Giusto,,25,49,1881 Capacelli - Il vero libro dei sogni
Gordiano,,88,49,1881 Capacelli - Il vero libro dei sogni
Gottardo,,73,49,1881 Capacelli - Il vero libro dei sogni
Grato,,22,49,1881 Capacelli - Il vero libro dei sogni
Graziano,,9,49,1881 Capacelli - Il vero libro dei sogni
Grazioso,,45,49,1881 Capacelli - Il vero libro dei sogni
Gregorio,,61,49,1881 Capacelli - Il vero libro dei sogni
Guglielmo,,27 60,49,1881 Capacelli - Il vero libro dei sogni
Guido,,19,49,1881 Capacelli - Il vero libro dei sogni
Guido,tdelfonso,1,49,1881 Capacelli - Il vero libro dei sogni
Ifigenia,,2,49,1881 Capacelli - Il vero libro dei sogni
Iginio,,87,49,1881 Capacelli - Il vero libro dei sogni
Ignazio,,71,49,1881 Capacelli - Il vero libro dei sogni
Ilario,,63,49,1881 Capacelli - Il vero libro dei sogni
Ilarione,,4,49,1881 Capacelli - Il vero libro dei sogni
Ilgerardo,,28,49,1881 Capacelli - Il vero libro dei sogni
Illuminata,,81,49,1881 Capacelli - Il vero libro dei sogni
Iltrude,,4,49,1881 Capacelli - Il vero libro dei sogni
Innocente,,1 6,49,1881 Capacelli - Il vero libro dei sogni
Innocenzo,,17,49,1881 Capacelli - Il vero libro dei sogni
Ippolito,,49 90,49,1881 Capacelli - Il vero libro dei sogni
Irene,,3 81,49,1881 Capacelli - Il vero libro dei sogni
Ireneo,,40,49,1881 Capacelli - Il vero libro dei sogni
Isabella,,17,49,1881 Capacelli - Il vero libro dei sogni
Isacco,,42,49,1881 Capacelli - Il vero libro dei sogni
Isaia,,4,49,1881 Capacelli - Il vero libro dei sogni
Isidoro,,55 69,49,1881 Capacelli - Il vero libro dei sogni
Ladislao,,37,50,1881 Capacelli - Il vero libro dei sogni
Lamberto,,8,50,1881 Capacelli - Il vero libro dei sogni
Landolfo,,56,50,1881 Capacelli - Il vero libro dei sogni
Lanfranco,,48,50,1881 Capacelli - Il vero libro dei sogni
Lattanzio,,83,50,1881 Capacelli - Il vero libro dei sogni
Lauro,,13,50,1881 Capacelli - Il vero libro dei sogni
Lazzaro,,41,50,1881 Capacelli - Il vero libro dei sogni
Leandro,,12 20,50,1881 Capacelli - Il vero libro dei sogni
Lelio,,6 75,50,1881 Capacelli - Il vero libro dei sogni
Leo,,65,50,1881 Capacelli - Il vero libro dei sogni
Leonardo,,50 80,50,1881 Capacelli - Il vero libro dei sogni
Leone,,21,50,1881 Capacelli - Il vero libro dei sogni
Leopoldo,,24 40,50,1881 Capacelli - Il vero libro dei sogni
Lepido,,74,50,1881 Capacelli - Il vero libro dei sogni
Letizia,,85,50,1881 Capacelli - Il vero libro dei sogni
Liberale,,57,50,1881 Capacelli - Il vero libro dei sogni
Liberata,,77,50,1881 Capacelli - Il vero libro dei sogni
Maccabei,,39,50,1881 Capacelli - Il vero libro dei sogni
Macario,,68,50,1881 Capacelli - Il vero libro dei sogni
Macedonio,,89,50,1881 Capacelli - Il vero libro dei sogni
Macrobio,,90,50,1881 Capacelli - Il vero libro dei sogni
Maddalena,,40,50,1881 Capacelli - Il vero libro dei sogni
Maggiorino,,57,50,1881 Capacelli - Il vero libro dei sogni
Magno,,89,50,1881 Capacelli - Il vero libro dei sogni
Mammete,,77,50,1881 Capacelli - Il vero libro dei sogni
Mansueto,,4 69,50,1881 Capacelli - Il vero libro dei sogni
Marciano,,69,50,1881 Capacelli - Il vero libro dei sogni
Marcellino,,9 32,50,1881 Capacelli - Il vero libro dei sogni
Marcello,,59 71,50,1881 Capacelli - Il vero libro dei sogni
Marco,,41 90,50,1881 Capacelli - Il vero libro dei sogni
Margherita,,3 90,50,1881 Capacelli - Il vero libro dei sogni
Maria,,26 29,50,1881 Capacelli - Il vero libro dei sogni
Liborio,,11,50,1881 Capacelli - Il vero libro dei sogni
Lino,,84,50,1881 Capacelli - Il vero libro dei sogni
Livia,,11,50,1881 Capacelli - Il vero libro dei sogni
Livinia,,5,50,1881 Capacelli - Il vero libro dei sogni
Lodovica,,68,50,1881 Capacelli - Il vero libro dei sogni
Lodovico,,74,50,1881 Capacelli - Il vero libro dei sogni
Lorenzo,,41,50,1881 Capacelli - Il vero libro dei sogni
Loreto,,50,50,1881 Capacelli - Il vero libro dei sogni
Luca,,58 69,50,1881 Capacelli - Il vero libro dei sogni
Lucia,,29 86,50,1881 Capacelli - Il vero libro dei sogni
Luciano,,36 75,50,1881 Capacelli - Il vero libro dei sogni
Lucilla,,80,50,1881 Capacelli - Il vero libro dei sogni
Lucio,,43,50,1881 Capacelli - Il vero libro dei sogni
Lucrezia,,26,50,1881 Capacelli - Il vero libro dei sogni
Luigi,,21,50,1881 Capacelli - Il vero libro dei sogni
Luigia,,31,50,1881 Capacelli - Il vero libro dei sogni
Lutgarde,,10,50,1881 Capacelli - Il vero libro dei sogni
Marianna,,74 81,50,1881 Capacelli - Il vero libro dei sogni
Marina,,80,50,1881 Capacelli - Il vero libro dei sogni
Mario,,28 29,50,1881 Capacelli - Il vero libro dei sogni
Marta,,25,50,1881 Capacelli - Il vero libro dei sogni
Martina,,23,50,1881 Capacelli - Il vero libro dei sogni
Martiniano,,18,50,1881 Capacelli - Il vero libro dei sogni
Martino,,40 81,50,1881 Capacelli - Il vero libro dei sogni
Martire,,34 75,50,1881 Capacelli - Il vero libro dei sogni
Marziano,,74,50,1881 Capacelli - Il vero libro dei sogni
Massiliano,,90,50,1881 Capacelli - Il vero libro dei sogni
Massimiliano,,56,50,1881 Capacelli - Il vero libro dei sogni
Massimo,,78 80,50,1881 Capacelli - Il vero libro dei sogni
Materno,,64,50,1881 Capacelli - Il vero libro dei sogni
Matilde,,28,50,1881 Capacelli - Il vero libro dei sogni
Matteo,,17 87,50,1881 Capacelli - Il vero libro dei sogni
Mattia,,4,51,1881 Capacelli - Il vero libro dei sogni
Maurizio,,89 90,51,1881 Capacelli - Il vero libro dei sogni
Mauro,,9,51,1881 Capacelli - Il vero libro dei sogni
Medardo,,15,51,1881 Capacelli - Il vero libro dei sogni
Melchiorre,,20 51,51,1881 Capacelli - Il vero libro dei sogni
Menandro,,11,51,1881 Capacelli - Il vero libro dei sogni
Naborre,,17 18,51,1881 Capacelli - Il vero libro dei sogni
Napoleone,,89,51,1881 Capacelli - Il vero libro dei sogni
Natale,,20 29,51,1881 Capacelli - Il vero libro dei sogni
Meandro,,54,51,1881 Capacelli - Il vero libro dei sogni
Niceforo,,73,51,1881 Capacelli - Il vero libro dei sogni
Nicodemo,,71 90,51,1881 Capacelli - Il vero libro dei sogni
Oberto,,22,51,1881 Capacelli - Il vero libro dei sogni
Odoardo,,19 20 90,51,1881 Capacelli - Il vero libro dei sogni
Ognissanti,,60,51,1881 Capacelli - Il vero libro dei sogni
Oliviero,,80,51,1881 Capacelli - Il vero libro dei sogni
Omobono,,15 81,51,1881 Capacelli - Il vero libro dei sogni
Onofrio,,3 72,51,1881 Capacelli - Il vero libro dei sogni
Onorio,,6,51,1881 Capacelli - Il vero libro dei sogni
Onorata,,16,51,1881 Capacelli - Il vero libro dei sogni
Onorato,,80,51,1881 Capacelli - Il vero libro dei sogni
Paciano,,12,51,1881 Capacelli - Il vero libro dei sogni
Pacifico,,38,51,1881 Capacelli - Il vero libro dei sogni
Pacomio,,11,51,1881 Capacelli - Il vero libro dei sogni
Palmazio,,51,51,1881 Capacelli - Il vero libro dei sogni
Palmira,,8 90,51,1881 Capacelli - Il vero libro dei sogni
Pancrazio,,51,51,1881 Capacelli - Il vero libro dei sogni
Pantaleone,,63,51,1881 Capacelli - Il vero libro dei sogni
Paola,,1 55,51,1881 Capacelli - Il vero libro dei sogni
Paolina,,78,51,1881 Capacelli - Il vero libro dei sogni
Michele,,38,51,1881 Capacelli - Il vero libro dei sogni
Modestino,,63,51,1881 Capacelli - Il vero libro dei sogni
Modesto,,22 41,51,1881 Capacelli - Il vero libro dei sogni
Mona,,90,51,1881 Capacelli - Il vero libro dei sogni
Monica,,9 90,51,1881 Capacelli - Il vero libro dei sogni
Mosè,,25,51,1881 Capacelli - Il vero libro dei sogni
Nicola,,81,51,1881 Capacelli - Il vero libro dei sogni
Nicolò,,80,51,1881 Capacelli - Il vero libro dei sogni
Nina,,82,51,1881 Capacelli - Il vero libro dei sogni
Ninetta,,64,51,1881 Capacelli - Il vero libro dei sogni
Noè,,5,51,1881 Capacelli - Il vero libro dei sogni
Norberto,,4,51,1881 Capacelli - Il vero libro dei sogni
Orazio,,10 65,51,1881 Capacelli - Il vero libro dei sogni
Orso,,21,51,1881 Capacelli - Il vero libro dei sogni
Orsola,,40,51,1881 Capacelli - Il vero libro dei sogni
Ortensia,,63,51,1881 Capacelli - Il vero libro dei sogni
Ottavia,,73,51,1881 Capacelli - Il vero libro dei sogni
Ottaviano,,26,51,1881 Capacelli - Il vero libro dei sogni
Ottavio,,22,51,1881 Capacelli - Il vero libro dei sogni
Ottimo,,66,51,1881 Capacelli - Il vero libro dei sogni
Ottone,,17,51,1881 Capacelli - Il vero libro dei sogni
Paolino,,79,51,1881 Capacelli - Il vero libro dei sogni
Paolo,,26 58,51,1881 Capacelli - Il vero libro dei sogni
Pasqua,,51,51,1881 Capacelli - Il vero libro dei sogni
Pasquale,,10 89,51,1881 Capacelli - Il vero libro dei sogni
Pasqualina,,31,51,1881 Capacelli - Il vero libro dei sogni
Pasquino,,17,51,1881 Capacelli - Il vero libro dei sogni
Passione,,39 90,51,1881 Capacelli - Il vero libro dei sogni
Patrizio,,4,51,1881 Capacelli - Il vero libro dei sogni
Pelagia,,71,51,1881 Capacelli - Il vero libro dei sogni
Pelagia,,51,52,1881 Capacelli - Il vero libro dei sogni
Pellegrino,,18 64,52,1881 Capacelli - Il vero libro dei sogni
Perpetua,,48 69,52,1881 Capacelli - Il vero libro dei sogni
Petronilla,,6 59,52,1881 Capacelli - Il vero libro dei sogni
Petronio,,16 12,52,1881 Capacelli - Il vero libro dei sogni
Pietro,,62,52,1881 Capacelli - Il vero libro dei sogni
Pio,,90,52,1881 Capacelli - Il vero libro dei sogni
Placida,,20,52,1881 Capacelli - Il vero libro dei sogni
Placido,,51,52,1881 Capacelli - Il vero libro dei sogni
Policarpo,,58,52,1881 Capacelli - Il vero libro dei sogni
Polidoro,,30,52,1881 Capacelli - Il vero libro dei sogni
Ponzio,,13 62,52,1881 Capacelli - Il vero libro dei sogni
Porfirio,,28 52,52,1881 Capacelli - Il vero libro dei sogni
Querenzio,,90,52,1881 Capacelli - Il vero libro dei sogni
Quintina,,76,52,1881 Capacelli - Il vero libro dei sogni
Quintino,,69,52,1881 Capacelli - Il vero libro dei sogni
Quinto,,62,52,1881 Capacelli - Il vero libro dei sogni
Rachele,,6,52,1881 Capacelli - Il vero libro dei sogni
Radegonda,,8,52,1881 Capacelli - Il vero libro dei sogni
Raffaele,,29 50,52,1881 Capacelli - Il vero libro dei sogni
Raguele S,,5,52,1881 Capacelli - Il vero libro dei sogni
Raimondo,,7 33,52,1881 Capacelli - Il vero libro dei sogni
Rinaldo,,24,52,1881 Capacelli - Il vero libro dei sogni
Ramiro,,16,52,1881 Capacelli - Il vero libro dei sogni
Ranuccio,,17,52,1881 Capacelli - Il vero libro dei sogni
Rebecca,,90,52,1881 Capacelli - Il vero libro dei sogni
Redenta,,7,52,1881 Capacelli - Il vero libro dei sogni
Regina,,18,52,1881 Capacelli - Il vero libro dei sogni
Remigio,,10,52,1881 Capacelli - Il vero libro dei sogni
Reparata,,4 9,52,1881 Capacelli - Il vero libro dei sogni
Respicio,,57,52,1881 Capacelli - Il vero libro dei sogni
Restituto,,33,52,1881 Capacelli - Il vero libro dei sogni
Porpora,,62,52,1881 Capacelli - Il vero libro dei sogni
Prassede,,29,52,1881 Capacelli - Il vero libro dei sogni
Primo,,31,52,1881 Capacelli - Il vero libro dei sogni
Prisca,,50,52,1881 Capacelli - Il vero libro dei sogni
Probo,,53,52,1881 Capacelli - Il vero libro dei sogni
Projetto,,58,52,1881 Capacelli - Il vero libro dei sogni
Prosdocimo,,7 11,52,1881 Capacelli - Il vero libro dei sogni
Prospero,,36 64,52,1881 Capacelli - Il vero libro dei sogni
Protasio,,39 50,52,1881 Capacelli - Il vero libro dei sogni
Proto,,85,52,1881 Capacelli - Il vero libro dei sogni
Prudenziana,,58,52,1881 Capacelli - Il vero libro dei sogni
Pulcheria,,48,52,1881 Capacelli - Il vero libro dei sogni
Purissima,,39,52,1881 Capacelli - Il vero libro dei sogni
Quintiliano,,46,52,1881 Capacelli - Il vero libro dei sogni
Quinziano,,50,52,1881 Capacelli - Il vero libro dei sogni
Quirico,,14 19,52,1881 Capacelli - Il vero libro dei sogni
Quirino,,57,52,1881 Capacelli - Il vero libro dei sogni
Riccardo,,67,52,1881 Capacelli - Il vero libro dei sogni
Rinalda,,40,52,1881 Capacelli - Il vero libro dei sogni
Rivocata,,40,52,1881 Capacelli - Il vero libro dei sogni
Roberto,,37,52,1881 Capacelli - Il vero libro dei sogni
Rocco,,16 33,52,1881 Capacelli - Il vero libro dei sogni
Rodolfo,,10,52,1881 Capacelli - Il vero libro dei sogni
Romana,,62,52,1881 Capacelli - Il vero libro dei sogni
Romano,,29,52,1881 Capacelli - Il vero libro dei sogni
Romualdo,,33,52,1881 Capacelli - Il vero libro dei sogni
Rosa,,64 76,52,1881 Capacelli - Il vero libro dei sogni
Rosalba,,87,52,1881 Capacelli - Il vero libro dei sogni
Rosalia,,79,52,1881 Capacelli - Il vero libro dei sogni
Rufflna,,89,52,1881 Capacelli - Il vero libro dei sogni
Rufflniano,,51,52,1881 Capacelli - Il vero libro dei sogni
Ruffino,,57,52,1881 Capacelli - Il vero libro dei sogni
Ruffo,,36,53,1881 Capacelli - Il vero libro dei sogni
Ruggiero,,60,53,1881 Capacelli - Il vero libro dei sogni
Ruperto,,42,53,1881 Capacelli - Il vero libro dei sogni
Saba,,53,53,1881 Capacelli - Il vero libro dei sogni
Sabina,,65,53,1881 Capacelli - Il vero libro dei sogni
Salomone,,17,53,1881 Capacelli - Il vero libro dei sogni
Salvatore,,34 42,53,1881 Capacelli - Il vero libro dei sogni
Samuele,,10,53,1881 Capacelli - Il vero libro dei sogni
Samaritana,,80,53,1881 Capacelli - Il vero libro dei sogni
Sansone,,19,53,1881 Capacelli - Il vero libro dei sogni
Santina,,10,53,1881 Capacelli - Il vero libro dei sogni
Santo,,18,53,1881 Capacelli - Il vero libro dei sogni
Satiro,,19 84,53,1881 Capacelli - Il vero libro dei sogni
Satiro,saturnino,27 83,53,1881 Capacelli - Il vero libro dei sogni
Saulle,,41,53,1881 Capacelli - Il vero libro dei sogni
Severino,,2,53,1881 Capacelli - Il vero libro dei sogni
Savina,,39,53,1881 Capacelli - Il vero libro dei sogni
Savino,,68,53,1881 Capacelli - Il vero libro dei sogni
Scipione,,62,53,1881 Capacelli - Il vero libro dei sogni
Scolastica,,76,53,1881 Capacelli - Il vero libro dei sogni
Sebastiano,,58 80,53,1881 Capacelli - Il vero libro dei sogni
Seconda,,61,53,1881 Capacelli - Il vero libro dei sogni
Secondo,,20 65,53,1881 Capacelli - Il vero libro dei sogni
Sempronio,,45,53,1881 Capacelli - Il vero libro dei sogni
Serafina,,36,53,1881 Capacelli - Il vero libro dei sogni
Serafino,,11,53,1881 Capacelli - Il vero libro dei sogni
Serapia,,14 58,53,1881 Capacelli - Il vero libro dei sogni
Taddeo,,51 72,53,1881 Capacelli - Il vero libro dei sogni
Tebalda,,26,53,1881 Capacelli - Il vero libro dei sogni
Tebaldo,,28,53,1881 Capacelli - Il vero libro dei sogni
Tecla,,15 72,53,1881 Capacelli - Il vero libro dei sogni
Tel Esforo,,40,53,1881 Capacelli - Il vero libro dei sogni
Rustica,,35,53,1881 Capacelli - Il vero libro dei sogni
Rustico,,50,53,1881 Capacelli - Il vero libro dei sogni
Rutilio,,32,53,1881 Capacelli - Il vero libro dei sogni
Sergio,,51,53,1881 Capacelli - Il vero libro dei sogni
Severa,,20,53,1881 Capacelli - Il vero libro dei sogni
Severino,,45,53,1881 Capacelli - Il vero libro dei sogni
Severo,,77,53,1881 Capacelli - Il vero libro dei sogni
Sigismondo,,43,53,1881 Capacelli - Il vero libro dei sogni
Silvestro,,31,53,1881 Capacelli - Il vero libro dei sogni
Silvio,,74,53,1881 Capacelli - Il vero libro dei sogni
Simeone,,22,53,1881 Capacelli - Il vero libro dei sogni
Simone,,21,53,1881 Capacelli - Il vero libro dei sogni
Simplicia,,9,53,1881 Capacelli - Il vero libro dei sogni
Simpliciano,,90,53,1881 Capacelli - Il vero libro dei sogni
Simplicio,,22,53,1881 Capacelli - Il vero libro dei sogni
Sinforosa,,39,53,1881 Capacelli - Il vero libro dei sogni
Siro,,28 52,53,1881 Capacelli - Il vero libro dei sogni
Sisinio,,22 55,53,1881 Capacelli - Il vero libro dei sogni
Sisto,,52,53,1881 Capacelli - Il vero libro dei sogni
Sotero,,19,53,1881 Capacelli - Il vero libro dei sogni
Spiridione,,71,53,1881 Capacelli - Il vero libro dei sogni
Spirito,,45 90,53,1881 Capacelli - Il vero libro dei sogni
Stanislao,,9 23,53,1881 Capacelli - Il vero libro dei sogni
Stefanella,,40,53,1881 Capacelli - Il vero libro dei sogni
Stefanino,,27,53,1881 Capacelli - Il vero libro dei sogni
Stefano,,4 47,53,1881 Capacelli - Il vero libro dei sogni
Susanna,,6 46,53,1881 Capacelli - Il vero libro dei sogni
Temistocle,,71,53,1881 Capacelli - Il vero libro dei sogni
Teobaldo,,28,53,1881 Capacelli - Il vero libro dei sogni
Teodolinda,,17,53,1881 Capacelli - Il vero libro dei sogni
Teodoro,,29 84,53,1881 Capacelli - Il vero libro dei sogni
Teofrasto,,7,53,1881 Capacelli - Il vero libro dei sogni
Terenzio,,26,54,1881 Capacelli - Il vero libro dei sogni
Tito,,26,54,1881 Capacelli - Il vero libro dei sogni
Teresa,,59,54,1881 Capacelli - Il vero libro dei sogni
Tiziano,,77,54,1881 Capacelli - Il vero libro dei sogni
Tiberio,,68,54,1881 Capacelli - Il vero libro dei sogni
Tobia,,62,54,1881 Capacelli - Il vero libro dei sogni
Tiburzio,,7 22,54,1881 Capacelli - Il vero libro dei sogni
Tomaso,,60 83,54,1881 Capacelli - Il vero libro dei sogni
Tigrino,,33,54,1881 Capacelli - Il vero libro dei sogni
Tranquillo,,4,54,1881 Capacelli - Il vero libro dei sogni
Timoteo,,1 51,54,1881 Capacelli - Il vero libro dei sogni
Tullio,,6,54,1881 Capacelli - Il vero libro dei sogni
Ubaldo,,12,54,1881 Capacelli - Il vero libro dei sogni
Ugoccione,,14,54,1881 Capacelli - Il vero libro dei sogni
Uberto,,24,54,1881 Capacelli - Il vero libro dei sogni
Ulrico,,80,54,1881 Capacelli - Il vero libro dei sogni
Ugo,,4,54,1881 Capacelli - Il vero libro dei sogni
Urbana,,26,54,1881 Capacelli - Il vero libro dei sogni
Ugone,,7,54,1881 Capacelli - Il vero libro dei sogni
Urbano,,23 90,54,1881 Capacelli - Il vero libro dei sogni
Valente,,62,54,1881 Capacelli - Il vero libro dei sogni
Veronica,,5 77,54,1881 Capacelli - Il vero libro dei sogni
Valentino,,52 73,54,1881 Capacelli - Il vero libro dei sogni
Virgilia,,45,54,1881 Capacelli - Il vero libro dei sogni
Valeria,,81,54,1881 Capacelli - Il vero libro dei sogni
Vincenzo,,58 80,54,1881 Capacelli - Il vero libro dei sogni
Valeriano,,21,54,1881 Capacelli - Il vero libro dei sogni
Virgilio,,55,54,1881 Capacelli - Il vero libro dei sogni
Valerio,,33,54,1881 Capacelli - Il vero libro dei sogni
Virginia,,77,54,1881 Capacelli - Il vero libro dei sogni
Vandome,,15,54,1881 Capacelli - Il vero libro dei sogni
Vitale,,6,54,1881 Capacelli - Il vero libro dei sogni
Vanetta,,2,54,1881 Capacelli - Il vero libro dei sogni
Vitaliano,,9,54,1881 Capacelli - Il vero libro dei sogni
Venanzio,,19,54,1881 Capacelli - Il vero libro dei sogni
Vito,,3,54,1881 Capacelli - Il vero libro dei sogni
Venceslao,,76,54,1881 Capacelli - Il vero libro dei sogni
Vittore,,52,54,1881 Capacelli - Il vero libro dei sogni
Venerando,,30,54,1881 Capacelli - Il vero libro dei sogni
Vittoria,,43 74,54,1881 Capacelli - Il vero libro dei sogni
Venerio,,11,54,1881 Capacelli - Il vero libro dei sogni
Vittorino,,37,54,1881 Capacelli - Il vero libro dei sogni
Ventura,,18,54,1881 Capacelli - Il vero libro dei sogni
Vittorio,,57,54,1881 Capacelli - Il vero libro dei sogni
Verbino,,4,54,1881 Capacelli - Il vero libro dei sogni
Volfango,,8,54,1881 Capacelli - Il vero libro dei sogni
Zaccaria,,3 67,54,1881 Capacelli - Il vero libro dei sogni
Zeno,,17,54,1881 Capacelli - Il vero libro dei sogni
Zacheo,,75,54,1881 Capacelli - Il vero libro dei sogni
Zenobia,,26,54,1881 Capacelli - Il vero libro dei sogni
Zefirino,,84,54,1881 Capacelli - Il vero libro dei sogni
Zenone,,9 38,54,1881 Capacelli - Il vero libro dei sogni
Abate Regolare,,43,55,1881 Capacelli - Il vero libro dei sogni
Abate Regolare,secolare,6,55,1881 Capacelli - Il vero libro dei sogni
Abate Regolare,qualunque,38,55,1881 Capacelli - Il vero libro dei sogni
Abati,,33 81,55,1881 Capacelli - Il vero libro dei sogni
Abatini,,38 81,55,1881 Capacelli - Il vero libro dei sogni
Abbaco,,22,55,1881 Capacelli - Il vero libro dei sogni
Abbachista,,69,55,1881 Capacelli - Il vero libro dei sogni
Abbadessa,,11 72,55,1881 Capacelli - Il vero libro dei sogni
Abbozzo,,62 70,55,1881 Capacelli - Il vero libro dei sogni
Abbraciamenti,,40,55,1881 Capacelli - Il vero libro dei sogni
Abbraciamento,,51,55,1881 Capacelli - Il vero libro dei sogni
Abbreviatura,,8,55,1881 Capacelli - Il vero libro dei sogni
Abbrevi Dito,,66,55,1881 Capacelli - Il vero libro dei sogni
Abbronzato,,85,55,1881 Capacelli - Il vero libro dei sogni
Abbrucciamenti,,55,55,1881 Capacelli - Il vero libro dei sogni
Abbrucciamento,,49,55,1881 Capacelli - Il vero libro dei sogni
Abbaiamento Di Cani Abbrustolito,,59,55,1881 Capacelli - Il vero libro dei sogni
Abbandonamento Abburattare,,33 75,55,1881 Capacelli - Il vero libro dei sogni
Abbandonare,,3 27,55,1881 Capacelli - Il vero libro dei sogni
Abbaruffamento,,51,55,1881 Capacelli - Il vero libro dei sogni
Abbattimento,,47 80,55,1881 Capacelli - Il vero libro dei sogni
Abbattuto,,38,55,1881 Capacelli - Il vero libro dei sogni
Abbazia,,53,55,1881 Capacelli - Il vero libro dei sogni
Abbellimento,,47,55,1881 Capacelli - Il vero libro dei sogni
Abbeverare,,8 89,55,1881 Capacelli - Il vero libro dei sogni
Abbeveratoio,,9,55,1881 Capacelli - Il vero libro dei sogni
Abbigliarsi,,14,55,1881 Capacelli - Il vero libro dei sogni
Abbigliato,,38,55,1881 Capacelli - Il vero libro dei sogni
Abbigliatura,,15,55,1881 Capacelli - Il vero libro dei sogni
Abboccamento,,26,55,1881 Capacelli - Il vero libro dei sogni
Abisso,,4,55,1881 Capacelli - Il vero libro dei sogni
Abiti Di Seta,,55,55,1881 Capacelli - Il vero libro dei sogni
Abiti Di Seta,ordinari,67,55,1881 Capacelli - Il vero libro dei sogni
Abiti Di Seta,sfarzosi,80,55,1881 Capacelli - Il vero libro dei sogni
Abiti Di Seta,divoti,8 25,55,1881 Capacelli - Il vero libro dei sogni
Abitino,,42,55,1881 Capacelli - Il vero libro dei sogni
Abito Semplice,,38,55,1881 Capacelli - Il vero libro dei sogni
Abito Semplice,guernito,11,55,1881 Capacelli - Il vero libro dei sogni
Abito Semplice,di lana,57,55,1881 Capacelli - Il vero libro dei sogni
Abito Semplice,di casa,38,55,1881 Capacelli - Il vero libro dei sogni
Abito Semplice,da lutto,75,55,1881 Capacelli - Il vero libro dei sogni
Abito Semplice,da prete,56,55,1881 Capacelli - Il vero libro dei sogni
Abbominabili Cose,di velluto,43 36,55,1881 Capacelli - Il vero libro dei sogni
Abbonamento,,11 79,55,1881 Capacelli - Il vero libro dei sogni
Abbondanza,,2,55,1881 Capacelli - Il vero libro dei sogni
Abbottonare,,85,55,1881 Capacelli - Il vero libro dei sogni
Abbottonarsi,,85,55,1881 Capacelli - Il vero libro dei sogni
Abbottonatura,,33,55,1881 Capacelli - Il vero libro dei sogni
Abbottonatura,da teatro,27,55,1881 Capacelli - Il vero libro dei sogni
Abbottonatura,da militare,40,55,1881 Capacelli - Il vero libro dei sogni
Aborti,,28,55,1881 Capacelli - Il vero libro dei sogni
Accademia,,75,56,1881 Capacelli - Il vero libro dei sogni
Accademia,di scienze,50,56,1881 Capacelli - Il vero libro dei sogni
Accademia,di arti,32,56,1881 Capacelli - Il vero libro dei sogni
Accademia,di musica,58,56,1881 Capacelli - Il vero libro dei sogni
Accademia,di comici,61,56,1881 Capacelli - Il vero libro dei sogni
Accademico,,56,56,1881 Capacelli - Il vero libro dei sogni
Accampamenti,,33,56,1881 Capacelli - Il vero libro dei sogni
Accarezzamenti,,78,56,1881 Capacelli - Il vero libro dei sogni
Accecare,e accecato,53,56,1881 Capacelli - Il vero libro dei sogni
Accender,fuoco,8 45,56,1881 Capacelli - Il vero libro dei sogni
Accender,la candela,15,56,1881 Capacelli - Il vero libro dei sogni
Accender,lumi,14,56,1881 Capacelli - Il vero libro dei sogni
Accennamenti,,66,56,1881 Capacelli - Il vero libro dei sogni
Accenza Di Sale O Ta,bacco,56 83,56,1881 Capacelli - Il vero libro dei sogni
Accetta,,8 73,56,1881 Capacelli - Il vero libro dei sogni
Acciajo,,57,56,1881 Capacelli - Il vero libro dei sogni
Accidente Di Cose,,82,56,1881 Capacelli - Il vero libro dei sogni
Accidente Di Cose,apopletico,34,56,1881 Capacelli - Il vero libro dei sogni
Acciuffam Ento,,78,56,1881 Capacelli - Il vero libro dei sogni
Acclamazione,,21,56,1881 Capacelli - Il vero libro dei sogni
Accoglimento Favore Vole,,18,56,1881 Capacelli - Il vero libro dei sogni
Accoglimento Favore Vole,disgraziato,45 81,56,1881 Capacelli - Il vero libro dei sogni
Accozzamento,,16,56,1881 Capacelli - Il vero libro dei sogni
Accrescimento,,57,56,1881 Capacelli - Il vero libro dei sogni
Accumulare,,80,56,1881 Capacelli - Il vero libro dei sogni
Accusa,,29,56,1881 Capacelli - Il vero libro dei sogni
Accusatori,,25,56,1881 Capacelli - Il vero libro dei sogni
Accusati,,27,56,1881 Capacelli - Il vero libro dei sogni
Acerbezza,,1,56,1881 Capacelli - Il vero libro dei sogni
Acetaro,,8,56,1881 Capacelli - Il vero libro dei sogni
Aceto Bianco,,8 83,56,1881 Capacelli - Il vero libro dei sogni
Aceto Bianco,rosso,17,56,1881 Capacelli - Il vero libro dei sogni
Acqua Lambiccata,,17,56,1881 Capacelli - Il vero libro dei sogni
Acqua Lambiccata,calda,27,56,1881 Capacelli - Il vero libro dei sogni
Acqua Lambiccata,chiara,1 26,56,1881 Capacelli - Il vero libro dei sogni
Acqua,di cedro,78,56,1881 Capacelli - Il vero libro dei sogni
Acqua,corrente,45,56,1881 Capacelli - Il vero libro dei sogni
Acqua,della Regina,2,56,1881 Capacelli - Il vero libro dei sogni
Acqua,forte,32,56,1881 Capacelli - Il vero libro dei sogni
Acqua,medicinale,85,56,1881 Capacelli - Il vero libro dei sogni
Acqua,morta,4 36,56,1881 Capacelli - Il vero libro dei sogni
Acqua,stagnante,90,56,1881 Capacelli - Il vero libro dei sogni
Acqua,teriacale,29,56,1881 Capacelli - Il vero libro dei sogni
Acqua,torbida,62,56,1881 Capacelli - Il vero libro dei sogni
Acqua,verde,50,56,1881 Capacelli - Il vero libro dei sogni
Acqua,qualunque,39,56,1881 Capacelli - Il vero libro dei sogni
Acquaio,,72,56,1881 Capacelli - Il vero libro dei sogni
Acquavitaro,,22 52 85,56,1881 Capacelli - Il vero libro dei sogni
Acque Odorifere,,78,56,1881 Capacelli - Il vero libro dei sogni
Acquedotto,,51,56,1881 Capacelli - Il vero libro dei sogni
Acquisto,,18,56,1881 Capacelli - Il vero libro dei sogni
Acquisto,di beni,6,56,1881 Capacelli - Il vero libro dei sogni
Adamo,,1,56,1881 Capacelli - Il vero libro dei sogni
Adiramento,,6,56,1881 Capacelli - Il vero libro dei sogni
Addimandare,,20,56,1881 Capacelli - Il vero libro dei sogni
Addimandare,grazie,30,56,1881 Capacelli - Il vero libro dei sogni
Additare,,4,56,1881 Capacelli - Il vero libro dei sogni
Addobbare,,58,56,1881 Capacelli - Il vero libro dei sogni
Addobbo,,5 77,56,1881 Capacelli - Il vero libro dei sogni
Addolorarsi,,89,56,1881 Capacelli - Il vero libro dei sogni
Addoppiare,,47,56,1881 Capacelli - Il vero libro dei sogni
Addormentarsi,,4 18,56,1881 Capacelli - Il vero libro dei sogni
Addormentato,,20,56,1881 Capacelli - Il vero libro dei sogni
Adocchiamento,,24,56,1881 Capacelli - Il vero libro dei sogni
Adescamento,,20,56,1881 Capacelli - Il vero libro dei sogni
Adone,,15 25,56,1881 Capacelli - Il vero libro dei sogni
Adorar Statue,,4 65,56,1881 Capacelli - Il vero libro dei sogni
Adorazione,,4 55,56,1881 Capacelli - Il vero libro dei sogni
Adornamento,,18,56,1881 Capacelli - Il vero libro dei sogni
Adottazione,,6,56,1881 Capacelli - Il vero libro dei sogni
Adozione Ed Adottare,,6,56,1881 Capacelli - Il vero libro dei sogni
Adulatore,,35,56,1881 Capacelli - Il vero libro dei sogni
Adulazione,,11,57,1881 Capacelli - Il vero libro dei sogni
Adulterio,,35 27,57,1881 Capacelli - Il vero libro dei sogni
Adultero,,4 89,57,1881 Capacelli - Il vero libro dei sogni
Adunanza,,44,57,1881 Capacelli - Il vero libro dei sogni
Affabilità,,55,57,1881 Capacelli - Il vero libro dei sogni
Affacciarsi Al Baie,,57,57,1881 Capacelli - Il vero libro dei sogni
Affacciarsi Al Baie,all'uscio,80,57,1881 Capacelli - Il vero libro dei sogni
Affamato,,74,57,1881 Capacelli - Il vero libro dei sogni
Affinamento,,88,57,1881 Capacelli - Il vero libro dei sogni
Affanno Ed Affannato,,5,57,1881 Capacelli - Il vero libro dei sogni
"Affari, Fare Affari",,16 38,57,1881 Capacelli - Il vero libro dei sogni
Affaticamento,,17,57,1881 Capacelli - Il vero libro dei sogni
Affettar Carne,,55,57,1881 Capacelli - Il vero libro dei sogni
Affettar Carne,pane,89,57,1881 Capacelli - Il vero libro dei sogni
Affettar Carne,salame,66,57,1881 Capacelli - Il vero libro dei sogni
Affetto Qualunque,,69,57,1881 Capacelli - Il vero libro dei sogni
Affiggere,,51,57,1881 Capacelli - Il vero libro dei sogni
Affitto Di Casa,,51,57,1881 Capacelli - Il vero libro dei sogni
Affitto Di Casa,di mobili,37,57,1881 Capacelli - Il vero libro dei sogni
Affitto Di Casa,di beni,60,57,1881 Capacelli - Il vero libro dei sogni
Afflitto,,51,57,1881 Capacelli - Il vero libro dei sogni
Afflizione,,17 78,57,1881 Capacelli - Il vero libro dei sogni
Affogare,,2,57,1881 Capacelli - Il vero libro dei sogni
Affogato,,13,57,1881 Capacelli - Il vero libro dei sogni
Affondamento,,5,57,1881 Capacelli - Il vero libro dei sogni
Affrettamento,,90,57,1881 Capacelli - Il vero libro dei sogni
Affricauo,,1,57,1881 Capacelli - Il vero libro dei sogni
Affrontamento,,47,57,1881 Capacelli - Il vero libro dei sogni
Affronto Qual,,12 22,57,1881 Capacelli - Il vero libro dei sogni
Affumicato,,57,57,1881 Capacelli - Il vero libro dei sogni
Agghiacciare,,9,57,1881 Capacelli - Il vero libro dei sogni
Aggiustamento,,15,57,1881 Capacelli - Il vero libro dei sogni
Aggomitolare,,39,57,1881 Capacelli - Il vero libro dei sogni
Aggrinzamento Di Den,ti o di volto,39,57,1881 Capacelli - Il vero libro dei sogni
Aghi Da Busti,,61,57,1881 Capacelli - Il vero libro dei sogni
Aghi Da Busti,da cucire,1,57,1881 Capacelli - Il vero libro dei sogni
Aghi Da Busti,d'oro,1,57,1881 Capacelli - Il vero libro dei sogni
Agire Nelle Cause £,,5,57,1881 Capacelli - Il vero libro dei sogni
Agitato,,82,57,1881 Capacelli - Il vero libro dei sogni
Agliata,,86,57,1881 Capacelli - Il vero libro dei sogni
Aglietti Freschi,,41,57,1881 Capacelli - Il vero libro dei sogni
Aglio,,37 86,57,1881 Capacelli - Il vero libro dei sogni
Aglio,ed agli,3,57,1881 Capacelli - Il vero libro dei sogni
Aglio,secco,40,57,1881 Capacelli - Il vero libro dei sogni
Agnellaro,,81,57,1881 Capacelli - Il vero libro dei sogni
Agnelli,,1 56,57,1881 Capacelli - Il vero libro dei sogni
Agnello,,5 55,57,1881 Capacelli - Il vero libro dei sogni
Agnoletti,,11 83,57,1881 Capacelli - Il vero libro dei sogni
Agnus,,86,57,1881 Capacelli - Il vero libro dei sogni
Agonia,,67,57,1881 Capacelli - Il vero libro dei sogni
Agoraio,,31,57,1881 Capacelli - Il vero libro dei sogni
Agresto,,7 71,57,1881 Capacelli - Il vero libro dei sogni
Agricoltore,,35,57,1881 Capacelli - Il vero libro dei sogni
Agricoltura,,12,57,1881 Capacelli - Il vero libro dei sogni
Agrimensore,,75,57,1881 Capacelli - Il vero libro dei sogni
Agro Di Cedro,,10,57,1881 Capacelli - Il vero libro dei sogni
Agro Di Cedro,di limone,2,57,1881 Capacelli - Il vero libro dei sogni
Agrumi,,41,57,1881 Capacelli - Il vero libro dei sogni
Aguglie Di Pesci,,73,57,1881 Capacelli - Il vero libro dei sogni
Aguti,,11,57,1881 Capacelli - Il vero libro dei sogni
"Airone, Uccello",,76,57,1881 Capacelli - Il vero libro dei sogni
Aja,,32,57,1881 Capacelli - Il vero libro dei sogni
Ajo Ed Aja,,52,57,1881 Capacelli - Il vero libro dei sogni
Ajutamento,,26,57,1881 Capacelli - Il vero libro dei sogni
Ajuto,,9,57,1881 Capacelli - Il vero libro dei sogni
Ala,ed ale,76,57,1881 Capacelli - Il vero libro dei sogni
Alabarde,,46,57,1881 Capacelli - Il vero libro dei sogni
Alabardiere,,27,57,1881 Capacelli - Il vero libro dei sogni
Alabastro,,24,57,1881 Capacelli - Il vero libro dei sogni
Alamari,,10,57,1881 Capacelli - Il vero libro dei sogni
Alamari,d'argento,40,57,1881 Capacelli - Il vero libro dei sogni
Alamari,di seta,50,57,1881 Capacelli - Il vero libro dei sogni
Alba,,5 75,58,1881 Capacelli - Il vero libro dei sogni
Alloro,,90,58,1881 Capacelli - Il vero libro dei sogni
Albera,,85 86,58,1881 Capacelli - Il vero libro dei sogni
Allottare,,40,58,1881 Capacelli - Il vero libro dei sogni
Alberello Qualunque Allungamento,,63,58,1881 Capacelli - Il vero libro dei sogni
Alberetta,,27,58,1881 Capacelli - Il vero libro dei sogni
Albergamene,,80,58,1881 Capacelli - Il vero libro dei sogni
Albergante,,5,58,1881 Capacelli - Il vero libro dei sogni
Albergatore,,5 24,58,1881 Capacelli - Il vero libro dei sogni
Albergatori,,36,58,1881 Capacelli - Il vero libro dei sogni
Alberges Frutto,,9,58,1881 Capacelli - Il vero libro dei sogni
Albergo,,30,58,1881 Capacelli - Il vero libro dei sogni
Alberi,,10 40,58,1881 Capacelli - Il vero libro dei sogni
Alberi,di nave,48,58,1881 Capacelli - Il vero libro dei sogni
Alberi,fioriti,41 64,58,1881 Capacelli - Il vero libro dei sogni
Alberi,folti,88,58,1881 Capacelli - Il vero libro dei sogni
Alberi,con frutti,11 43,58,1881 Capacelli - Il vero libro dei sogni
Almanacco Aloè,,75,58,1881 Capacelli - Il vero libro dei sogni
Alpe,,20,58,1881 Capacelli - Il vero libro dei sogni
Altare,,56,58,1881 Capacelli - Il vero libro dei sogni
Altare,parato,66,58,1881 Capacelli - Il vero libro dei sogni
Altari,,37,58,1881 Capacelli - Il vero libro dei sogni
Altarino,,48,58,1881 Capacelli - Il vero libro dei sogni
Altercazione,,56,58,1881 Capacelli - Il vero libro dei sogni
Alterigia,,7,58,1881 Capacelli - Il vero libro dei sogni
Altezza,,90,58,1881 Capacelli - Il vero libro dei sogni
Alto,,39 89,58,1881 Capacelli - Il vero libro dei sogni
Alveare,,53,58,1881 Capacelli - Il vero libro dei sogni
Albero Qualunque Amandorle Dolci,,65 85,58,1881 Capacelli - Il vero libro dei sogni
Albicocchi,,60 86,58,1881 Capacelli - Il vero libro dei sogni
Albicocco,,61,58,1881 Capacelli - Il vero libro dei sogni
Alchimia,,77,58,1881 Capacelli - Il vero libro dei sogni
Alfiere,,4,58,1881 Capacelli - Il vero libro dei sogni
Alga,,20,58,1881 Capacelli - Il vero libro dei sogni
Alice Salato,,17,58,1881 Capacelli - Il vero libro dei sogni
Allambicco,,8 42,58,1881 Capacelli - Il vero libro dei sogni
Allargamento,,10,58,1881 Capacelli - Il vero libro dei sogni
Allarme,,5 33,58,1881 Capacelli - Il vero libro dei sogni
Allattare,,13,58,1881 Capacelli - Il vero libro dei sogni
Allea,,61,58,1881 Capacelli - Il vero libro dei sogni
Allegra,,39 56,58,1881 Capacelli - Il vero libro dei sogni
Allegrezza,,48 49,58,1881 Capacelli - Il vero libro dei sogni
Allegri,,39 72,58,1881 Capacelli - Il vero libro dei sogni
Allegro,,47 88,58,1881 Capacelli - Il vero libro dei sogni
Allevatrice,,25 48,58,1881 Capacelli - Il vero libro dei sogni
Allievo,,1,58,1881 Capacelli - Il vero libro dei sogni
Allocco,,2,58,1881 Capacelli - Il vero libro dei sogni
Allodole,,27,58,1881 Capacelli - Il vero libro dei sogni
Alloggio,,29 50,58,1881 Capacelli - Il vero libro dei sogni
Allontanamento,,23,58,1881 Capacelli - Il vero libro dei sogni
Allontanamento,amare,17 38,58,1881 Capacelli - Il vero libro dei sogni
Amandorlini,,60,58,1881 Capacelli - Il vero libro dei sogni
Amanti,,13,58,1881 Capacelli - Il vero libro dei sogni
"Amaranti, Fiori",,15,58,1881 Capacelli - Il vero libro dei sogni
Amaranto,,5,58,1881 Capacelli - Il vero libro dei sogni
Amareggiare,,20,58,1881 Capacelli - Il vero libro dei sogni
Amare Alcuno,,26,58,1881 Capacelli - Il vero libro dei sogni
Amarezza,,16,58,1881 Capacelli - Il vero libro dei sogni
Amatista Gioia,,15,58,1881 Capacelli - Il vero libro dei sogni
Amazzoni,,61,58,1881 Capacelli - Il vero libro dei sogni
Ambasciata,,10,58,1881 Capacelli - Il vero libro dei sogni
Ambasciatore,,10 38,58,1881 Capacelli - Il vero libro dei sogni
Ambasciatori,,19,58,1881 Capacelli - Il vero libro dei sogni
Ambascia Dolore,,24,58,1881 Capacelli - Il vero libro dei sogni
Ambiente,,84,58,1881 Capacelli - Il vero libro dei sogni
Ambizione,,52,58,1881 Capacelli - Il vero libro dei sogni
Ambo Giocare,,40,58,1881 Capacelli - Il vero libro dei sogni
Ambo Vincere,,45,59,1881 Capacelli - Il vero libro dei sogni
Ambo Vincere,sognare di guada gnare,14 27,59,1881 Capacelli - Il vero libro dei sogni
Ambra,,4,59,1881 Capacelli - Il vero libro dei sogni
Ambretto,,52,59,1881 Capacelli - Il vero libro dei sogni
Ambrosia,,49,59,1881 Capacelli - Il vero libro dei sogni
Americano,,18,59,1881 Capacelli - Il vero libro dei sogni
Amici,,1,59,1881 Capacelli - Il vero libro dei sogni
Amicizia Rifatta,,17,59,1881 Capacelli - Il vero libro dei sogni
Amico,,27,59,1881 Capacelli - Il vero libro dei sogni
Amido,,6,59,1881 Capacelli - Il vero libro dei sogni
Amitto,,14 79,59,1881 Capacelli - Il vero libro dei sogni
Ammaccato,,32,59,1881 Capacelli - Il vero libro dei sogni
Ammaccatura,,32,59,1881 Capacelli - Il vero libro dei sogni
Ammalati,,37,59,1881 Capacelli - Il vero libro dei sogni
Ammalato,,26,59,1881 Capacelli - Il vero libro dei sogni
Ammanto,,72,59,1881 Capacelli - Il vero libro dei sogni
Ammazzamenti,,61,59,1881 Capacelli - Il vero libro dei sogni
Anaci Mondi,,10,59,1881 Capacelli - Il vero libro dei sogni
Anaci Mondi,confettati,30,59,1881 Capacelli - Il vero libro dei sogni
"Analisi, Analizzare",,9 44,59,1881 Capacelli - Il vero libro dei sogni
Anatomia,,3,59,1881 Capacelli - Il vero libro dei sogni
Anchiode,,41,59,1881 Capacelli - Il vero libro dei sogni
Ancora,,58,59,1881 Capacelli - Il vero libro dei sogni
Ancora,di vascello,53,59,1881 Capacelli - Il vero libro dei sogni
Ancudine,,3 33,59,1881 Capacelli - Il vero libro dei sogni
Andar A Trovar Pers,,49,59,1881 Capacelli - Il vero libro dei sogni
Andar A Trovar Pers,a letto,32 67,59,1881 Capacelli - Il vero libro dei sogni
Andito,,51,59,1881 Capacelli - Il vero libro dei sogni
Andrienne,,35,59,1881 Capacelli - Il vero libro dei sogni
Andrienne,di stoffa,42,59,1881 Capacelli - Il vero libro dei sogni
Anella,,26 56,59,1881 Capacelli - Il vero libro dei sogni
Anelli,,10 57,59,1881 Capacelli - Il vero libro dei sogni
Anelli,da cucire,27,59,1881 Capacelli - Il vero libro dei sogni
Anello Solo,,10 29,59,1881 Capacelli - Il vero libro dei sogni
Anemoni Fiori,,14,59,1881 Capacelli - Il vero libro dei sogni
Anfiteatro,,55,59,1881 Capacelli - Il vero libro dei sogni
Ammazzare,,57,59,1881 Capacelli - Il vero libro dei sogni
Ammenda Pecuniaria Angarie,,3,59,1881 Capacelli - Il vero libro dei sogni
Ammirar Qual Cosa Angelo,,2,59,1881 Capacelli - Il vero libro dei sogni
Ammobiliare,,58,59,1881 Capacelli - Il vero libro dei sogni
Angue Serpente,,30,59,1881 Capacelli - Il vero libro dei sogni
Ammolatore O Moietta Anguilla,nell'acqua,50,59,1881 Capacelli - Il vero libro dei sogni
Anguille Molte,,75 77,59,1881 Capacelli - Il vero libro dei sogni
Ammucchiare Argento Anguisiole Pesce,,15,59,1881 Capacelli - Il vero libro dei sogni
Ammucchiare Argento Anguisiole Pesce,o beni,17 42,59,1881 Capacelli - Il vero libro dei sogni
Angurie,,60,59,1881 Capacelli - Il vero libro dei sogni
Ammuttinamento,,59,59,1881 Capacelli - Il vero libro dei sogni
Anima,,81,59,1881 Capacelli - Il vero libro dei sogni
Ammutolito,,10,59,1881 Capacelli - Il vero libro dei sogni
Amo Da Pescare,,23,59,1881 Capacelli - Il vero libro dei sogni
Amore,,6 32,59,1881 Capacelli - Il vero libro dei sogni
Amorosi,,19,59,1881 Capacelli - Il vero libro dei sogni
Amorosa,,78,59,1881 Capacelli - Il vero libro dei sogni
Amoroso,,27 63,59,1881 Capacelli - Il vero libro dei sogni
Amorotti,,4 43,59,1881 Capacelli - Il vero libro dei sogni
"Ampolla, Frutto",,65,59,1881 Capacelli - Il vero libro dei sogni
"Ampolla, Frutto",qualunque,19,59,1881 Capacelli - Il vero libro dei sogni
Amenusarsi,,53,59,1881 Capacelli - Il vero libro dei sogni
Amenusarsi,da bottone,51,59,1881 Capacelli - Il vero libro dei sogni
Animale Qualunq,,22 80,59,1881 Capacelli - Il vero libro dei sogni
Animelle,,51,59,1881 Capacelli - Il vero libro dei sogni
Anitra,,17 72,59,1881 Capacelli - Il vero libro dei sogni
Anitre,,75,59,1881 Capacelli - Il vero libro dei sogni
Annientamento,,18,59,1881 Capacelli - Il vero libro dei sogni
Annaspare,,14,59,1881 Capacelli - Il vero libro dei sogni
Annegare,,2,59,1881 Capacelli - Il vero libro dei sogni
Annegato,,88,59,1881 Capacelli - Il vero libro dei sogni
Anno,,40,59,1881 Capacelli - Il vero libro dei sogni
Anno,bisestile,20,60,1881 Capacelli - Il vero libro dei sogni
Anno,i- santo,36,60,1881 Capacelli - Il vero libro dei sogni
Annodamento,,66 67,60,1881 Capacelli - Il vero libro dei sogni
Annodare,,80,60,1881 Capacelli - Il vero libro dei sogni
Antenna,,39,60,1881 Capacelli - Il vero libro dei sogni
Anticamera,,26,60,1881 Capacelli - Il vero libro dei sogni
Antichità,,10,60,1881 Capacelli - Il vero libro dei sogni
Antidoto,,65,60,1881 Capacelli - Il vero libro dei sogni
Antimonio,,71,60,1881 Capacelli - Il vero libro dei sogni
Antiporto,,48,60,1881 Capacelli - Il vero libro dei sogni
Antiquario,,6,60,1881 Capacelli - Il vero libro dei sogni
Ape Sola,,34,60,1881 Capacelli - Il vero libro dei sogni
Api Da Miele O Da Cera,vedi Pecchie,3 80,60,1881 Capacelli - Il vero libro dei sogni
Apoplessia,,71,60,1881 Capacelli - Il vero libro dei sogni
Apopletico,,14,60,1881 Capacelli - Il vero libro dei sogni
Apostolo,,75,60,1881 Capacelli - Il vero libro dei sogni
Apostoli,,16,60,1881 Capacelli - Il vero libro dei sogni
Appaltatori Od Impre,sari,64,60,1881 Capacelli - Il vero libro dei sogni
Appalto Od Impresa,,72,60,1881 Capacelli - Il vero libro dei sogni
Apparato,,31 83,60,1881 Capacelli - Il vero libro dei sogni
Apparecchio,,29,60,1881 Capacelli - Il vero libro dei sogni
Apparizione,,47,60,1881 Capacelli - Il vero libro dei sogni
Appartamento,,18,60,1881 Capacelli - Il vero libro dei sogni
Appartamento,non mobigliato,18,60,1881 Capacelli - Il vero libro dei sogni
Appiccagnolo,,74,60,1881 Capacelli - Il vero libro dei sogni
Appiccato,,72,60,1881 Capacelli - Il vero libro dei sogni
Apprendere A Memo Ria,,21,60,1881 Capacelli - Il vero libro dei sogni
Apprendimento,,16 49,60,1881 Capacelli - Il vero libro dei sogni
Aquila,,11,60,1881 Capacelli - Il vero libro dei sogni
Aquile,,33,60,1881 Capacelli - Il vero libro dei sogni
Arabi,,90,60,1881 Capacelli - Il vero libro dei sogni
Arancio O Portogallo,,8,60,1881 Capacelli - Il vero libro dei sogni
Aragno,,30,60,1881 Capacelli - Il vero libro dei sogni
Aragnata,,30 61,60,1881 Capacelli - Il vero libro dei sogni
Arare La Terra,,40 60,60,1881 Capacelli - Il vero libro dei sogni
Aratore,,46,60,1881 Capacelli - Il vero libro dei sogni
Aratrice,,82,60,1881 Capacelli - Il vero libro dei sogni
Aratro,,3,60,1881 Capacelli - Il vero libro dei sogni
Arbitrario,,39,60,1881 Capacelli - Il vero libro dei sogni
Arbitro,,78,60,1881 Capacelli - Il vero libro dei sogni
Archibasiere,,17 34,60,1881 Capacelli - Il vero libro dei sogni
Archibusiere,,25 28,60,1881 Capacelli - Il vero libro dei sogni
Archibuso,,27 37,60,1881 Capacelli - Il vero libro dei sogni
Architetto,,1 29,60,1881 Capacelli - Il vero libro dei sogni
Architettura,,55 77,60,1881 Capacelli - Il vero libro dei sogni
Architrave,,33,60,1881 Capacelli - Il vero libro dei sogni
Archivio,,77,60,1881 Capacelli - Il vero libro dei sogni
Archivista,,38,60,1881 Capacelli - Il vero libro dei sogni
Arciere O Arcieri,,11,60,1881 Capacelli - Il vero libro dei sogni
Arcivescovo,,60,60,1881 Capacelli - Il vero libro dei sogni
Arco,,35 53,60,1881 Capacelli - Il vero libro dei sogni
Arcobaleno,,44,60,1881 Capacelli - Il vero libro dei sogni
Arcolaio,,90,60,1881 Capacelli - Il vero libro dei sogni
Arco Trionfate,,13,60,1881 Capacelli - Il vero libro dei sogni
Ardire,,61,60,1881 Capacelli - Il vero libro dei sogni
Arena,,22 90,60,1881 Capacelli - Il vero libro dei sogni
Argano,,15,60,1881 Capacelli - Il vero libro dei sogni
Argenteria,,5 53,60,1881 Capacelli - Il vero libro dei sogni
Argenti,,5 47 62,60,1881 Capacelli - Il vero libro dei sogni
Argenterie,,18 63,60,1881 Capacelli - Il vero libro dei sogni
Argentieri,,63,60,1881 Capacelli - Il vero libro dei sogni
Argento,,51 24 47,60,1881 Capacelli - Il vero libro dei sogni
Argento,vivo,25 64,60,1881 Capacelli - Il vero libro dei sogni
Argilla,,28 66,60,1881 Capacelli - Il vero libro dei sogni
Argine,,1,60,1881 Capacelli - Il vero libro dei sogni
Argomento,,8 10,60,1881 Capacelli - Il vero libro dei sogni
Aria,,16,60,1881 Capacelli - Il vero libro dei sogni
Aria,calda,7,60,1881 Capacelli - Il vero libro dei sogni
Aringhe Fresche,,60,60,1881 Capacelli - Il vero libro dei sogni
Aringhe Fresche,salate,81 70,60,1881 Capacelli - Il vero libro dei sogni
Aritmetica,,82,61,1881 Capacelli - Il vero libro dei sogni
Arrostire,,63,61,1881 Capacelli - Il vero libro dei sogni
Aritmetico,,68,61,1881 Capacelli - Il vero libro dei sogni
Arrosto,,1,61,1881 Capacelli - Il vero libro dei sogni
Arlecchino,,68,61,1881 Capacelli - Il vero libro dei sogni
Arrotatore,,39 57,61,1881 Capacelli - Il vero libro dei sogni
Arlecc,e scapino Arrotatura,21 83,61,1881 Capacelli - Il vero libro dei sogni
Arma,,51,61,1881 Capacelli - Il vero libro dei sogni
Arselle,,60,61,1881 Capacelli - Il vero libro dei sogni
Armadio,,49,61,1881 Capacelli - Il vero libro dei sogni
Arsenale,,81,61,1881 Capacelli - Il vero libro dei sogni
Armadio Con Lingeria Arsenico,,72,61,1881 Capacelli - Il vero libro dei sogni
Armadio Da Panni,,84,61,1881 Capacelli - Il vero libro dei sogni
Arsura,,10,61,1881 Capacelli - Il vero libro dei sogni
Armata Num,,29 38,61,1881 Capacelli - Il vero libro dei sogni
Arte Qualunque,,18,61,1881 Capacelli - Il vero libro dei sogni
Armata Qualunque,,63,61,1881 Capacelli - Il vero libro dei sogni
Artefice,,80,61,1881 Capacelli - Il vero libro dei sogni
Armati,,70 79,61,1881 Capacelli - Il vero libro dei sogni
Arteria,,69,61,1881 Capacelli - Il vero libro dei sogni
Armatura,,48,61,1881 Capacelli - Il vero libro dei sogni
Articiocchi,,40 80,61,1881 Capacelli - Il vero libro dei sogni
Armatura Di Ferro,,83,61,1881 Capacelli - Il vero libro dei sogni
Articiocco,,58,61,1881 Capacelli - Il vero libro dei sogni
Armatura Di Fabbrica Artificiale,,27 65,61,1881 Capacelli - Il vero libro dei sogni
"Arme, Stemma",,42,61,1881 Capacelli - Il vero libro dei sogni
Artificio,,62,61,1881 Capacelli - Il vero libro dei sogni
Armellini,,20,61,1881 Capacelli - Il vero libro dei sogni
Artiglieria,,18,61,1881 Capacelli - Il vero libro dei sogni
Armellino Animale,,69,61,1881 Capacelli - Il vero libro dei sogni
Artista Ed Artisti,,82,61,1881 Capacelli - Il vero libro dei sogni
"Armellino, Frutto",,10,61,1881 Capacelli - Il vero libro dei sogni
Armeni,,60,61,1881 Capacelli - Il vero libro dei sogni
Armeni,chieri,5,61,1881 Capacelli - Il vero libro dei sogni
Armenti,,66 69,61,1881 Capacelli - Il vero libro dei sogni
Arzilla,,34,61,1881 Capacelli - Il vero libro dei sogni
Armento,,80,61,1881 Capacelli - Il vero libro dei sogni
Ascia,,27,61,1881 Capacelli - Il vero libro dei sogni
Armeria,,46,61,1881 Capacelli - Il vero libro dei sogni
Ascendimelo,,50,61,1881 Capacelli - Il vero libro dei sogni
Armi,,63,61,1881 Capacelli - Il vero libro dei sogni
Asciugamento,,40,61,1881 Capacelli - Il vero libro dei sogni
"Arno, Fiume",,10,61,1881 Capacelli - Il vero libro dei sogni
Ascoltamento,,29,61,1881 Capacelli - Il vero libro dei sogni
Aromati,,16,61,1881 Capacelli - Il vero libro dei sogni
Asiatico,,46,61,1881 Capacelli - Il vero libro dei sogni
Arpia,,25,61,1881 Capacelli - Il vero libro dei sogni
Asilo,,36 39,61,1881 Capacelli - Il vero libro dei sogni
Arpioni,,1,61,1881 Capacelli - Il vero libro dei sogni
Asina,,26,61,1881 Capacelli - Il vero libro dei sogni
Arrabbiato,,26,61,1881 Capacelli - Il vero libro dei sogni
Asina Pregna,,65,61,1881 Capacelli - Il vero libro dei sogni
Arredi Sacri,,60,61,1881 Capacelli - Il vero libro dei sogni
Asini Molti,,67,61,1881 Capacelli - Il vero libro dei sogni
"Arringare, Disputare Asino",,40 3 64,61,1881 Capacelli - Il vero libro dei sogni
Arrotar Soldati,,73,61,1881 Capacelli - Il vero libro dei sogni
Asmatico,,69,61,1881 Capacelli - Il vero libro dei sogni
Arrolatore,,39,61,1881 Capacelli - Il vero libro dei sogni
Aspa,,4 47,61,1881 Capacelli - Il vero libro dei sogni
"Arrolsare, Arrosat",,7,61,1881 Capacelli - Il vero libro dei sogni
Aspersione,,10,61,1881 Capacelli - Il vero libro dei sogni
Arrossimento,,19,61,1881 Capacelli - Il vero libro dei sogni
Aspersorio,,11,61,1881 Capacelli - Il vero libro dei sogni
Arrostimento,,21,61,1881 Capacelli - Il vero libro dei sogni
Asoerare,,10,61,1881 Capacelli - Il vero libro dei sogni
Asprezza,,64,62,1881 Capacelli - Il vero libro dei sogni
Assaggiamelo,,65,62,1881 Capacelli - Il vero libro dei sogni
Assaumento,,90,62,1881 Capacelli - Il vero libro dei sogni
Assassinamento,,56,62,1881 Capacelli - Il vero libro dei sogni
Assassini,,73,62,1881 Capacelli - Il vero libro dei sogni
Assassinio,,44 78,62,1881 Capacelli - Il vero libro dei sogni
Asse,ed assi,60,62,1881 Capacelli - Il vero libro dei sogni
Assediamelo,,40,62,1881 Capacelli - Il vero libro dei sogni
Assedio,,15,62,1881 Capacelli - Il vero libro dei sogni
Assemblea,,44,62,1881 Capacelli - Il vero libro dei sogni
Assenza,,6,62,1881 Capacelli - Il vero libro dei sogni
Assistenza,,34,62,1881 Capacelli - Il vero libro dei sogni
Assister Malati,,8 52,62,1881 Capacelli - Il vero libro dei sogni
Assodamento,,8,62,1881 Capacelli - Il vero libro dei sogni
Assopimento,,45,62,1881 Capacelli - Il vero libro dei sogni
Assortito,,14,62,1881 Capacelli - Il vero libro dei sogni
Asta,,38 79,62,1881 Capacelli - Il vero libro dei sogni
Astinenza,,7,62,1881 Capacelli - Il vero libro dei sogni
Astio,e odio,34 74,62,1881 Capacelli - Il vero libro dei sogni
Astore,,20 40,62,1881 Capacelli - Il vero libro dei sogni
Astrologare,,81,62,1881 Capacelli - Il vero libro dei sogni
Astrologo,,56,62,1881 Capacelli - Il vero libro dei sogni
Astuccio,,66,62,1881 Capacelli - Il vero libro dei sogni
Astuto,,69 71,62,1881 Capacelli - Il vero libro dei sogni
Atrio,,9,62,1881 Capacelli - Il vero libro dei sogni
Attaccamento,,18 48,62,1881 Capacelli - Il vero libro dei sogni
Attacc Ed Attacco,,74,62,1881 Capacelli - Il vero libro dei sogni
Atteggiamento,,9,62,1881 Capacelli - Il vero libro dei sogni
Attenzione,,6,62,1881 Capacelli - Il vero libro dei sogni
Attilatura,,5 75,62,1881 Capacelli - Il vero libro dei sogni
Attingere,,90,62,1881 Capacelli - Il vero libro dei sogni
Attinger Vino,,89,62,1881 Capacelli - Il vero libro dei sogni
Attore,,27,62,1881 Capacelli - Il vero libro dei sogni
Attrice,,34,62,1881 Capacelli - Il vero libro dei sogni
Attruppamento Di Malvi Venti,,18 26,62,1881 Capacelli - Il vero libro dei sogni
Augurio,,36,62,1881 Capacelli - Il vero libro dei sogni
Austriaco,,19,62,1881 Capacelli - Il vero libro dei sogni
Aurora,,29 38,62,1881 Capacelli - Il vero libro dei sogni
Autore,,88,62,1881 Capacelli - Il vero libro dei sogni
Autunno,,15,62,1881 Capacelli - Il vero libro dei sogni
Avanzo,,76,62,1881 Capacelli - Il vero libro dei sogni
Avarizia,,22,62,1881 Capacelli - Il vero libro dei sogni
Avaro,,90,62,1881 Capacelli - Il vero libro dei sogni
Avello,,66,62,1881 Capacelli - Il vero libro dei sogni
Avemmaria,,26,62,1881 Capacelli - Il vero libro dei sogni
Avena,,20,62,1881 Capacelli - Il vero libro dei sogni
Aver La Febbre,,18 21,62,1881 Capacelli - Il vero libro dei sogni
Aver Paura,,67,62,1881 Capacelli - Il vero libro dei sogni
Averno,,8,62,1881 Capacelli - Il vero libro dei sogni
Avorio,,34,62,1881 Capacelli - Il vero libro dei sogni
Avvantaggio,,78,62,1881 Capacelli - Il vero libro dei sogni
Avvelenato,,49,62,1881 Capacelli - Il vero libro dei sogni
Avvicinamento,,64,62,1881 Capacelli - Il vero libro dei sogni
Avvocati,,18 31,62,1881 Capacelli - Il vero libro dei sogni
Avvocato,,20 31,62,1881 Capacelli - Il vero libro dei sogni
Avvogador Di Com,,83,62,1881 Capacelli - Il vero libro dei sogni
Avvoltojo,,54,62,1881 Capacelli - Il vero libro dei sogni
"Azimo, Pane D'ebrei",,8,62,1881 Capacelli - Il vero libro dei sogni
Azzimiele,,8,62,1881 Capacelli - Il vero libro dei sogni
Azzurro Colore,,43 78,62,1881 Capacelli - Il vero libro dei sogni
Babbo,padre,40,62,1881 Capacelli - Il vero libro dei sogni
Baccalà,,77,62,1881 Capacelli - Il vero libro dei sogni
Babbuino E Babbuini Baccalare,,47,62,1881 Capacelli - Il vero libro dei sogni
Babbiano,,87,62,1881 Capacelli - Il vero libro dei sogni
Baccanale,,30,62,1881 Capacelli - Il vero libro dei sogni
Baccano,,83,63,1881 Capacelli - Il vero libro dei sogni
Baccante,,59,63,1881 Capacelli - Il vero libro dei sogni
Baccellajo,,20,63,1881 Capacelli - Il vero libro dei sogni
Baccelli,,11,63,1881 Capacelli - Il vero libro dei sogni
Baccelliere,,73,63,1881 Capacelli - Il vero libro dei sogni
Baccaie O Roba Bacc,,73,63,1881 Capacelli - Il vero libro dei sogni
Bacchetta,,25 55,63,1881 Capacelli - Il vero libro dei sogni
Bacc Da Far Calze,,83,63,1881 Capacelli - Il vero libro dei sogni
Bacchette,,9 15,63,1881 Capacelli - Il vero libro dei sogni
Bacchetti,,52,63,1881 Capacelli - Il vero libro dei sogni
Bacchettone,,64,63,1881 Capacelli - Il vero libro dei sogni
Bacchettoni,,63 68,63,1881 Capacelli - Il vero libro dei sogni
Baccherini,,20,63,1881 Capacelli - Il vero libro dei sogni
Bachi Da Seta,vedi,35,63,1881 Capacelli - Il vero libro dei sogni
Baciamento,,86,63,1881 Capacelli - Il vero libro dei sogni
Baciare,,36,63,1881 Capacelli - Il vero libro dei sogni
Baciar,la mano,77,63,1881 Capacelli - Il vero libro dei sogni
Baciar,il piede,6,63,1881 Capacelli - Il vero libro dei sogni
Bacile,,28,63,1881 Capacelli - Il vero libro dei sogni
Bacili Qualunque,,70,63,1881 Capacelli - Il vero libro dei sogni
Badia,,58,63,1881 Capacelli - Il vero libro dei sogni
Badile,,50,63,1881 Capacelli - Il vero libro dei sogni
Badinare,,49,63,1881 Capacelli - Il vero libro dei sogni
Badinare O Scherz Con Cani,col gatto,22 3,63,1881 Capacelli - Il vero libro dei sogni
Bagaglio Ed Equip,,74,63,1881 Capacelli - Il vero libro dei sogni
Bagatto,,4 5,63,1881 Capacelli - Il vero libro dei sogni
Bagatozzi,,3 35,63,1881 Capacelli - Il vero libro dei sogni
Bagietto,,83,63,1881 Capacelli - Il vero libro dei sogni
"Bagigi, Frutti",,40,63,1881 Capacelli - Il vero libro dei sogni
Bagnamento,,25,63,1881 Capacelli - Il vero libro dei sogni
Bagnare,,40,63,1881 Capacelli - Il vero libro dei sogni
Bagno,,16,63,1881 Capacelli - Il vero libro dei sogni
Bagno,d'acqua calda,17,63,1881 Capacelli - Il vero libro dei sogni
Bagno,fredda,66,63,1881 Capacelli - Il vero libro dei sogni
Bagno,di latte,69,63,1881 Capacelli - Il vero libro dei sogni
Bagno,d'olio,72,63,1881 Capacelli - Il vero libro dei sogni
Bagnomaria,,69,63,1881 Capacelli - Il vero libro dei sogni
Bagnore,,54,63,1881 Capacelli - Il vero libro dei sogni
Bagordi,,19,63,1881 Capacelli - Il vero libro dei sogni
Bajocchi O Bajocco,,57,63,1881 Capacelli - Il vero libro dei sogni
Bajouetta Da Soldati,,6,63,1881 Capacelli - Il vero libro dei sogni
Balaustra,,58,63,1881 Capacelli - Il vero libro dei sogni
Balaustrata,,60,63,1881 Capacelli - Il vero libro dei sogni
Balbettare,,20,63,1881 Capacelli - Il vero libro dei sogni
Balcone,,50,63,1881 Capacelli - Il vero libro dei sogni
Balcone,con donne,43,63,1881 Capacelli - Il vero libro dei sogni
Balcone,con darne,63,63,1881 Capacelli - Il vero libro dei sogni
Balcone,con vasi,69,63,1881 Capacelli - Il vero libro dei sogni
Baldacchino,,6,63,1881 Capacelli - Il vero libro dei sogni
Baldanzoso,,17,63,1881 Capacelli - Il vero libro dei sogni
Baldoria,,67,63,1881 Capacelli - Il vero libro dei sogni
Balduino,,26,63,1881 Capacelli - Il vero libro dei sogni
Balenare,,39,63,1881 Capacelli - Il vero libro dei sogni
Balena,,40 83,63,1881 Capacelli - Il vero libro dei sogni
Baleno,,29 83,63,1881 Capacelli - Il vero libro dei sogni
Balestra,,21 36,63,1881 Capacelli - Il vero libro dei sogni
Balestriere,,14,63,1881 Capacelli - Il vero libro dei sogni
Balestruccio,,29,63,1881 Capacelli - Il vero libro dei sogni
Balia,,18 49,63,1881 Capacelli - Il vero libro dei sogni
'- Con Bambini,,88,63,1881 Capacelli - Il vero libro dei sogni
Balio,,44,63,1881 Capacelli - Il vero libro dei sogni
Baliatura,,90,63,1881 Capacelli - Il vero libro dei sogni
Ballare,,14 87,63,1881 Capacelli - Il vero libro dei sogni
Ballato,,80,63,1881 Capacelli - Il vero libro dei sogni
Ballatojo,,21,63,1881 Capacelli - Il vero libro dei sogni
Ballerina,,8 87,63,1881 Capacelli - Il vero libro dei sogni
Ballerini,,19 36,63,1881 Capacelli - Il vero libro dei sogni
Ballerino Da Corda,,31,63,1881 Capacelli - Il vero libro dei sogni
Balletto,o Ballo,40,63,1881 Capacelli - Il vero libro dei sogni
Balletta Da Merci,,19,63,1881 Capacelli - Il vero libro dei sogni
Ballino,,45,63,1881 Capacelli - Il vero libro dei sogni
Ballo Par-ito,,40,63,1881 Capacelli - Il vero libro dei sogni
Ballo Con,masch,51 43,64,1881 Capacelli - Il vero libro dei sogni
Bìtocchi,,52,64,1881 Capacelli - Il vero libro dei sogni
Ballone,vedi Pal,10 16,64,1881 Capacelli - Il vero libro dei sogni
Ballotte,,12,64,1881 Capacelli - Il vero libro dei sogni
Balsamo,,35 51,64,1881 Capacelli - Il vero libro dei sogni
Baluardo,,22,64,1881 Capacelli - Il vero libro dei sogni
Balso,,27,64,1881 Capacelli - Il vero libro dei sogni
Balza Scoscesa,,27,64,1881 Capacelli - Il vero libro dei sogni
"Balza, Guernizione",,26,64,1881 Capacelli - Il vero libro dei sogni
Balzare Di Cavallo,,26,64,1881 Capacelli - Il vero libro dei sogni
Balzello Aggravio,,40,64,1881 Capacelli - Il vero libro dei sogni
Balzo Di Palla,,40,64,1881 Capacelli - Il vero libro dei sogni
Bambagia,,12,64,1881 Capacelli - Il vero libro dei sogni
Bambara Gioco,,90,64,1881 Capacelli - Il vero libro dei sogni
Bambasina,,46,64,1881 Capacelli - Il vero libro dei sogni
Bamberotto,,42,64,1881 Capacelli - Il vero libro dei sogni
Bambi,,30,64,1881 Capacelli - Il vero libro dei sogni
Bambinaro,,64 74 90,64,1881 Capacelli - Il vero libro dei sogni
Bambini,,1 25 40,64,1881 Capacelli - Il vero libro dei sogni
Bambini,di cera,83,64,1881 Capacelli - Il vero libro dei sogni
Bambini,di stucco,44,64,1881 Capacelli - Il vero libro dei sogni
Bambino,,1 25 40,64,1881 Capacelli - Il vero libro dei sogni
Bambocciata,,14,64,1881 Capacelli - Il vero libro dei sogni
Bambola,,65,64,1881 Capacelli - Il vero libro dei sogni
Banca E Banchi,,79 90,64,1881 Capacelli - Il vero libro dei sogni
Bancarotta,,14 55 90,64,1881 Capacelli - Il vero libro dei sogni
Bancherottiere,,26,64,1881 Capacelli - Il vero libro dei sogni
Banche,,21,64,1881 Capacelli - Il vero libro dei sogni
Banchetta,,25,64,1881 Capacelli - Il vero libro dei sogni
Banchetto Di Sposi,,27,64,1881 Capacelli - Il vero libro dei sogni
Banchiere,,79,64,1881 Capacelli - Il vero libro dei sogni
Banco,,41,64,1881 Capacelli - Il vero libro dei sogni
Banda Di Soldati,,59,64,1881 Capacelli - Il vero libro dei sogni
Banda,di strumenti,27,64,1881 Capacelli - Il vero libro dei sogni
Bandello,e bandelle,52,64,1881 Capacelli - Il vero libro dei sogni
Banderaio,,41,64,1881 Capacelli - Il vero libro dei sogni
Banderale,,74,64,1881 Capacelli - Il vero libro dei sogni
Banderai,,65 74,64,1881 Capacelli - Il vero libro dei sogni
Banderuola,,9,64,1881 Capacelli - Il vero libro dei sogni
Bandera,,20,64,1881 Capacelli - Il vero libro dei sogni
Bandito,,65,64,1881 Capacelli - Il vero libro dei sogni
Banditore,,79,64,1881 Capacelli - Il vero libro dei sogni
Bando,,21,64,1881 Capacelli - Il vero libro dei sogni
Bando,editto,65,64,1881 Capacelli - Il vero libro dei sogni
Bandoliera,,70,64,1881 Capacelli - Il vero libro dei sogni
Bagozzi,,25,64,1881 Capacelli - Il vero libro dei sogni
Bara,,58 43,64,1881 Capacelli - Il vero libro dei sogni
Bara,o cassa da morto,42 47,64,1881 Capacelli - Il vero libro dei sogni
Bara,con morto,8,64,1881 Capacelli - Il vero libro dei sogni
Bara,vuota,4,64,1881 Capacelli - Il vero libro dei sogni
Baracca,,55 77,64,1881 Capacelli - Il vero libro dei sogni
Baraccone,stoffa,32,64,1881 Capacelli - Il vero libro dei sogni
Barachiglia,,56,64,1881 Capacelli - Il vero libro dei sogni
Baraccone,pesce,74,64,1881 Capacelli - Il vero libro dei sogni
Barare,,27,64,1881 Capacelli - Il vero libro dei sogni
Barattar,mon. o roba,38,64,1881 Capacelli - Il vero libro dei sogni
Barattare,,18,64,1881 Capacelli - Il vero libro dei sogni
Barattolo,,11,64,1881 Capacelli - Il vero libro dei sogni
Barba,,21,64,1881 Capacelli - Il vero libro dei sogni
Barba,rossa,48,64,1881 Capacelli - Il vero libro dei sogni
Barba,da farsi,37 61,64,1881 Capacelli - Il vero libro dei sogni
"Barbabicchi, Erba",,34,64,1881 Capacelli - Il vero libro dei sogni
Barbabietola,,13,64,1881 Capacelli - Il vero libro dei sogni
Barba Radica,,31,64,1881 Capacelli - Il vero libro dei sogni
Barbacane,,51,64,1881 Capacelli - Il vero libro dei sogni
Barbaccia,,10,64,1881 Capacelli - Il vero libro dei sogni
Barbagianni,,88,64,1881 Capacelli - Il vero libro dei sogni
Barbaglio,,48,64,1881 Capacelli - Il vero libro dei sogni
Barbaresco,,7 67,64,1881 Capacelli - Il vero libro dei sogni
Barbarie,,66,64,1881 Capacelli - Il vero libro dei sogni
Barbato,,5 85,64,1881 Capacelli - Il vero libro dei sogni
Barbe Cotte,,16,65,1881 Capacelli - Il vero libro dei sogni
Barberaj,,14,65,1881 Capacelli - Il vero libro dei sogni
Barbero,,5 85,65,1881 Capacelli - Il vero libro dei sogni
Barbette,,55,65,1881 Capacelli - Il vero libro dei sogni
Barbiera,,42,65,1881 Capacelli - Il vero libro dei sogni
Barbiere,,11,65,1881 Capacelli - Il vero libro dei sogni
Barbieri,,28 78,65,1881 Capacelli - Il vero libro dei sogni
Barbio Pesce,,14,65,1881 Capacelli - Il vero libro dei sogni
Barbogi Iare,,7 16,65,1881 Capacelli - Il vero libro dei sogni
Barbori Pesce,,12,65,1881 Capacelli - Il vero libro dei sogni
Barbosi,,34,65,1881 Capacelli - Il vero libro dei sogni
Barbuto,,59,65,1881 Capacelli - Il vero libro dei sogni
Barca,,17 47 80,65,1881 Capacelli - Il vero libro dei sogni
Barcaruoli,,29,65,1881 Capacelli - Il vero libro dei sogni
Barcaruolo,,17 71,65,1881 Capacelli - Il vero libro dei sogni
Barchetta,,62 65,65,1881 Capacelli - Il vero libro dei sogni
Barcollare,,87,65,1881 Capacelli - Il vero libro dei sogni
Barconi,,88,65,1881 Capacelli - Il vero libro dei sogni
Bardana Erba,,50,65,1881 Capacelli - Il vero libro dei sogni
Bardare Un Cavallo,,2,65,1881 Capacelli - Il vero libro dei sogni
Bardascia,,41,65,1881 Capacelli - Il vero libro dei sogni
Bardatura,,12,65,1881 Capacelli - Il vero libro dei sogni
Bardella,,69,65,1881 Capacelli - Il vero libro dei sogni
Bardotto,,76,65,1881 Capacelli - Il vero libro dei sogni
Barbe,,11,65,1881 Capacelli - Il vero libro dei sogni
Bargello,,83,65,1881 Capacelli - Il vero libro dei sogni
Bargognare,,10,65,1881 Capacelli - Il vero libro dei sogni
Barganella,,28,65,1881 Capacelli - Il vero libro dei sogni
Barella,,4,65,1881 Capacelli - Il vero libro dei sogni
Barigione,,16,65,1881 Capacelli - Il vero libro dei sogni
Barile,,14,65,1881 Capacelli - Il vero libro dei sogni
Barile,pieno,77,65,1881 Capacelli - Il vero libro dei sogni
Basili,,20 33,65,1881 Capacelli - Il vero libro dei sogni
Basili,di fichi,27,65,1881 Capacelli - Il vero libro dei sogni
Basili,di salume,14,65,1881 Capacelli - Il vero libro dei sogni
Barilozzi,,86,65,1881 Capacelli - Il vero libro dei sogni
Barletta,,60,65,1881 Capacelli - Il vero libro dei sogni
Barlume,,82,65,1881 Capacelli - Il vero libro dei sogni
Baro Da Carte,,50,65,1881 Capacelli - Il vero libro dei sogni
Baroccio,,56,65,1881 Capacelli - Il vero libro dei sogni
Baroccio,carico,69,65,1881 Capacelli - Il vero libro dei sogni
Barometro,,38,65,1881 Capacelli - Il vero libro dei sogni
Barone,,17,65,1881 Capacelli - Il vero libro dei sogni
Baronessa,,30,65,1881 Capacelli - Il vero libro dei sogni
Baroni,,5,65,1881 Capacelli - Il vero libro dei sogni
Baroni,o malviventi,70,65,1881 Capacelli - Il vero libro dei sogni
B Irozzo,,37,65,1881 Capacelli - Il vero libro dei sogni
Bartello,,21,65,1881 Capacelli - Il vero libro dei sogni
Biruffa,,8,65,1881 Capacelli - Il vero libro dei sogni
Base,con,10,65,1881 Capacelli - Il vero libro dei sogni
Base,statue,14,65,1881 Capacelli - Il vero libro dei sogni
Base,con colonne,87,65,1881 Capacelli - Il vero libro dei sogni
Basetta,,70,65,1881 Capacelli - Il vero libro dei sogni
Basette,,15,65,1881 Capacelli - Il vero libro dei sogni
Basilica,,70,65,1881 Capacelli - Il vero libro dei sogni
"Basilico, Erba",,87,65,1881 Capacelli - Il vero libro dei sogni
Basilico,,78,65,1881 Capacelli - Il vero libro dei sogni
Basletta,,10,65,1881 Capacelli - Il vero libro dei sogni
Bassinare,,3,65,1881 Capacelli - Il vero libro dei sogni
Bassinatojo,,5,65,1881 Capacelli - Il vero libro dei sogni
Basta,,40,65,1881 Capacelli - Il vero libro dei sogni
Bastardo,,12,65,1881 Capacelli - Il vero libro dei sogni
Bastaro,,2 12,65,1881 Capacelli - Il vero libro dei sogni
Basterozzi,,33,65,1881 Capacelli - Il vero libro dei sogni
Bastiglia,,88,65,1881 Capacelli - Il vero libro dei sogni
Bastimento,,52,65,1881 Capacelli - Il vero libro dei sogni
Bastimento,in mare,33,65,1881 Capacelli - Il vero libro dei sogni
Bastimento,da guerra,72,65,1881 Capacelli - Il vero libro dei sogni
Bastioni,,55,65,1881 Capacelli - Il vero libro dei sogni
Basto,,51,65,1881 Capacelli - Il vero libro dei sogni
Bastonata,,67,65,1881 Capacelli - Il vero libro dei sogni
Bastonati,,70,65,1881 Capacelli - Il vero libro dei sogni
Bastonatura,,20,65,1881 Capacelli - Il vero libro dei sogni
Bastoncelli,,19,65,1881 Capacelli - Il vero libro dei sogni
Bastoncino,,79,65,1881 Capacelli - Il vero libro dei sogni
Bastoni,,36,66,1881 Capacelli - Il vero libro dei sogni
Battaglia,,29 77,66,1881 Capacelli - Il vero libro dei sogni
Battaglia,navale,26,66,1881 Capacelli - Il vero libro dei sogni
Battaglie,,38 82,66,1881 Capacelli - Il vero libro dei sogni
Battaglio Di Campana,,25,66,1881 Capacelli - Il vero libro dei sogni
Battagliola,,22 24 63,66,1881 Capacelli - Il vero libro dei sogni
Battaglione,,58,66,1881 Capacelli - Il vero libro dei sogni
Battello,,76,66,1881 Capacelli - Il vero libro dei sogni
"Batter Cari, E",,69,66,1881 Capacelli - Il vero libro dei sogni
"Batter Cari, E",merluzzo,81,66,1881 Capacelli - Il vero libro dei sogni
"Batter Cari, E",fuoco,77,66,1881 Capacelli - Il vero libro dei sogni
"Batter Cari, E",grano,13,66,1881 Capacelli - Il vero libro dei sogni
"Batter Cari, E",meliga,80,66,1881 Capacelli - Il vero libro dei sogni
"Batter Cari, E",metallo,31,66,1881 Capacelli - Il vero libro dei sogni
"Batter Cari, E",lana,81,66,1881 Capacelli - Il vero libro dei sogni
"Batter Cari, E",panni,10,66,1881 Capacelli - Il vero libro dei sogni
Batteria,,40,66,1881 Capacelli - Il vero libro dei sogni
Battesimo,,1,66,1881 Capacelli - Il vero libro dei sogni
Battezzare,,4,66,1881 Capacelli - Il vero libro dei sogni
Battifuoco,,6,66,1881 Capacelli - Il vero libro dei sogni
Battilana,,27,66,1881 Capacelli - Il vero libro dei sogni
Battiloro,,54,66,1881 Capacelli - Il vero libro dei sogni
Batticuore,,38 87,66,1881 Capacelli - Il vero libro dei sogni
Battipalo,,50,66,1881 Capacelli - Il vero libro dei sogni
Battistero,,2 85,66,1881 Capacelli - Il vero libro dei sogni
Battistino,,56,66,1881 Capacelli - Il vero libro dei sogni
Batacchio,,10,66,1881 Capacelli - Il vero libro dei sogni
Bava,,6,66,1881 Capacelli - Il vero libro dei sogni
Bavaresa,,16,66,1881 Capacelli - Il vero libro dei sogni
Bavarese,,54,66,1881 Capacelli - Il vero libro dei sogni
Bavuccio,,28,66,1881 Capacelli - Il vero libro dei sogni
Banlare,,20 27 55,66,1881 Capacelli - Il vero libro dei sogni
Baule,,14,66,1881 Capacelli - Il vero libro dei sogni
Bauta,,39,66,1881 Capacelli - Il vero libro dei sogni
Baute,,49,66,1881 Capacelli - Il vero libro dei sogni
Beati,,70,66,1881 Capacelli - Il vero libro dei sogni
Beatificazione,,67,66,1881 Capacelli - Il vero libro dei sogni
Beatitudine,,80,66,1881 Capacelli - Il vero libro dei sogni
Beato,,15 47,66,1881 Capacelli - Il vero libro dei sogni
Beccaccie,,73,66,1881 Capacelli - Il vero libro dei sogni
Beccaccini,,71,66,1881 Capacelli - Il vero libro dei sogni
Beccafiehi,,35,66,1881 Capacelli - Il vero libro dei sogni
Beccajo,,10,66,1881 Capacelli - Il vero libro dei sogni
Beccamorti,,47 62,66,1881 Capacelli - Il vero libro dei sogni
Beccamono,,61,66,1881 Capacelli - Il vero libro dei sogni
Beccaria,,40,66,1881 Capacelli - Il vero libro dei sogni
Beccare,,41,66,1881 Capacelli - Il vero libro dei sogni
Becco D'animale,,60,66,1881 Capacelli - Il vero libro dei sogni
Becco O Caprone,,90,66,1881 Capacelli - Il vero libro dei sogni
Befana,,45,66,1881 Capacelli - Il vero libro dei sogni
Belare,,2,66,1881 Capacelli - Il vero libro dei sogni
Belfonte,,40 46,66,1881 Capacelli - Il vero libro dei sogni
Beltempo,,33 37,66,1881 Capacelli - Il vero libro dei sogni
Bel Figlio,,57,66,1881 Capacelli - Il vero libro dei sogni
Bella,,30,66,1881 Capacelli - Il vero libro dei sogni
Bella,figlia,9,66,1881 Capacelli - Il vero libro dei sogni
Bellatto,,15 40,66,1881 Capacelli - Il vero libro dei sogni
Bellezza,,7 76,66,1881 Capacelli - Il vero libro dei sogni
Belli,,6 26,66,1881 Capacelli - Il vero libro dei sogni
Belli,bella,9 30,66,1881 Capacelli - Il vero libro dei sogni
Belvedere,,34 44,66,1881 Capacelli - Il vero libro dei sogni
Belviso,,59 87,66,1881 Capacelli - Il vero libro dei sogni
Benda,,10,66,1881 Capacelli - Il vero libro dei sogni
Bendare,,17,66,1881 Capacelli - Il vero libro dei sogni
Bendato,,15,66,1881 Capacelli - Il vero libro dei sogni
Benedettino,,15,66,1881 Capacelli - Il vero libro dei sogni
Benedire,,15,66,1881 Capacelli - Il vero libro dei sogni
Benedizione,,22 83,66,1881 Capacelli - Il vero libro dei sogni
Benefattore,,63,66,1881 Capacelli - Il vero libro dei sogni
Benefizio,,40,66,1881 Capacelli - Il vero libro dei sogni
Benefizio,ecclesias,30,67,1881 Capacelli - Il vero libro dei sogni
Beni Qualunque,,24,67,1881 Capacelli - Il vero libro dei sogni
Bere Acqua,,35,67,1881 Capacelli - Il vero libro dei sogni
Bere Acqua,caffè,53,67,1881 Capacelli - Il vero libro dei sogni
Bere Acqua,cioccolata,42,67,1881 Capacelli - Il vero libro dei sogni
Bere Acqua,liquori,42,67,1881 Capacelli - Il vero libro dei sogni
Bere Acqua,vino,62,67,1881 Capacelli - Il vero libro dei sogni
Bere Acqua,ova,90,67,1881 Capacelli - Il vero libro dei sogni
Bere Acqua,qualunque,24,67,1881 Capacelli - Il vero libro dei sogni
Bergamasco,,90,67,1881 Capacelli - Il vero libro dei sogni
Bergamina,,58,67,1881 Capacelli - Il vero libro dei sogni
Bergamotta,,44,67,1881 Capacelli - Il vero libro dei sogni
Bergamotto,,69,67,1881 Capacelli - Il vero libro dei sogni
Bergora,,90,67,1881 Capacelli - Il vero libro dei sogni
Berlina,,71,67,1881 Capacelli - Il vero libro dei sogni
Berlingozzo,,51,67,1881 Capacelli - Il vero libro dei sogni
Bernoccolo,,49,67,1881 Capacelli - Il vero libro dei sogni
Berretta,,39,67,1881 Capacelli - Il vero libro dei sogni
Berretta,da bambino,39,67,1881 Capacelli - Il vero libro dei sogni
Berretta,da prete,62,67,1881 Capacelli - Il vero libro dei sogni
Berretta,i da procuratore,27,67,1881 Capacelli - Il vero libro dei sogni
Berrettaio,,15 51,67,1881 Capacelli - Il vero libro dei sogni
Berrette,,39 63,67,1881 Capacelli - Il vero libro dei sogni
Berrettini,,3,67,1881 Capacelli - Il vero libro dei sogni
Berrettino,,15,67,1881 Capacelli - Il vero libro dei sogni
Berrettone,,61,67,1881 Capacelli - Il vero libro dei sogni
Bersaglio,,58,67,1881 Capacelli - Il vero libro dei sogni
Berta,,57 60,67,1881 Capacelli - Il vero libro dei sogni
Bertoni,,8,67,1881 Capacelli - Il vero libro dei sogni
Bertuccia,,8 17,67,1881 Capacelli - Il vero libro dei sogni
Bestemmia,,84,67,1881 Capacelli - Il vero libro dei sogni
Bestemmiare,,18,67,1881 Capacelli - Il vero libro dei sogni
Bestemmiatore,,53,67,1881 Capacelli - Il vero libro dei sogni
Bestie,,33,67,1881 Capacelli - Il vero libro dei sogni
Bestiola,,60,67,1881 Capacelli - Il vero libro dei sogni
Bevanda,,16,67,1881 Capacelli - Il vero libro dei sogni
Bevimento,,42,67,1881 Capacelli - Il vero libro dei sogni
Bevitore,,68,67,1881 Capacelli - Il vero libro dei sogni
Bezzicare,,45,67,1881 Capacelli - Il vero libro dei sogni
Bezzicatura,,56,67,1881 Capacelli - Il vero libro dei sogni
Bezzo O Bezzi,,71,67,1881 Capacelli - Il vero libro dei sogni
Biacca,,34,67,1881 Capacelli - Il vero libro dei sogni
Biada,,14 77,67,1881 Capacelli - Il vero libro dei sogni
Biadetto,,86,67,1881 Capacelli - Il vero libro dei sogni
Bianca,,19,67,1881 Capacelli - Il vero libro dei sogni
Biancastro,,2 73,67,1881 Capacelli - Il vero libro dei sogni
Biancheria,,43 63,67,1881 Capacelli - Il vero libro dei sogni
Biancherie,,17,67,1881 Capacelli - Il vero libro dei sogni
Bianchetto,,81,67,1881 Capacelli - Il vero libro dei sogni
Bianchezza,,12,67,1881 Capacelli - Il vero libro dei sogni
Bianco,,10,67,1881 Capacelli - Il vero libro dei sogni
Biascicare,,26,67,1881 Capacelli - Il vero libro dei sogni
Biasimo O Biasimare,,53,67,1881 Capacelli - Il vero libro dei sogni
Biblioteca,,11,67,1881 Capacelli - Il vero libro dei sogni
Bibliotecario,,83,67,1881 Capacelli - Il vero libro dei sogni
Bicchieraio,,35,67,1881 Capacelli - Il vero libro dei sogni
Bicchieri D'argento,,84,67,1881 Capacelli - Il vero libro dei sogni
Bicchieri D'argento,di cristallo,24,67,1881 Capacelli - Il vero libro dei sogni
Bicchieri D'argento,di vetro,44 55,67,1881 Capacelli - Il vero libro dei sogni
Bicchieri D'argento,di latta,27,67,1881 Capacelli - Il vero libro dei sogni
Bidello,,32,67,1881 Capacelli - Il vero libro dei sogni
Bietola,,41 65,67,1881 Capacelli - Il vero libro dei sogni
Bietole,,51,67,1881 Capacelli - Il vero libro dei sogni
Bifolco,,67 71,67,1881 Capacelli - Il vero libro dei sogni
Bigatti,,45,67,1881 Capacelli - Il vero libro dei sogni
Bigherino Qualunque,,3,67,1881 Capacelli - Il vero libro dei sogni
"Bigio, Colore",,88,67,1881 Capacelli - Il vero libro dei sogni
Bigliardo,,50,67,1881 Capacelli - Il vero libro dei sogni
Biglietto,,39 49,67,1881 Capacelli - Il vero libro dei sogni
Biglietto,di teatro,57,67,1881 Capacelli - Il vero libro dei sogni
Biglietto,di visita,86,67,1881 Capacelli - Il vero libro dei sogni
Biglietto,di lotterie ^,44,67,1881 Capacelli - Il vero libro dei sogni
Bigoncia Con Fruite Bisunto,,82 83,68,1881 Capacelli - Il vero libro dei sogni
Bigoncia Con Fruite Bisunto,con grasce,48,68,1881 Capacelli - Il vero libro dei sogni
Bigoncia Con Fruite Bisunto,con uva,86,68,1881 Capacelli - Il vero libro dei sogni
Bigoncia Con Fruite Bisunto,con vino,30,68,1881 Capacelli - Il vero libro dei sogni
Bigoncia Con Fruite Bisunto,vuota,81,68,1881 Capacelli - Il vero libro dei sogni
Bigotta,,74,68,1881 Capacelli - Il vero libro dei sogni
Bigotteria,,77,68,1881 Capacelli - Il vero libro dei sogni
Bigotto,,77,68,1881 Capacelli - Il vero libro dei sogni
Bilacie,,57 82,68,1881 Capacelli - Il vero libro dei sogni
Bilie,,89,68,1881 Capacelli - Il vero libro dei sogni
Bilico,,81,68,1881 Capacelli - Il vero libro dei sogni
Binda,,13 35,68,1881 Capacelli - Il vero libro dei sogni
Bindello,,36,68,1881 Capacelli - Il vero libro dei sogni
Bitume,,36,68,1881 Capacelli - Il vero libro dei sogni
Bivio,,45,68,1881 Capacelli - Il vero libro dei sogni
Bizzarro Bizzarria,,67 90,68,1881 Capacelli - Il vero libro dei sogni
"Bleu, Colore",,29,68,1881 Capacelli - Il vero libro dei sogni
Boaro,,74 79,68,1881 Capacelli - Il vero libro dei sogni
Brcca,,15 56 80,68,1881 Capacelli - Il vero libro dei sogni
Di Dama O Pasta,reale,50,68,1881 Capacelli - Il vero libro dei sogni
Di Dama O Pasta,fresca,4,68,1881 Capacelli - Il vero libro dei sogni
Boccaccia,,27,68,1881 Capacelli - Il vero libro dei sogni
Boccale,,70,68,1881 Capacelli - Il vero libro dei sogni
Boccali,,76 88,68,1881 Capacelli - Il vero libro dei sogni
Bindolo Da Ortolano Boccata,,64,68,1881 Capacelli - Il vero libro dei sogni
Bioccie,,37 77,68,1881 Capacelli - Il vero libro dei sogni
Boccatura,,50,68,1881 Capacelli - Il vero libro dei sogni
Biondezza,,30,68,1881 Capacelli - Il vero libro dei sogni
Bocchetto,,15,68,1881 Capacelli - Il vero libro dei sogni
Biondo O Bionda Bocchetto,,10 89,68,1881 Capacelli - Il vero libro dei sogni
Biondo O Bionda Bocchetto,di fiori,85,68,1881 Capacelli - Il vero libro dei sogni
Birbante,,74,68,1881 Capacelli - Il vero libro dei sogni
Birbanti,,64,68,1881 Capacelli - Il vero libro dei sogni
Biricchino,,60,68,1881 Capacelli - Il vero libro dei sogni
Biricocole,,52,68,1881 Capacelli - Il vero libro dei sogni
Biroccio,,9,68,1881 Capacelli - Il vero libro dei sogni
Birri,,11,68,1881 Capacelli - Il vero libro dei sogni
Birro,,23 24,68,1881 Capacelli - Il vero libro dei sogni
Bisbiglio,,59,68,1881 Capacelli - Il vero libro dei sogni
Boccia,,2 20,68,1881 Capacelli - Il vero libro dei sogni
Boccia,da scarpe,3 44,68,1881 Capacelli - Il vero libro dei sogni
Boccolini,,37,68,1881 Capacelli - Il vero libro dei sogni
Bocconi,,19,68,1881 Capacelli - Il vero libro dei sogni
Boccuzze,,13,68,1881 Capacelli - Il vero libro dei sogni
Bodini,,20,68,1881 Capacelli - Il vero libro dei sogni
Boemo,,45,68,1881 Capacelli - Il vero libro dei sogni
Boera,,13 77,68,1881 Capacelli - Il vero libro dei sogni
Boetta Di Tabacco,,50 79,68,1881 Capacelli - Il vero libro dei sogni
Bisaccia Da Eremita Boja,,23,68,1881 Capacelli - Il vero libro dei sogni
Bisavo,,71,68,1881 Capacelli - Il vero libro dei sogni
Biscazza,,17,68,1881 Capacelli - Il vero libro dei sogni
Biscazziare,,26,68,1881 Capacelli - Il vero libro dei sogni
Biscia,,84 79,68,1881 Capacelli - Il vero libro dei sogni
Biscioline,,65,68,1881 Capacelli - Il vero libro dei sogni
Biscottini,,15,68,1881 Capacelli - Il vero libro dei sogni
Biscottino,,8 52,68,1881 Capacelli - Il vero libro dei sogni
Biscotto,,12 16,68,1881 Capacelli - Il vero libro dei sogni
Bisogno,,55,68,1881 Capacelli - Il vero libro dei sogni
Bojessa,,89 90,68,1881 Capacelli - Il vero libro dei sogni
Bolla,o bolle,58 73,68,1881 Capacelli - Il vero libro dei sogni
Bollare O Bollato,,85,68,1881 Capacelli - Il vero libro dei sogni
Bolletta,,20,68,1881 Capacelli - Il vero libro dei sogni
Bollito,,50 58,68,1881 Capacelli - Il vero libro dei sogni
Bollo,,80,68,1881 Capacelli - Il vero libro dei sogni
Bollore,,69,68,1881 Capacelli - Il vero libro dei sogni
Bologna,,64,68,1881 Capacelli - Il vero libro dei sogni
Bolognesi,,21,68,1881 Capacelli - Il vero libro dei sogni
Bolzo,,52,69,1881 Capacelli - Il vero libro dei sogni
Bomba,,48 79,69,1881 Capacelli - Il vero libro dei sogni
Bomba,infuocata,77,69,1881 Capacelli - Il vero libro dei sogni
Bombardiere,,28,69,1881 Capacelli - Il vero libro dei sogni
Bombardoni,,31,69,1881 Capacelli - Il vero libro dei sogni
Bomboni,,13 19,69,1881 Capacelli - Il vero libro dei sogni
Bonaccia Di Mare,,42,69,1881 Capacelli - Il vero libro dei sogni
Bonetti Militari,,69,69,1881 Capacelli - Il vero libro dei sogni
Bonetti Militari,da cardinale,86,69,1881 Capacelli - Il vero libro dei sogni
Bonetti Militari,da notte,4,69,1881 Capacelli - Il vero libro dei sogni
Bonetti Militari,da donna,8,69,1881 Capacelli - Il vero libro dei sogni
Bontà,,19,69,1881 Capacelli - Il vero libro dei sogni
Boraccio,,10,69,1881 Capacelli - Il vero libro dei sogni
Borraccina,erba,63,69,1881 Capacelli - Il vero libro dei sogni
Borraggine,,36,69,1881 Capacelli - Il vero libro dei sogni
Borana,,43 66,69,1881 Capacelli - Il vero libro dei sogni
Borbottare,,37,69,1881 Capacelli - Il vero libro dei sogni
Bordello,,61,69,1881 Capacelli - Il vero libro dei sogni
Bordone,,78,69,1881 Capacelli - Il vero libro dei sogni
Borghi,,29 50,69,1881 Capacelli - Il vero libro dei sogni
Borgno,o orbo,70,69,1881 Capacelli - Il vero libro dei sogni
Borgo O Borghetto,,60 69,69,1881 Capacelli - Il vero libro dei sogni
Borro,,35,69,1881 Capacelli - Il vero libro dei sogni
Borsa,,14,69,1881 Capacelli - Il vero libro dei sogni
Borsa,bordata,49,69,1881 Capacelli - Il vero libro dei sogni
Borsa,con argento e oro,2,69,1881 Capacelli - Il vero libro dei sogni
Borsa,da cappelli,52,69,1881 Capacelli - Il vero libro dei sogni
Borsa,piena,13 19,69,1881 Capacelli - Il vero libro dei sogni
Borsa,vuota,14,69,1881 Capacelli - Il vero libro dei sogni
Borsaruolo,,5 50 52,69,1881 Capacelli - Il vero libro dei sogni
Borse Ricamate,,13,69,1881 Capacelli - Il vero libro dei sogni
Borse Ricamate,lisce,21,69,1881 Capacelli - Il vero libro dei sogni
Borsellino,,69,69,1881 Capacelli - Il vero libro dei sogni
Boschera,,33,69,1881 Capacelli - Il vero libro dei sogni
Boschetti,,59 90,69,1881 Capacelli - Il vero libro dei sogni
Boschetto D'agrumi,,56,69,1881 Capacelli - Il vero libro dei sogni
Boschi,,8 17,69,1881 Capacelli - Il vero libro dei sogni
Bosco,,39,69,1881 Capacelli - Il vero libro dei sogni
Bosco,da bruciare,9 24,69,1881 Capacelli - Il vero libro dei sogni
Bosco,con ladri,16 29,69,1881 Capacelli - Il vero libro dei sogni
Bossolo,,58 85,69,1881 Capacelli - Il vero libro dei sogni
Botta,,31 41,69,1881 Capacelli - Il vero libro dei sogni
Botta,pesce,19,69,1881 Capacelli - Il vero libro dei sogni
Bottaro,,78 88,69,1881 Capacelli - Il vero libro dei sogni
Botte,,3 13 35,69,1881 Capacelli - Il vero libro dei sogni
Botte,vuota,3,69,1881 Capacelli - Il vero libro dei sogni
Botte,piena,55,69,1881 Capacelli - Il vero libro dei sogni
Bottega,,35,69,1881 Capacelli - Il vero libro dei sogni
Bottega,di caffè,22,69,1881 Capacelli - Il vero libro dei sogni
Bottega,di fornaio,88,69,1881 Capacelli - Il vero libro dei sogni
Bottega,di scatolaro,24,69,1881 Capacelli - Il vero libro dei sogni
Bottega,di speziale,36 81,69,1881 Capacelli - Il vero libro dei sogni
Bottega,di tabacco,28 33,69,1881 Capacelli - Il vero libro dei sogni
Bottega,di formaggio,35,69,1881 Capacelli - Il vero libro dei sogni
Bottega,di mercante,27,69,1881 Capacelli - Il vero libro dei sogni
Bottega,di gioco del lotto,58,69,1881 Capacelli - Il vero libro dei sogni
Bottegaio,,49 52,69,1881 Capacelli - Il vero libro dei sogni
Bottegaio,di moda,26 45,69,1881 Capacelli - Il vero libro dei sogni
Bottegaio,di stoffe di seta,39,69,1881 Capacelli - Il vero libro dei sogni
Bottegaio,di lana,33 69,69,1881 Capacelli - Il vero libro dei sogni
Bottidivinoincantina,,3,69,1881 Capacelli - Il vero libro dei sogni
Bottiglia,,14 64,69,1881 Capacelli - Il vero libro dei sogni
Bottiglie,,64,69,1881 Capacelli - Il vero libro dei sogni
Bottigliere,,8 14,69,1881 Capacelli - Il vero libro dei sogni
Bottiglieria,,26,69,1881 Capacelli - Il vero libro dei sogni
Botticino Con Conf,,37,69,1881 Capacelli - Il vero libro dei sogni
Botticino Con Conf,con medicine,64,69,1881 Capacelli - Il vero libro dei sogni
Bottino,,59,69,1881 Capacelli - Il vero libro dei sogni
Bottoncino D'onore,,35,69,1881 Capacelli - Il vero libro dei sogni
Bottone,,5 81,69,1881 Capacelli - Il vero libro dei sogni
Bottoni,,56,69,1881 Capacelli - Il vero libro dei sogni
Bottoni,di seta,38,69,1881 Capacelli - Il vero libro dei sogni
Bottoni,di metallo,51,70,1881 Capacelli - Il vero libro dei sogni
Bottoni,d' argento,38,70,1881 Capacelli - Il vero libro dei sogni
Bottoni,d'oro,35 69,70,1881 Capacelli - Il vero libro dei sogni
Bottoni,di madreperla,68,70,1881 Capacelli - Il vero libro dei sogni
Bottoni,di qualun. sorta,38,70,1881 Capacelli - Il vero libro dei sogni
Bottoniera,,9,70,1881 Capacelli - Il vero libro dei sogni
Bottoniere D'oro,,71,70,1881 Capacelli - Il vero libro dei sogni
Bottoniere D'oro,d' argento,49,70,1881 Capacelli - Il vero libro dei sogni
Bottoniere D'oro,di seta,34 42,70,1881 Capacelli - Il vero libro dei sogni
Bove,,12 46 54,70,1881 Capacelli - Il vero libro dei sogni
Bove,arrabbiato,28,70,1881 Capacelli - Il vero libro dei sogni
Bove,infuriato,36,70,1881 Capacelli - Il vero libro dei sogni
Bove,marino,88,70,1881 Capacelli - Il vero libro dei sogni
Bovi Bianchi,,14 64,70,1881 Capacelli - Il vero libro dei sogni
Bovi Bianchi,che mangiano,55,70,1881 Capacelli - Il vero libro dei sogni
Bovi Bianchi,desti,11,70,1881 Capacelli - Il vero libro dei sogni
Bovi Bianchi,addormentati,54,70,1881 Capacelli - Il vero libro dei sogni
Bovi Bianchi,furiosi,55,70,1881 Capacelli - Il vero libro dei sogni
Bovi Bianchi,neri,64 74,70,1881 Capacelli - Il vero libro dei sogni
Bovi Bianchi,rossi,17 46,70,1881 Capacelli - Il vero libro dei sogni
Bozza,,1 5 45,70,1881 Capacelli - Il vero libro dei sogni
Bozzollaro,,11,70,1881 Capacelli - Il vero libro dei sogni
Bozzoli Da Far Seta,,9,70,1881 Capacelli - Il vero libro dei sogni
Braccia Larghe,,66,70,1881 Capacelli - Il vero libro dei sogni
Braccia Larghe,in forma di croce,5,70,1881 Capacelli - Il vero libro dei sogni
Braccialetti,,15,70,1881 Capacelli - Il vero libro dei sogni
Bracciata,di legne,52,70,1881 Capacelli - Il vero libro dei sogni
Bracciata,di pane,66,70,1881 Capacelli - Il vero libro dei sogni
Bracciata,d'erbe,58,70,1881 Capacelli - Il vero libro dei sogni
Bracciatello,,20 52,70,1881 Capacelli - Il vero libro dei sogni
Bracciare,,8,70,1881 Capacelli - Il vero libro dei sogni
Braccio,umano,73,70,1881 Capacelli - Il vero libro dei sogni
Braccio,di misura,68,70,1881 Capacelli - Il vero libro dei sogni
"Bracco, Cane",,70,70,1881 Capacelli - Il vero libro dei sogni
Brache,,3,70,1881 Capacelli - Il vero libro dei sogni
Bracheraia,,68,70,1881 Capacelli - Il vero libro dei sogni
Bracheraio,,50,70,1881 Capacelli - Il vero libro dei sogni
Bracchiere,,31 68,70,1881 Capacelli - Il vero libro dei sogni
Braciere,,8 25,70,1881 Capacelli - Il vero libro dei sogni
Braciole,,70,70,1881 Capacelli - Il vero libro dei sogni
Braciola,,15 70,70,1881 Capacelli - Il vero libro dei sogni
Bracioli,,13 70,70,1881 Capacelli - Il vero libro dei sogni
Branco Di Persone O Di,pecore,41,70,1881 Capacelli - Il vero libro dei sogni
Brando,,33,70,1881 Capacelli - Il vero libro dei sogni
"Brassabosco, Erba",,20,70,1881 Capacelli - Il vero libro dei sogni
Bravura,o coraggio,75,70,1881 Capacelli - Il vero libro dei sogni
Breccia O Apertura,,50,70,1881 Capacelli - Il vero libro dei sogni
Breno,,14 30,70,1881 Capacelli - Il vero libro dei sogni
Brenta,,33,70,1881 Capacelli - Il vero libro dei sogni
Brentelli,,12,70,1881 Capacelli - Il vero libro dei sogni
Bresciano,,34,70,1881 Capacelli - Il vero libro dei sogni
Breve Da Bambini,,70,70,1881 Capacelli - Il vero libro dei sogni
Breviario,,43,70,1881 Capacelli - Il vero libro dei sogni
Briaco,,60,70,1881 Capacelli - Il vero libro dei sogni
Briachezza,,82,70,1881 Capacelli - Il vero libro dei sogni
Briacone,,90,70,1881 Capacelli - Il vero libro dei sogni
Brichetto,o asinino,70,70,1881 Capacelli - Il vero libro dei sogni
Brida,,24,70,1881 Capacelli - Il vero libro dei sogni
Brigadiere,,2,70,1881 Capacelli - Il vero libro dei sogni
Brigantino,,7,70,1881 Capacelli - Il vero libro dei sogni
Brigata,,24,70,1881 Capacelli - Il vero libro dei sogni
Briglia,,79,70,1881 Capacelli - Il vero libro dei sogni
Brigliario,,86,70,1881 Capacelli - Il vero libro dei sogni
Brigozzi,,68 26,70,1881 Capacelli - Il vero libro dei sogni
Brignole,,12 26,70,1881 Capacelli - Il vero libro dei sogni
Brillanti,,17,70,1881 Capacelli - Il vero libro dei sogni
Brinata,,29,70,1881 Capacelli - Il vero libro dei sogni
Brindare,,3 33,70,1881 Capacelli - Il vero libro dei sogni
Brindisi,,87,70,1881 Capacelli - Il vero libro dei sogni
Brisole,,14,70,1881 Capacelli - Il vero libro dei sogni
Brividi,,35,70,1881 Capacelli - Il vero libro dei sogni
"Brocca Qualunque Di Rame, Di Terra Od",argento,14 80,71,1881 Capacelli - Il vero libro dei sogni
Broccatello,,46,71,1881 Capacelli - Il vero libro dei sogni
Brocche,,52,71,1881 Capacelli - Il vero libro dei sogni
Brocche,d'oro e d'arg,55,71,1881 Capacelli - Il vero libro dei sogni
Brocchiere,,11,71,1881 Capacelli - Il vero libro dei sogni
Broccoli,,9 65 70,71,1881 Capacelli - Il vero libro dei sogni
Brodo,o broda,62,71,1881 Capacelli - Il vero libro dei sogni
Brodetto,,10,71,1881 Capacelli - Il vero libro dei sogni
Brogioto Fino,,71,71,1881 Capacelli - Il vero libro dei sogni
Broncone,,90,71,1881 Capacelli - Il vero libro dei sogni
Brontoli,,76,71,1881 Capacelli - Il vero libro dei sogni
Bronzista,,82,71,1881 Capacelli - Il vero libro dei sogni
Bronzo,,12,71,1881 Capacelli - Il vero libro dei sogni
Brucare,,24,71,1881 Capacelli - Il vero libro dei sogni
Brucare,foglie,30,71,1881 Capacelli - Il vero libro dei sogni
Bruciamento,,49,71,1881 Capacelli - Il vero libro dei sogni
Bruciare,,64,71,1881 Capacelli - Il vero libro dei sogni
Buccia,,16,71,1881 Capacelli - Il vero libro dei sogni
Bucefalo,,78,71,1881 Capacelli - Il vero libro dei sogni
Buche Di Gamberi,,2,71,1881 Capacelli - Il vero libro dei sogni
Buche Di Gamberi,di granchi,36,71,1881 Capacelli - Il vero libro dei sogni
Buchi,,11 56,71,1881 Capacelli - Il vero libro dei sogni
Bucinelli,,39,71,1881 Capacelli - Il vero libro dei sogni
Bucintoro,,63,71,1881 Capacelli - Il vero libro dei sogni
Budella Qualun,,1,71,1881 Capacelli - Il vero libro dei sogni
Bue Nella Stalla,,61 62,71,1881 Capacelli - Il vero libro dei sogni
Bufala,,16 87,71,1881 Capacelli - Il vero libro dei sogni
Bufalo,,14 74,71,1881 Capacelli - Il vero libro dei sogni
Bufera,,29,71,1881 Capacelli - Il vero libro dei sogni
Buffetta,,53 87,71,1881 Capacelli - Il vero libro dei sogni
Buffoni,,41 43,71,1881 Capacelli - Il vero libro dei sogni
Bugia,,63 51,71,1881 Capacelli - Il vero libro dei sogni
Bugiardo,,65,71,1881 Capacelli - Il vero libro dei sogni
Bugna,,65,71,1881 Capacelli - Il vero libro dei sogni
Bugne D'api,,55,71,1881 Capacelli - Il vero libro dei sogni
Bugnole Da Grano,,79,71,1881 Capacelli - Il vero libro dei sogni
"Bruciato, Bruciata Bujo, Nero",,34 64,71,1881 Capacelli - Il vero libro dei sogni
Bruciatoio,,62 82,71,1881 Capacelli - Il vero libro dei sogni
Brucioli,,14,71,1881 Capacelli - Il vero libro dei sogni
Brunito,,78,71,1881 Capacelli - Il vero libro dei sogni
Brunitojo,,9,71,1881 Capacelli - Il vero libro dei sogni
Brnnitura,,49,71,1881 Capacelli - Il vero libro dei sogni
"Bruno, Lutto",,69 70,71,1881 Capacelli - Il vero libro dei sogni
Bruscolo,,88,71,1881 Capacelli - Il vero libro dei sogni
Brutale,,77,71,1881 Capacelli - Il vero libro dei sogni
Brutalità,,74,71,1881 Capacelli - Il vero libro dei sogni
Brutta Figura,,24 42,71,1881 Capacelli - Il vero libro dei sogni
Bullette Di Ferro,,71,71,1881 Capacelli - Il vero libro dei sogni
Buon Amico,,16,71,1881 Capacelli - Il vero libro dei sogni
Buon Amico,anno,75,71,1881 Capacelli - Il vero libro dei sogni
Buon Amico,compagno,79,71,1881 Capacelli - Il vero libro dei sogni
Buon Amico,cuore,48,71,1881 Capacelli - Il vero libro dei sogni
Buon Amico,odore,16 18,71,1881 Capacelli - Il vero libro dei sogni
Buon Amico,tempo,48,71,1881 Capacelli - Il vero libro dei sogni
Buon Amico,vino,2 56,71,1881 Capacelli - Il vero libro dei sogni
Buona,notte,8,71,1881 Capacelli - Il vero libro dei sogni
Buona,strada,2,71,1881 Capacelli - Il vero libro dei sogni
Bruzzo Formaggio Buonvicini,,57 68,71,1881 Capacelli - Il vero libro dei sogni
"Bubbola, Uccello",,88,71,1881 Capacelli - Il vero libro dei sogni
Buca,,40 44,71,1881 Capacelli - Il vero libro dei sogni
Buca,di fiere,34,71,1881 Capacelli - Il vero libro dei sogni
Bucare,,20,71,1881 Capacelli - Il vero libro dei sogni
Bucate O Lessiva,,81,71,1881 Capacelli - Il vero libro dei sogni
Bucatore,,72,71,1881 Capacelli - Il vero libro dei sogni
Burattatore,,47,71,1881 Capacelli - Il vero libro dei sogni
Burattini,,65 69,71,1881 Capacelli - Il vero libro dei sogni
Buratto,,14,71,1881 Capacelli - Il vero libro dei sogni
Burla,,11,71,1881 Capacelli - Il vero libro dei sogni
Burro,,9,71,1881 Capacelli - Il vero libro dei sogni
Burrara,,4,71,1881 Capacelli - Il vero libro dei sogni
Burrasca,,36 83,72,1881 Capacelli - Il vero libro dei sogni
Burbero,,7,72,1881 Capacelli - Il vero libro dei sogni
Burolista,,33,72,1881 Capacelli - Il vero libro dei sogni
Burolista,di mare,63,72,1881 Capacelli - Il vero libro dei sogni
Buscaglia,,26 37,72,1881 Capacelli - Il vero libro dei sogni
Buschetta,,63,72,1881 Capacelli - Il vero libro dei sogni
Busecchini,,52,72,1881 Capacelli - Il vero libro dei sogni
Bussola,,75,72,1881 Capacelli - Il vero libro dei sogni
Bussolotti,,59,72,1881 Capacelli - Il vero libro dei sogni
Busti Da Donna,,68,72,1881 Capacelli - Il vero libro dei sogni
Busto,,75 29,72,1881 Capacelli - Il vero libro dei sogni
Busto,di ferro,4,72,1881 Capacelli - Il vero libro dei sogni
Butirro O Burro,,31,72,1881 Capacelli - Il vero libro dei sogni
Buttarsi Dall'alto,,84,72,1881 Capacelli - Il vero libro dei sogni
Buzzolandi,,64,72,1881 Capacelli - Il vero libro dei sogni
Buzzoni,,73,72,1881 Capacelli - Il vero libro dei sogni
Cabala,,32 33,72,1881 Capacelli - Il vero libro dei sogni
Cabalista,,75,72,1881 Capacelli - Il vero libro dei sogni
Cabaretto,,82,72,1881 Capacelli - Il vero libro dei sogni
Cacare,,71,72,1881 Capacelli - Il vero libro dei sogni
Cacca,,23,72,1881 Capacelli - Il vero libro dei sogni
Caccao,,58 60,72,1881 Capacelli - Il vero libro dei sogni
Caccia Li,,7,72,1881 Capacelli - Il vero libro dei sogni
Cacciare,,41,72,1881 Capacelli - Il vero libro dei sogni
Cacciatore,,17 66,72,1881 Capacelli - Il vero libro dei sogni
Cacciatori,,28,72,1881 Capacelli - Il vero libro dei sogni
Cacciatrice,,88,72,1881 Capacelli - Il vero libro dei sogni
Cacciajolo,,27 58,72,1881 Capacelli - Il vero libro dei sogni
Cacio Fresco,,4,72,1881 Capacelli - Il vero libro dei sogni
Cacio Fresco,parmigiano,30,72,1881 Capacelli - Il vero libro dei sogni
Cacio Fresco,salato,15,72,1881 Capacelli - Il vero libro dei sogni
Cacio Fresco,seco,57,72,1881 Capacelli - Il vero libro dei sogni
Cacio Fresco,qualunque,30 41,72,1881 Capacelli - Il vero libro dei sogni
Cacciola,,5,72,1881 Capacelli - Il vero libro dei sogni
Cadavere,,61,72,1881 Capacelli - Il vero libro dei sogni
Cadetto,,61,72,1881 Capacelli - Il vero libro dei sogni
Caduta,,56,72,1881 Capacelli - Il vero libro dei sogni
Caduto,,61,72,1881 Capacelli - Il vero libro dei sogni
Cadrega,,36,72,1881 Capacelli - Il vero libro dei sogni
Cadreghe,,68 80,72,1881 Capacelli - Il vero libro dei sogni
Cadrego,,5,72,1881 Capacelli - Il vero libro dei sogni
Cadregone,,67 79,72,1881 Capacelli - Il vero libro dei sogni
Caffè,,73 86,72,1881 Capacelli - Il vero libro dei sogni
Caffettiere,,61,72,1881 Capacelli - Il vero libro dei sogni
Cagna,,59,72,1881 Capacelli - Il vero libro dei sogni
Cagna,pregna,35,72,1881 Capacelli - Il vero libro dei sogni
Cagnola,,7 30 73,72,1881 Capacelli - Il vero libro dei sogni
Cagnolino,,66,72,1881 Capacelli - Il vero libro dei sogni
Cagnone,,61,72,1881 Capacelli - Il vero libro dei sogni
Calabrese,,79,72,1881 Capacelli - Il vero libro dei sogni
Calabrone,,41,72,1881 Capacelli - Il vero libro dei sogni
"Calamari, Pesci 1368",,89,72,1881 Capacelli - Il vero libro dei sogni
"Calamari, Pesci 1368",diversi,27,72,1881 Capacelli - Il vero libro dei sogni
Calamaro Da Scrivere,,56,72,1881 Capacelli - Il vero libro dei sogni
Calamita,,57 88,72,1881 Capacelli - Il vero libro dei sogni
Calamitano,,88,72,1881 Capacelli - Il vero libro dei sogni
Cai Anca,,88,72,1881 Capacelli - Il vero libro dei sogni
Calandre,,45 50 54,72,1881 Capacelli - Il vero libro dei sogni
Calata,,66,72,1881 Capacelli - Il vero libro dei sogni
Calca,,90,72,1881 Capacelli - Il vero libro dei sogni
Calcagno,,87,72,1881 Capacelli - Il vero libro dei sogni
Calcatezza,,24,72,1881 Capacelli - Il vero libro dei sogni
Calanti,,12,72,1881 Capacelli - Il vero libro dei sogni
"Calcedonio, Gioia",,32,72,1881 Capacelli - Il vero libro dei sogni
Calcetto,,6,72,1881 Capacelli - Il vero libro dei sogni
Calcina,,21,73,1881 Capacelli - Il vero libro dei sogni
Calcinacci,,79,73,1881 Capacelli - Il vero libro dei sogni
Calcinar O,,21,73,1881 Capacelli - Il vero libro dei sogni
Calcinato,,17,73,1881 Capacelli - Il vero libro dei sogni
Calcio,,7 88,73,1881 Capacelli - Il vero libro dei sogni
Calcolatore,,90,73,1881 Capacelli - Il vero libro dei sogni
"Calcolo, Calcolare",,5 79,73,1881 Capacelli - Il vero libro dei sogni
Caldaione,,60,73,1881 Capacelli - Il vero libro dei sogni
Caldanino,,85,73,1881 Capacelli - Il vero libro dei sogni
Caldano,,74,73,1881 Capacelli - Il vero libro dei sogni
Caldara,,53,73,1881 Capacelli - Il vero libro dei sogni
Caldara,al fuoco,22,73,1881 Capacelli - Il vero libro dei sogni
Caldarara,,61,73,1881 Capacelli - Il vero libro dei sogni
Calddrajo,,5 50,73,1881 Capacelli - Il vero libro dei sogni
Caldari,,74,73,1881 Capacelli - Il vero libro dei sogni
Caldarino,,73,73,1881 Capacelli - Il vero libro dei sogni
Caldarostajo,,62 82,73,1881 Capacelli - Il vero libro dei sogni
Calderotto,,51,73,1881 Capacelli - Il vero libro dei sogni
Caldo,e caldura,7,73,1881 Capacelli - Il vero libro dei sogni
"Calendar. ,calende",,31 7,73,1881 Capacelli - Il vero libro dei sogni
Calessante,,51,73,1881 Capacelli - Il vero libro dei sogni
Calesse,,23,73,1881 Capacelli - Il vero libro dei sogni
Calice,,35 36,73,1881 Capacelli - Il vero libro dei sogni
"Caligo, Nebbia",,87,73,1881 Capacelli - Il vero libro dei sogni
Calli,,13,73,1881 Capacelli - Il vero libro dei sogni
Calma Di Mare,,50,73,1881 Capacelli - Il vero libro dei sogni
Calore,,19,73,1881 Capacelli - Il vero libro dei sogni
Calotta,,53,73,1881 Capacelli - Il vero libro dei sogni
Calpestio,,65,73,1881 Capacelli - Il vero libro dei sogni
Calpestare,,37,73,1881 Capacelli - Il vero libro dei sogni
Calvezza Di Testa,,28,73,1881 Capacelli - Il vero libro dei sogni
Calvi,,20,73,1881 Capacelli - Il vero libro dei sogni
Calvinista,,27,73,1881 Capacelli - Il vero libro dei sogni
Calunnia,,58,73,1881 Capacelli - Il vero libro dei sogni
Calunniatore,,47,73,1881 Capacelli - Il vero libro dei sogni
Caluso O Caligine,,29 68,73,1881 Capacelli - Il vero libro dei sogni
Calza,,58,73,1881 Capacelli - Il vero libro dei sogni
Calettare,,40,73,1881 Capacelli - Il vero libro dei sogni
Calzette Di Seta,,25 70,73,1881 Capacelli - Il vero libro dei sogni
Calzolaja,,14,73,1881 Capacelli - Il vero libro dei sogni
Calzolaio,,4 5,73,1881 Capacelli - Il vero libro dei sogni
Calzoni,,3 36 67,73,1881 Capacelli - Il vero libro dei sogni
Calzoni,di pelle,36,73,1881 Capacelli - Il vero libro dei sogni
Camauro,,76,73,1881 Capacelli - Il vero libro dei sogni
Camaleonte,,80,73,1881 Capacelli - Il vero libro dei sogni
"Cambiale, Lettera",,55,73,1881 Capacelli - Il vero libro dei sogni
Cambigia,,70,73,1881 Capacelli - Il vero libro dei sogni
Cambio Attivo,,90,73,1881 Capacelli - Il vero libro dei sogni
Cambio Attivo,passivo,45,73,1881 Capacelli - Il vero libro dei sogni
Cambista,,87,73,1881 Capacelli - Il vero libro dei sogni
Camelli,,39 66,73,1881 Capacelli - Il vero libro dei sogni
Camello,solo,74,73,1881 Capacelli - Il vero libro dei sogni
Camera,,47,73,1881 Capacelli - Il vero libro dei sogni
Camera,mobigliata,4 12 29,73,1881 Capacelli - Il vero libro dei sogni
Camera,parata,35,73,1881 Capacelli - Il vero libro dei sogni
Canterella,,68 78,73,1881 Capacelli - Il vero libro dei sogni
Camerette,,10 42,73,1881 Capacelli - Il vero libro dei sogni
Cameriera,,60,73,1881 Capacelli - Il vero libro dei sogni
Cameriere,,24,73,1881 Capacelli - Il vero libro dei sogni
Camerino ],,62,73,1881 Capacelli - Il vero libro dei sogni
Camerlinga,,20,73,1881 Capacelli - Il vero libro dei sogni
Camerlingo,,56,73,1881 Capacelli - Il vero libro dei sogni
•camerotto,,24,73,1881 Capacelli - Il vero libro dei sogni
Camicie,,8 66,73,1881 Capacelli - Il vero libro dei sogni
Camicie,di qualunque sorta,2 88,73,1881 Capacelli - Il vero libro dei sogni
Camicia Sola,,3,73,1881 Capacelli - Il vero libro dei sogni
Camicia Sola,guarnita,3 47,73,1881 Capacelli - Il vero libro dei sogni
Camiciara,,4,73,1881 Capacelli - Il vero libro dei sogni
Camiciare,,4 40,73,1881 Capacelli - Il vero libro dei sogni
Camino,,8,73,1881 Capacelli - Il vero libro dei sogni
Camino,con fumo,18,73,1881 Capacelli - Il vero libro dei sogni
Camminare,,85,74,1881 Capacelli - Il vero libro dei sogni
Cammino,,24,74,1881 Capacelli - Il vero libro dei sogni
"Camoscio, Pelle",,20,74,1881 Capacelli - Il vero libro dei sogni
Campagna,,9 65,74,1881 Capacelli - Il vero libro dei sogni
Campagna,con bosco,23,74,1881 Capacelli - Il vero libro dei sogni
Campagnola,,68,74,1881 Capacelli - Il vero libro dei sogni
Campana,,26 71,74,1881 Capacelli - Il vero libro dei sogni
Campanare,,66,74,1881 Capacelli - Il vero libro dei sogni
Campanaro,,6 73,74,1881 Capacelli - Il vero libro dei sogni
Campane,,9 65,74,1881 Capacelli - Il vero libro dei sogni
Campanella D'oro,,70,74,1881 Capacelli - Il vero libro dei sogni
Campanella D'oro,di perle,10,74,1881 Capacelli - Il vero libro dei sogni
Campanelle,,20 74,74,1881 Capacelli - Il vero libro dei sogni
Campanelli,,20 84,74,1881 Capacelli - Il vero libro dei sogni
Campanile,,29 73,74,1881 Capacelli - Il vero libro dei sogni
Campanili |,,11,74,1881 Capacelli - Il vero libro dei sogni
Camparo,,35 7,74,1881 Capacelli - Il vero libro dei sogni
Campeggio Tinta,,63,74,1881 Capacelli - Il vero libro dei sogni
Campi,,37,74,1881 Capacelli - Il vero libro dei sogni
Campi,elisi,8 63,74,1881 Capacelli - Il vero libro dei sogni
Campione,,29,74,1881 Capacelli - Il vero libro dei sogni
Campioni,,62,74,1881 Capacelli - Il vero libro dei sogni
Campo,,46,74,1881 Capacelli - Il vero libro dei sogni
Campo,lavorato,25,74,1881 Capacelli - Il vero libro dei sogni
Campo,di fiori,25,74,1881 Capacelli - Il vero libro dei sogni
Campo,di frutti,20 51,74,1881 Capacelli - Il vero libro dei sogni
Campo,di battaglia,31,74,1881 Capacelli - Il vero libro dei sogni
Campo,di fragole,10 51,74,1881 Capacelli - Il vero libro dei sogni
Campo,santo,5,74,1881 Capacelli - Il vero libro dei sogni
Campo,di frumento,44,74,1881 Capacelli - Il vero libro dei sogni
Canajuolo Uva,,24,74,1881 Capacelli - Il vero libro dei sogni
Canale,,16 38,74,1881 Capacelli - Il vero libro dei sogni
Canali,,54,74,1881 Capacelli - Il vero libro dei sogni
Canapa,,32,74,1881 Capacelli - Il vero libro dei sogni
Canapaccia,,13 15,74,1881 Capacelli - Il vero libro dei sogni
Canapè,,34 71,74,1881 Capacelli - Il vero libro dei sogni
Canalino,,79,74,1881 Capacelli - Il vero libro dei sogni
Canarini,,17,74,1881 Capacelli - Il vero libro dei sogni
Canatiere,,10,74,1881 Capacelli - Il vero libro dei sogni
Canavetta,,11,74,1881 Capacelli - Il vero libro dei sogni
Cancellerie,,27,74,1881 Capacelli - Il vero libro dei sogni
Cancelleria,,86,74,1881 Capacelli - Il vero libro dei sogni
Cancello,,77,74,1881 Capacelli - Il vero libro dei sogni
Canchero,,42,74,1881 Capacelli - Il vero libro dei sogni
Cancrena,,47,74,1881 Capacelli - Il vero libro dei sogni
Candela,,74,74,1881 Capacelli - Il vero libro dei sogni
Candela,accesa,49,74,1881 Capacelli - Il vero libro dei sogni
Candela,di cera,35,74,1881 Capacelli - Il vero libro dei sogni
Candelaro,,50,74,1881 Capacelli - Il vero libro dei sogni
Candele,,13 74,74,1881 Capacelli - Il vero libro dei sogni
Candele,di sego,66,74,1881 Capacelli - Il vero libro dei sogni
Candeliere,,13 73,74,1881 Capacelli - Il vero libro dei sogni
Candeliere,d'ottone,24,74,1881 Capacelli - Il vero libro dei sogni
Candeliere,di stagno,22,74,1881 Capacelli - Il vero libro dei sogni
Candelieri D'argento,,61,74,1881 Capacelli - Il vero libro dei sogni
Candelottaro,,16 32 90,74,1881 Capacelli - Il vero libro dei sogni
Candelottare,,90,74,1881 Capacelli - Il vero libro dei sogni
Candelotto,,1,74,1881 Capacelli - Il vero libro dei sogni
Candire,,28,74,1881 Capacelli - Il vero libro dei sogni
Canditi,,40 66,74,1881 Capacelli - Il vero libro dei sogni
Canestrara,,40 66,74,1881 Capacelli - Il vero libro dei sogni
Canestraro,,62 87,74,1881 Capacelli - Il vero libro dei sogni
Canestri,,28,74,1881 Capacelli - Il vero libro dei sogni
Canestro Di Frutta,,42,74,1881 Capacelli - Il vero libro dei sogni
Canestro Di Frutta,di fiori,45,74,1881 Capacelli - Il vero libro dei sogni
Canevara,,68,74,1881 Capacelli - Il vero libro dei sogni
Canevaro,,26 69,74,1881 Capacelli - Il vero libro dei sogni
Cane Alla Catena,,85,74,1881 Capacelli - Il vero libro dei sogni
Cane Alla Catena,in letto,28,74,1881 Capacelli - Il vero libro dei sogni
Cane Alla Catena,ed orso,7,74,1881 Capacelli - Il vero libro dei sogni
Cane Alla Catena,e gatto,65,74,1881 Capacelli - Il vero libro dei sogni
Cane Alla Catena,solo,3 6,74,1881 Capacelli - Il vero libro dei sogni
Cane Alla Catena,arrabiato,70,74,1881 Capacelli - Il vero libro dei sogni
Cane Alla Catena,mastino,16,74,1881 Capacelli - Il vero libro dei sogni
Cangiante Colore Cantatrice,,37 79 5,75,1881 Capacelli - Il vero libro dei sogni
Canestrella,,50,75,1881 Capacelli - Il vero libro dei sogni
Cani,,7 24,75,1881 Capacelli - Il vero libro dei sogni
Cani,neri,83,75,1881 Capacelli - Il vero libro dei sogni
Cani,rossi,23,75,1881 Capacelli - Il vero libro dei sogni
Cani,bianchi,72,75,1881 Capacelli - Il vero libro dei sogni
Cani,levrieri,23 46,75,1881 Capacelli - Il vero libro dei sogni
Cani,di più colori,54,75,1881 Capacelli - Il vero libro dei sogni
Canicola,,50,75,1881 Capacelli - Il vero libro dei sogni
Canna Nostrale,,60,75,1881 Capacelli - Il vero libro dei sogni
Canna Nostrale,d' India,2 22,75,1881 Capacelli - Il vero libro dei sogni
Canne,,19,75,1881 Capacelli - Il vero libro dei sogni
Canne,d'organo,50,75,1881 Capacelli - Il vero libro dei sogni
Canne,da lavativo,15,75,1881 Capacelli - Il vero libro dei sogni
Cannella,,2 35,75,1881 Capacelli - Il vero libro dei sogni
Cannella,in polvere,6,75,1881 Capacelli - Il vero libro dei sogni
Cannette,,9 36,75,1881 Capacelli - Il vero libro dei sogni
Cannetto,,69,75,1881 Capacelli - Il vero libro dei sogni
Cannonate,,90,75,1881 Capacelli - Il vero libro dei sogni
Cannone Solo,,10 70,75,1881 Capacelli - Il vero libro dei sogni
Cannoniera,,6,75,1881 Capacelli - Il vero libro dei sogni
Cannoni Molti,,27,75,1881 Capacelli - Il vero libro dei sogni
Cannocchiale,,58,75,1881 Capacelli - Il vero libro dei sogni
Cannocchiali,,9,75,1881 Capacelli - Il vero libro dei sogni
Cannocchio,,16,75,1881 Capacelli - Il vero libro dei sogni
Canonica,,59,75,1881 Capacelli - Il vero libro dei sogni
Canonico,,3 42,75,1881 Capacelli - Il vero libro dei sogni
Canova,,17,75,1881 Capacelli - Il vero libro dei sogni
Canovaccio,,16,75,1881 Capacelli - Il vero libro dei sogni
Canovaro,,24,75,1881 Capacelli - Il vero libro dei sogni
Cantambanco,,70,75,1881 Capacelli - Il vero libro dei sogni
Cantarale,,84,75,1881 Capacelli - Il vero libro dei sogni
Cantarano,,84 89,75,1881 Capacelli - Il vero libro dei sogni
"Cantare, Sentire",,89,75,1881 Capacelli - Il vero libro dei sogni
Cantarelle,,60 73,75,1881 Capacelli - Il vero libro dei sogni
Cantaridi,,54,75,1881 Capacelli - Il vero libro dei sogni
Cantarina,,6,75,1881 Capacelli - Il vero libro dei sogni
Cantarellare,,60,75,1881 Capacelli - Il vero libro dei sogni
Cantero,,9,75,1881 Capacelli - Il vero libro dei sogni
Cantina,,6,75,1881 Capacelli - Il vero libro dei sogni
Cantinella,,11,75,1881 Capacelli - Il vero libro dei sogni
Cantini,,44 64,75,1881 Capacelli - Il vero libro dei sogni
Cantiniere,,26 60,75,1881 Capacelli - Il vero libro dei sogni
Canto,,1,75,1881 Capacelli - Il vero libro dei sogni
Cantonata,,90,75,1881 Capacelli - Il vero libro dei sogni
Cantone,,43,75,1881 Capacelli - Il vero libro dei sogni
Cantore,,2,75,1881 Capacelli - Il vero libro dei sogni
Canzone,,29,75,1881 Capacelli - Il vero libro dei sogni
Caos,,1,75,1881 Capacelli - Il vero libro dei sogni
Capanna,,32,75,1881 Capacelli - Il vero libro dei sogni
Capanuccia,,60,75,1881 Capacelli - Il vero libro dei sogni
Caparra,,6,75,1881 Capacelli - Il vero libro dei sogni
Capassa,,33,75,1881 Capacelli - Il vero libro dei sogni
Capecchio,,23,75,1881 Capacelli - Il vero libro dei sogni
Capelli,,28 54,75,1881 Capacelli - Il vero libro dei sogni
Capelli,bianchi,6 72,75,1881 Capacelli - Il vero libro dei sogni
Capelli,neri,27,75,1881 Capacelli - Il vero libro dei sogni
Capelvenere,,82,75,1881 Capacelli - Il vero libro dei sogni
Capestro,,54,75,1881 Capacelli - Il vero libro dei sogni
Capetone Nell'acqua,,50 67,75,1881 Capacelli - Il vero libro dei sogni
Capezza,,25,75,1881 Capacelli - Il vero libro dei sogni
Capezzale,,51,75,1881 Capacelli - Il vero libro dei sogni
Capillaria Erba,,82,75,1881 Capacelli - Il vero libro dei sogni
Capitale,,23,75,1881 Capacelli - Il vero libro dei sogni
Capitani,,14 57,75,1881 Capacelli - Il vero libro dei sogni
Capitano,,8,75,1881 Capacelli - Il vero libro dei sogni
Capitello,,47,75,1881 Capacelli - Il vero libro dei sogni
Capitolo,,36,75,1881 Capacelli - Il vero libro dei sogni
Capitombolo,,65,75,1881 Capacelli - Il vero libro dei sogni
Capo,di contrada,5,75,1881 Capacelli - Il vero libro dei sogni
Capo,d'ufficio,9,75,1881 Capacelli - Il vero libro dei sogni
Capo,d'uomo,34,75,1881 Capacelli - Il vero libro dei sogni
Capo,di bestia,77,76,1881 Capacelli - Il vero libro dei sogni
Capo,di vascello,10,76,1881 Capacelli - Il vero libro dei sogni
Capo,caccie,89,76,1881 Capacelli - Il vero libro dei sogni
Capo,di lombarde,76,76,1881 Capacelli - Il vero libro dei sogni
Capo,di fuoco,12 26,76,1881 Capacelli - Il vero libro dei sogni
Capo,di setta,72,76,1881 Capacelli - Il vero libro dei sogni
Capo,d'anno,1,76,1881 Capacelli - Il vero libro dei sogni
Capo,di casa,3,76,1881 Capacelli - Il vero libro dei sogni
Capo,di tavola,7,76,1881 Capacelli - Il vero libro dei sogni
Capo,comico,2,76,1881 Capacelli - Il vero libro dei sogni
Capo,squadra,7,76,1881 Capacelli - Il vero libro dei sogni
Capo,arruffato,41,76,1881 Capacelli - Il vero libro dei sogni
Capo,assetto,14,76,1881 Capacelli - Il vero libro dei sogni
Capo,lavarsi,18,76,1881 Capacelli - Il vero libro dei sogni
Capomastro,,45,76,1881 Capacelli - Il vero libro dei sogni
"Caporale De'sold, 1216 Caporali",,82,76,1881 Capacelli - Il vero libro dei sogni
Cappa,,55,76,1881 Capacelli - Il vero libro dei sogni
Cappa,da camino,1,76,1881 Capacelli - Il vero libro dei sogni
Cappa,magna,7,76,1881 Capacelli - Il vero libro dei sogni
Cappe Di Suffragio,,7,76,1881 Capacelli - Il vero libro dei sogni
Cappe Di Suffragio,sante,72,76,1881 Capacelli - Il vero libro dei sogni
Cappella,,11 71,76,1881 Capacelli - Il vero libro dei sogni
Cappellania,,30,76,1881 Capacelli - Il vero libro dei sogni
Cappellano,,64 74,76,1881 Capacelli - Il vero libro dei sogni
Cappellara,,55,76,1881 Capacelli - Il vero libro dei sogni
Cappellari,,35,76,1881 Capacelli - Il vero libro dei sogni
Cappellaro,,2 45,76,1881 Capacelli - Il vero libro dei sogni
Cappelli,,50,76,1881 Capacelli - Il vero libro dei sogni
Cappelliera,,27,76,1881 Capacelli - Il vero libro dei sogni
Cappellino,,17 71,76,1881 Capacelli - Il vero libro dei sogni
Cappello,,31 75,76,1881 Capacelli - Il vero libro dei sogni
Cappello,bianco,74,76,1881 Capacelli - Il vero libro dei sogni
Cappello,bord. d'oro,4,76,1881 Capacelli - Il vero libro dei sogni
Cappello,bordato d'arg,72,76,1881 Capacelli - Il vero libro dei sogni
Cappello,piumato,62,76,1881 Capacelli - Il vero libro dei sogni
Capperi,,27 39,76,1881 Capacelli - Il vero libro dei sogni
Capponaia,,42,76,1881 Capacelli - Il vero libro dei sogni
Cappone,,73,76,1881 Capacelli - Il vero libro dei sogni
Capponi,,88,76,1881 Capacelli - Il vero libro dei sogni
Capponi,magri,25,76,1881 Capacelli - Il vero libro dei sogni
Capponi,grassi,58,76,1881 Capacelli - Il vero libro dei sogni
Cappotto,,28,76,1881 Capacelli - Il vero libro dei sogni
"Cappucci, Erba",,33,76,1881 Capacelli - Il vero libro dei sogni
Cappuccio,,13,76,1881 Capacelli - Il vero libro dei sogni
Capra,,2 27,76,1881 Capacelli - Il vero libro dei sogni
Caprajo,,2 60,76,1881 Capacelli - Il vero libro dei sogni
Capretto,,76,76,1881 Capacelli - Il vero libro dei sogni
Caprettaja,,39,76,1881 Capacelli - Il vero libro dei sogni
Capretto,ls,17,76,1881 Capacelli - Il vero libro dei sogni
Capricorno,,60,76,1881 Capacelli - Il vero libro dei sogni
Capriola,,71,76,1881 Capacelli - Il vero libro dei sogni
Capriolo,,66,76,1881 Capacelli - Il vero libro dei sogni
Caprone,,9,76,1881 Capacelli - Il vero libro dei sogni
Carabina,,6,76,1881 Capacelli - Il vero libro dei sogni
Caraffa,,88,76,1881 Capacelli - Il vero libro dei sogni
Caraffa,con acqua,6,76,1881 Capacelli - Il vero libro dei sogni
Caraffe,,89,76,1881 Capacelli - Il vero libro dei sogni
Carafflna,da petto,42,76,1881 Capacelli - Il vero libro dei sogni
Carafflna,con medicine,76,76,1881 Capacelli - Il vero libro dei sogni
Carafflna,con fiori,60,76,1881 Capacelli - Il vero libro dei sogni
Caramelle,,16 24,76,1881 Capacelli - Il vero libro dei sogni
Caratello O Caratelli,,7,76,1881 Capacelli - Il vero libro dei sogni
Carattere Stamp,,7 52,76,1881 Capacelli - Il vero libro dei sogni
Carbonara,,67,76,1881 Capacelli - Il vero libro dei sogni
Carbonaro,,30 51,76,1881 Capacelli - Il vero libro dei sogni
Carbonchio,gioia,53,76,1881 Capacelli - Il vero libro dei sogni
Carbone,,15 85,76,1881 Capacelli - Il vero libro dei sogni
Carbone,acceso,17 54,76,1881 Capacelli - Il vero libro dei sogni
Carbone,nella fornace,36 73,76,1881 Capacelli - Il vero libro dei sogni
Carbone,di terra,10,76,1881 Capacelli - Il vero libro dei sogni
Carcasso,,23,76,1881 Capacelli - Il vero libro dei sogni
Carcerato,,7 77,76,1881 Capacelli - Il vero libro dei sogni
Carcerazione,,83,76,1881 Capacelli - Il vero libro dei sogni
Carcere,,87,77,1881 Capacelli - Il vero libro dei sogni
Carceriere,,26,77,1881 Capacelli - Il vero libro dei sogni
Carciofi,,43,77,1881 Capacelli - Il vero libro dei sogni
Carciofo,,68,77,1881 Capacelli - Il vero libro dei sogni
Cardaluno,,27 84,77,1881 Capacelli - Il vero libro dei sogni
Cardatore Di Lana,,84,77,1881 Capacelli - Il vero libro dei sogni
Cardi Erba,,19,77,1881 Capacelli - Il vero libro dei sogni
Cardinale,,15 50,77,1881 Capacelli - Il vero libro dei sogni
Cardinali,,60 72,77,1881 Capacelli - Il vero libro dei sogni
Cardinali,da cardare,17,77,1881 Capacelli - Il vero libro dei sogni
Cardone,,4,77,1881 Capacelli - Il vero libro dei sogni
Cardo Santo,,67,77,1881 Capacelli - Il vero libro dei sogni
Carestia,,4,77,1881 Capacelli - Il vero libro dei sogni
Carezza O Carezze,,20,77,1881 Capacelli - Il vero libro dei sogni
Caricamento,,85,77,1881 Capacelli - Il vero libro dei sogni
"Carica, Impiego",,80,77,1881 Capacelli - Il vero libro dei sogni
Carico E Caricare,,85,77,1881 Capacelli - Il vero libro dei sogni
Cariello,,10,77,1881 Capacelli - Il vero libro dei sogni
Carietà,,60 69,77,1881 Capacelli - Il vero libro dei sogni
Carlini Moneta,,42,77,1881 Capacelli - Il vero libro dei sogni
Carnagione,,49,77,1881 Capacelli - Il vero libro dei sogni
Carne Cruda,,39,77,1881 Capacelli - Il vero libro dei sogni
Carne Cruda,cotta a lesso,50 82,77,1881 Capacelli - Il vero libro dei sogni
Carne Cruda,porcina,28,77,1881 Capacelli - Il vero libro dei sogni
Carne Cruda,secca,18,77,1881 Capacelli - Il vero libro dei sogni
Carne Cruda,salata,70,77,1881 Capacelli - Il vero libro dei sogni
Carne Cruda,umana,54,77,1881 Capacelli - Il vero libro dei sogni
Carne Cruda,che puzza,90,77,1881 Capacelli - Il vero libro dei sogni
Carnevale,,34 43,77,1881 Capacelli - Il vero libro dei sogni
Carogna,,83,77,1881 Capacelli - Il vero libro dei sogni
Carota,,33,77,1881 Capacelli - Il vero libro dei sogni
Carovana,,75,77,1881 Capacelli - Il vero libro dei sogni
Carpione,,47,77,1881 Capacelli - Il vero libro dei sogni
Carrettajo,,86,77,1881 Capacelli - Il vero libro dei sogni
Carrettiere,,12,77,1881 Capacelli - Il vero libro dei sogni
Carrettone,,25,77,1881 Capacelli - Il vero libro dei sogni
Carriola,,90,77,1881 Capacelli - Il vero libro dei sogni
Carro O Carretto Di Bo,sco,24,77,1881 Capacelli - Il vero libro dei sogni
Carro,,3 71,77,1881 Capacelli - Il vero libro dei sogni
Carro,di vino,46,77,1881 Capacelli - Il vero libro dei sogni
Carro,di grano,37,77,1881 Capacelli - Il vero libro dei sogni
Carro,di paglia,66,77,1881 Capacelli - Il vero libro dei sogni
Carro,di fieno,27,77,1881 Capacelli - Il vero libro dei sogni
Carro,d'olio,90,77,1881 Capacelli - Il vero libro dei sogni
Carro,trionfale,89,77,1881 Capacelli - Il vero libro dei sogni
Corraggio,,10,77,1881 Capacelli - Il vero libro dei sogni
Carriera,,30,77,1881 Capacelli - Il vero libro dei sogni
Carrozza,,22 88,77,1881 Capacelli - Il vero libro dei sogni
Carrozza,de' morti,13 62,77,1881 Capacelli - Il vero libro dei sogni
Carrozza,j- dorata,24,77,1881 Capacelli - Il vero libro dei sogni
Carrozziera,,25 52,77,1881 Capacelli - Il vero libro dei sogni
Carrozziere,,34,77,1881 Capacelli - Il vero libro dei sogni
Carrozzina,,36,77,1881 Capacelli - Il vero libro dei sogni
Carniccio,,3,77,1881 Capacelli - Il vero libro dei sogni
Carrucola,,90,77,1881 Capacelli - Il vero libro dei sogni
Carta,,55,77,1881 Capacelli - Il vero libro dei sogni
Carta,di Genova,1,77,1881 Capacelli - Il vero libro dei sogni
Carta,d'Olanda,4,77,1881 Capacelli - Il vero libro dei sogni
Carta,di pecora,38,77,1881 Capacelli - Il vero libro dei sogni
Carta,pesta,80,77,1881 Capacelli - Il vero libro dei sogni
Carta,da scrivere,55,77,1881 Capacelli - Il vero libro dei sogni
Carta,da involgere,37,77,1881 Capacelli - Il vero libro dei sogni
Cartara,,18,77,1881 Capacelli - Il vero libro dei sogni
Cartajo,,27,77,1881 Capacelli - Il vero libro dei sogni
Cartajo,che fa carte da giuoco,2,77,1881 Capacelli - Il vero libro dei sogni
Carte,,18,77,1881 Capacelli - Il vero libro dei sogni
Carte,òa giuoco,71,77,1881 Capacelli - Il vero libro dei sogni
Cartello,,86,77,1881 Capacelli - Il vero libro dei sogni
Cartiera,,4,77,1881 Capacelli - Il vero libro dei sogni
"Cartiera, Edilizio",,48,78,1881 Capacelli - Il vero libro dei sogni
Cartocci,,49,78,1881 Capacelli - Il vero libro dei sogni
Cartoccio Vuoto,,34,78,1881 Capacelli - Il vero libro dei sogni
Cartoccio Vuoto,con danaro,20,78,1881 Capacelli - Il vero libro dei sogni
Cartoccio Vuoto,di frutta,42,78,1881 Capacelli - Il vero libro dei sogni
Cartolara,,14,78,1881 Capacelli - Il vero libro dei sogni
Cartolaro,,27,78,1881 Capacelli - Il vero libro dei sogni
Cartolaio,,9,78,1881 Capacelli - Il vero libro dei sogni
Cartone,,20,78,1881 Capacelli - Il vero libro dei sogni
Cartoni,,26,78,1881 Capacelli - Il vero libro dei sogni
Carrubbio Frutto,,65,78,1881 Capacelli - Il vero libro dei sogni
Casa,,34 59,78,1881 Capacelli - Il vero libro dei sogni
Casa,nuova,4 66,78,1881 Capacelli - Il vero libro dei sogni
Casa,regia,24,78,1881 Capacelli - Il vero libro dei sogni
Casa,muta,71,78,1881 Capacelli - Il vero libro dei sogni
Casa,rustica,27,78,1881 Capacelli - Il vero libro dei sogni
Casa,di campagna,30,78,1881 Capacelli - Il vero libro dei sogni
Casamatta,,17,78,1881 Capacelli - Il vero libro dei sogni
Casacchino,,14,78,1881 Capacelli - Il vero libro dei sogni
Casamento,,50,78,1881 Capacelli - Il vero libro dei sogni
Casaccia,,11,78,1881 Capacelli - Il vero libro dei sogni
Casalbergone,,55,78,1881 Capacelli - Il vero libro dei sogni
Casale,,16 42,78,1881 Capacelli - Il vero libro dei sogni
Cascaggine,,82,78,1881 Capacelli - Il vero libro dei sogni
Cascare,,34,78,1881 Capacelli - Il vero libro dei sogni
Cascata,,56,78,1881 Capacelli - Il vero libro dei sogni
Cascina,,44 84,78,1881 Capacelli - Il vero libro dei sogni
Casella,,18,78,1881 Capacelli - Il vero libro dei sogni
Caselle,,14,78,1881 Capacelli - Il vero libro dei sogni
Casellina,,63,78,1881 Capacelli - Il vero libro dei sogni
Caserma,,71,78,1881 Capacelli - Il vero libro dei sogni
Casotto,,57,78,1881 Capacelli - Il vero libro dei sogni
Casotto,da burrat,29,78,1881 Capacelli - Il vero libro dei sogni
Casotto,di statue,60,78,1881 Capacelli - Il vero libro dei sogni
Cassa,,14,78,1881 Capacelli - Il vero libro dei sogni
Cassa,per prend. acqua,9,78,1881 Capacelli - Il vero libro dei sogni
Cassapanca,,5,78,1881 Capacelli - Il vero libro dei sogni
Cassapanche,,10,78,1881 Capacelli - Il vero libro dei sogni
Cassazione,,28,78,1881 Capacelli - Il vero libro dei sogni
Casse,,42,78,1881 Capacelli - Il vero libro dei sogni
Cassette D'ottone,,84,78,1881 Capacelli - Il vero libro dei sogni
Cassette D'ottone,di spazzature,21,78,1881 Capacelli - Il vero libro dei sogni
Cassettino D'accatt,,27,78,1881 Capacelli - Il vero libro dei sogni
Cassettone,,84,78,1881 Capacelli - Il vero libro dei sogni
"Cassia, Medicina",,50,78,1881 Capacelli - Il vero libro dei sogni
Cassiere,,62,78,1881 Capacelli - Il vero libro dei sogni
Castagne,,56 65,78,1881 Capacelli - Il vero libro dei sogni
"Castagno, Albero",,4 73,78,1881 Capacelli - Il vero libro dei sogni
Castagnaro,,44,78,1881 Capacelli - Il vero libro dei sogni
Castagnole,,1 77,78,1881 Capacelli - Il vero libro dei sogni
Castagnone,,18,78,1881 Capacelli - Il vero libro dei sogni
Castellano,,68 86,78,1881 Capacelli - Il vero libro dei sogni
Castelli,,43,78,1881 Capacelli - Il vero libro dei sogni
Castello,,23,78,1881 Capacelli - Il vero libro dei sogni
Castigo,,39,78,1881 Capacelli - Il vero libro dei sogni
Castoro,,80,78,1881 Capacelli - Il vero libro dei sogni
Castrato,,17,78,1881 Capacelli - Il vero libro dei sogni
Castrone,,29,78,1881 Capacelli - Il vero libro dei sogni
Casupola,,22 68,78,1881 Capacelli - Il vero libro dei sogni
Catacombe,,49,78,1881 Capacelli - Il vero libro dei sogni
Catafalco,,44 45,78,1881 Capacelli - Il vero libro dei sogni
Cataletto,,5 66,78,1881 Capacelli - Il vero libro dei sogni
Catalogo Di Libri,,56,78,1881 Capacelli - Il vero libro dei sogni
Catapecchia,,50,78,1881 Capacelli - Il vero libro dei sogni
Catarro,,63,78,1881 Capacelli - Il vero libro dei sogni
Catasta Di Legna,,87,78,1881 Capacelli - Il vero libro dei sogni
Catastro,,63,78,1881 Capacelli - Il vero libro dei sogni
Catechizzare,,42,78,1881 Capacelli - Il vero libro dei sogni
Catecumeni,,42,78,1881 Capacelli - Il vero libro dei sogni
Catena,,34 43,78,1881 Capacelli - Il vero libro dei sogni
Catena,d'oriuolo,35,78,1881 Capacelli - Il vero libro dei sogni
Catenaccio,,8 9,78,1881 Capacelli - Il vero libro dei sogni
Cateratta Di Ferro,,20,78,1881 Capacelli - Il vero libro dei sogni
Catinaio,,76,78,1881 Capacelli - Il vero libro dei sogni
Catinella,,6,79,1881 Capacelli - Il vero libro dei sogni
Catini,,18,79,1881 Capacelli - Il vero libro dei sogni
Catino,,10,79,1881 Capacelli - Il vero libro dei sogni
Catrame,,82,79,1881 Capacelli - Il vero libro dei sogni
Cattedra,,16 69,79,1881 Capacelli - Il vero libro dei sogni
Cattedrale,,30,79,1881 Capacelli - Il vero libro dei sogni
Cattivo,,61,79,1881 Capacelli - Il vero libro dei sogni
Cattolico,,60,79,1881 Capacelli - Il vero libro dei sogni
Caudatario,,3,79,1881 Capacelli - Il vero libro dei sogni
Causa Per Lite,,29,79,1881 Capacelli - Il vero libro dei sogni
Causidico,,78,79,1881 Capacelli - Il vero libro dei sogni
Cauterio,,61,79,1881 Capacelli - Il vero libro dei sogni
Cava,,6,79,1881 Capacelli - Il vero libro dei sogni
Cava,di metalli,30,79,1881 Capacelli - Il vero libro dei sogni
Cava,di marmi,56,79,1881 Capacelli - Il vero libro dei sogni
Cava,di pietra,40,79,1881 Capacelli - Il vero libro dei sogni
Cava,di terra,79,79,1881 Capacelli - Il vero libro dei sogni
Cava,di miele,26,79,1881 Capacelli - Il vero libro dei sogni
Cavadenti,,27 73,79,1881 Capacelli - Il vero libro dei sogni
Cavagna,,57 76,79,1881 Capacelli - Il vero libro dei sogni
Cavagnetto,,36 39,79,1881 Capacelli - Il vero libro dei sogni
Cavagno,,12,79,1881 Capacelli - Il vero libro dei sogni
Cavalanti,,17,79,1881 Capacelli - Il vero libro dei sogni
Cavalcata,,5,79,1881 Capacelli - Il vero libro dei sogni
Cavalcatura,,86,79,1881 Capacelli - Il vero libro dei sogni
Cavaliera,,4 61,79,1881 Capacelli - Il vero libro dei sogni
Cavaliere,,3 89,79,1881 Capacelli - Il vero libro dei sogni
Cavalla,,52,79,1881 Capacelli - Il vero libro dei sogni
Cavallaro,,12,79,1881 Capacelli - Il vero libro dei sogni
Cavaleggiare,,72,79,1881 Capacelli - Il vero libro dei sogni
Cavalleria,,12,79,1881 Capacelli - Il vero libro dei sogni
Cavallerizza,,72,79,1881 Capacelli - Il vero libro dei sogni
Cavalerizzo,,18 72,79,1881 Capacelli - Il vero libro dei sogni
Cavalletti,,13 26,79,1881 Capacelli - Il vero libro dei sogni
Cavalletto,,32 59,79,1881 Capacelli - Il vero libro dei sogni
Cavalli,,68,79,1881 Capacelli - Il vero libro dei sogni
Cavalle,,6,79,1881 Capacelli - Il vero libro dei sogni
Cavalle,di truppa,3 34,79,1881 Capacelli - Il vero libro dei sogni
Marini,,23,79,1881 Capacelli - Il vero libro dei sogni
Cavallo,,50,79,1881 Capacelli - Il vero libro dei sogni
Cavallo,bianco,50,79,1881 Capacelli - Il vero libro dei sogni
Cavallo,biondo,29,79,1881 Capacelli - Il vero libro dei sogni
Cavallo,che corre,80,79,1881 Capacelli - Il vero libro dei sogni
Cavallo,fuggito,25 50,79,1881 Capacelli - Il vero libro dei sogni
Cavallo,nero,60 3 44,79,1881 Capacelli - Il vero libro dei sogni
Cavallo,bajo,25,79,1881 Capacelli - Il vero libro dei sogni
Cavallo,macchiato,50,79,1881 Capacelli - Il vero libro dei sogni
Cavamacchie,,40,79,1881 Capacelli - Il vero libro dei sogni
Cavata Di Sangue,,36 60,79,1881 Capacelli - Il vero libro dei sogni
Cavata Di Sangue,vedi salasso Cavastracci,80,79,1881 Capacelli - Il vero libro dei sogni
Cavana,,4 81,79,1881 Capacelli - Il vero libro dei sogni
Cave Metta,,2,79,1881 Capacelli - Il vero libro dei sogni
Cavezza,,24,79,1881 Capacelli - Il vero libro dei sogni
Caviale,pesce,25,79,1881 Capacelli - Il vero libro dei sogni
Cavicchio,,88,79,1881 Capacelli - Il vero libro dei sogni
Caviglia,,86,79,1881 Capacelli - Il vero libro dei sogni
Cavigliare,,35,79,1881 Capacelli - Il vero libro dei sogni
Cavoli Bastardi,,20,79,1881 Capacelli - Il vero libro dei sogni
Cavoli Bastardi,capucci,18,79,1881 Capacelli - Il vero libro dei sogni
Cavoli Bastardi,torzuti,21,79,1881 Capacelli - Il vero libro dei sogni
Cavoli Bastardi,bianchi,18,79,1881 Capacelli - Il vero libro dei sogni
Cavoli Bastardi,fiori,54,79,1881 Capacelli - Il vero libro dei sogni
Cavolo Nero,,21,79,1881 Capacelli - Il vero libro dei sogni
Cavolo Nero,verde,49,79,1881 Capacelli - Il vero libro dei sogni
Cazzaruola,,11,79,1881 Capacelli - Il vero libro dei sogni
Cazzule,,18,79,1881 Capacelli - Il vero libro dei sogni
Cazzulo,,19,79,1881 Capacelli - Il vero libro dei sogni
Cazzuola,,57,79,1881 Capacelli - Il vero libro dei sogni
Ceci,,8,79,1881 Capacelli - Il vero libro dei sogni
Ceci,bianchi,78,79,1881 Capacelli - Il vero libro dei sogni
Ceci,freschi,2,79,1881 Capacelli - Il vero libro dei sogni
Ceci,rossi,84,79,1881 Capacelli - Il vero libro dei sogni
Ceci,secchi,78,80,1881 Capacelli - Il vero libro dei sogni
Ceci,spazzatempo,9,80,1881 Capacelli - Il vero libro dei sogni
Cedola,,70,80,1881 Capacelli - Il vero libro dei sogni
Cedolotto,,46,80,1881 Capacelli - Il vero libro dei sogni
Cedrato,,15,80,1881 Capacelli - Il vero libro dei sogni
Cedri,,55 69,80,1881 Capacelli - Il vero libro dei sogni
Cedrina,,55,80,1881 Capacelli - Il vero libro dei sogni
Cedro,,21,80,1881 Capacelli - Il vero libro dei sogni
Cedronella,,40,80,1881 Capacelli - Il vero libro dei sogni
Cedroni,,86,80,1881 Capacelli - Il vero libro dei sogni
Cefali,,42 48,80,1881 Capacelli - Il vero libro dei sogni
Ceffo,,9,80,1881 Capacelli - Il vero libro dei sogni
Ceffone,,81,80,1881 Capacelli - Il vero libro dei sogni
Celebratore,,82,80,1881 Capacelli - Il vero libro dei sogni
Cella,,11,80,1881 Capacelli - Il vero libro dei sogni
Cembalaro,,9,80,1881 Capacelli - Il vero libro dei sogni
Cembali,,19,80,1881 Capacelli - Il vero libro dei sogni
Cembalo,,11,80,1881 Capacelli - Il vero libro dei sogni
Cena,,43,80,1881 Capacelli - Il vero libro dei sogni
Cenacolo,,60,80,1881 Capacelli - Il vero libro dei sogni
Cenci,,24,80,1881 Capacelli - Il vero libro dei sogni
Cenci,da far carta,24 45,80,1881 Capacelli - Il vero libro dei sogni
Cencio,,83,80,1881 Capacelli - Il vero libro dei sogni
Cendale. Stoffa,,50,80,1881 Capacelli - Il vero libro dei sogni
Cenerà,,48 63,80,1881 Capacelli - Il vero libro dei sogni
Ceneracciolo,,69,80,1881 Capacelli - Il vero libro dei sogni
Cenere,,48 63,80,1881 Capacelli - Il vero libro dei sogni
Ceneri Morti,,90,80,1881 Capacelli - Il vero libro dei sogni
Cenno,,44,80,1881 Capacelli - Il vero libro dei sogni
Censo,,55,80,1881 Capacelli - Il vero libro dei sogni
Censura,,50,80,1881 Capacelli - Il vero libro dei sogni
Centauri,,20 84,80,1881 Capacelli - Il vero libro dei sogni
Centauro,,44,80,1881 Capacelli - Il vero libro dei sogni
Centenaro,,47 58,80,1881 Capacelli - Il vero libro dei sogni
Centina,,83,80,1881 Capacelli - Il vero libro dei sogni
Centogambe,,60,80,1881 Capacelli - Il vero libro dei sogni
Centuria,,70,80,1881 Capacelli - Il vero libro dei sogni
Centurino,,8 20,80,1881 Capacelli - Il vero libro dei sogni
Ceppo,,39,80,1881 Capacelli - Il vero libro dei sogni
Cera Bianca,,55,80,1881 Capacelli - Il vero libro dei sogni
Cera Bianca,gialla,51,80,1881 Capacelli - Il vero libro dei sogni
Cera Bianca,vergine,1 50,80,1881 Capacelli - Il vero libro dei sogni
Cera Bianca,lacca,69,80,1881 Capacelli - Il vero libro dei sogni
Ceraiuolo,,25,80,1881 Capacelli - Il vero libro dei sogni
Cerasa,,6,80,1881 Capacelli - Il vero libro dei sogni
Cerase,,76 89,80,1881 Capacelli - Il vero libro dei sogni
Cerbottana,,5 56,80,1881 Capacelli - Il vero libro dei sogni
Cercatore,,22,80,1881 Capacelli - Il vero libro dei sogni
Cerchi Da Botte,,70,80,1881 Capacelli - Il vero libro dei sogni
Cerchiaio,,20,80,1881 Capacelli - Il vero libro dei sogni
Cerchiata,,57,80,1881 Capacelli - Il vero libro dei sogni
Cerchio Magico,,2,80,1881 Capacelli - Il vero libro dei sogni
Cerchio Magico,d'oro,80,80,1881 Capacelli - Il vero libro dei sogni
Cerchio Magico,d'argento,13,80,1881 Capacelli - Il vero libro dei sogni
Cercine,,78,80,1881 Capacelli - Il vero libro dei sogni
Cerimonie,,70,80,1881 Capacelli - Il vero libro dei sogni
Cerimoniere,,66 73,80,1881 Capacelli - Il vero libro dei sogni
"Cerfoglietto, Erba",,2 22,80,1881 Capacelli - Il vero libro dei sogni
Cermi,,29,80,1881 Capacelli - Il vero libro dei sogni
Cerino,,61,80,1881 Capacelli - Il vero libro dei sogni
Cerino,colorito,83,80,1881 Capacelli - Il vero libro dei sogni
Cero,,4,80,1881 Capacelli - Il vero libro dei sogni
Cerotto,,14,80,1881 Capacelli - Il vero libro dei sogni
Cerri Di Boemia,,6,80,1881 Capacelli - Il vero libro dei sogni
"Cerro, Albero",,79,80,1881 Capacelli - Il vero libro dei sogni
Cervellato,,36,80,1881 Capacelli - Il vero libro dei sogni
Cervelli,,22,80,1881 Capacelli - Il vero libro dei sogni
Cervello,,19 29,80,1881 Capacelli - Il vero libro dei sogni
Cervi,,17,80,1881 Capacelli - Il vero libro dei sogni
Cervino,,5,80,1881 Capacelli - Il vero libro dei sogni
Cervo,,12 60,80,1881 Capacelli - Il vero libro dei sogni
Cervo,ferito,33,80,1881 Capacelli - Il vero libro dei sogni
Cerusico,,58 69,80,1881 Capacelli - Il vero libro dei sogni
Cesellare,,42,80,1881 Capacelli - Il vero libro dei sogni
Cesello,,7,81,1881 Capacelli - Il vero libro dei sogni
Cesojaro,,61,81,1881 Capacelli - Il vero libro dei sogni
Cesoje,,8,81,1881 Capacelli - Il vero libro dei sogni
Cespo,,1,81,1881 Capacelli - Il vero libro dei sogni
Cespuglio,,51,81,1881 Capacelli - Il vero libro dei sogni
Chierico,,22 63,81,1881 Capacelli - Il vero libro dei sogni
Chierla,,55,81,1881 Capacelli - Il vero libro dei sogni
Chiesa,,5 89,81,1881 Capacelli - Il vero libro dei sogni
Chiesa,piccola,6 26,81,1881 Capacelli - Il vero libro dei sogni
Chiesa,parata,45,81,1881 Capacelli - Il vero libro dei sogni
Cesso,,18 46 63 76,81,1881 Capacelli - Il vero libro dei sogni
Cesta,,50 63,81,1881 Capacelli - Il vero libro dei sogni
Cestaja,,65,81,1881 Capacelli - Il vero libro dei sogni
Cestaro,,3 68,81,1881 Capacelli - Il vero libro dei sogni
Cestarolo,,48,81,1881 Capacelli - Il vero libro dei sogni
Cestini,,35 87,81,1881 Capacelli - Il vero libro dei sogni
Cestini,da bambini,9,81,1881 Capacelli - Il vero libro dei sogni
Cestini,da piccioni,55,81,1881 Capacelli - Il vero libro dei sogni
Cetra,,1 24,81,1881 Capacelli - Il vero libro dei sogni
Cetre,,84,81,1881 Capacelli - Il vero libro dei sogni
Cetrioli,,11,81,1881 Capacelli - Il vero libro dei sogni
Cetriolo,,44 65,81,1881 Capacelli - Il vero libro dei sogni
Cremisino Colore,,50,81,1881 Capacelli - Il vero libro dei sogni
Chiappe,,16,81,1881 Capacelli - Il vero libro dei sogni
Chiappette,,6,81,1881 Capacelli - Il vero libro dei sogni
Chiarore,,4 28,81,1881 Capacelli - Il vero libro dei sogni
Chiarore,di luna,4,81,1881 Capacelli - Il vero libro dei sogni
Chiassa,per mare,7,81,1881 Capacelli - Il vero libro dei sogni
Chiasso,,3,81,1881 Capacelli - Il vero libro dei sogni
Chiavaccio,,80,81,1881 Capacelli - Il vero libro dei sogni
Chiavara,,8 25,81,1881 Capacelli - Il vero libro dei sogni
Chi Avaro,,8 34,81,1881 Capacelli - Il vero libro dei sogni
Chi Avaro,piccola,1,81,1881 Capacelli - Il vero libro dei sogni
Chiavi Molte,,77,81,1881 Capacelli - Il vero libro dei sogni
Chiaviche,,78,81,1881 Capacelli - Il vero libro dei sogni
Chiavistello,,89,81,1881 Capacelli - Il vero libro dei sogni
Chicchera,,66 70,81,1881 Capacelli - Il vero libro dei sogni
Chicchere Molte,,79,81,1881 Capacelli - Il vero libro dei sogni
Chiedere Elemosina,,17,81,1881 Capacelli - Il vero libro dei sogni
Chierica,,1 27,81,1881 Capacelli - Il vero libro dei sogni
Chierici,,11,81,1881 Capacelli - Il vero libro dei sogni
"China, Rimedio",,64,81,1881 Capacelli - Il vero libro dei sogni
Chincaglia,,64,81,1881 Capacelli - Il vero libro dei sogni
Chincagliere,,18,81,1881 Capacelli - Il vero libro dei sogni
Chinese,,33,81,1881 Capacelli - Il vero libro dei sogni
Chiocca,,86 88,81,1881 Capacelli - Il vero libro dei sogni
Chiocca,con uova o pulcini,31 81,81,1881 Capacelli - Il vero libro dei sogni
Chiocciola,,11,81,1881 Capacelli - Il vero libro dei sogni
Chiocciole,,44,81,1881 Capacelli - Il vero libro dei sogni
Chiocciolino,,31,81,1881 Capacelli - Il vero libro dei sogni
Chiodajola,,87,81,1881 Capacelli - Il vero libro dei sogni
Chiodaiolo,,33,81,1881 Capacelli - Il vero libro dei sogni
Chiodi,,15 87,81,1881 Capacelli - Il vero libro dei sogni
Chiodo,,87 89,81,1881 Capacelli - Il vero libro dei sogni
Chiodura,,31,81,1881 Capacelli - Il vero libro dei sogni
Chioma,,30,81,1881 Capacelli - Il vero libro dei sogni
Chiostro,,10 67,81,1881 Capacelli - Il vero libro dei sogni
Chiovere O Piovere,,46,81,1881 Capacelli - Il vero libro dei sogni
Chirurgo,,58 60,81,1881 Capacelli - Il vero libro dei sogni
Chitarra,,39 79,81,1881 Capacelli - Il vero libro dei sogni
Chitarre,,10,81,1881 Capacelli - Il vero libro dei sogni
Chitarrino,,28 22 89,81,1881 Capacelli - Il vero libro dei sogni
Chitarrini,,11 30,81,1881 Capacelli - Il vero libro dei sogni
Chiusa,,4,81,1881 Capacelli - Il vero libro dei sogni
Chiusa,del giuoco,25,81,1881 Capacelli - Il vero libro dei sogni
Chiusa,d'acqua,60,81,1881 Capacelli - Il vero libro dei sogni
Ciabatta E Ciabatte,,87,81,1881 Capacelli - Il vero libro dei sogni
Ciabattini,,89,81,1881 Capacelli - Il vero libro dei sogni
Ciabattino,,37 58,81,1881 Capacelli - Il vero libro dei sogni
Cialda,,21 24,81,1881 Capacelli - Il vero libro dei sogni
Cialdara,,34,81,1881 Capacelli - Il vero libro dei sogni
Cialdone,,8,82,1881 Capacelli - Il vero libro dei sogni
Cialdoni,,12,82,1881 Capacelli - Il vero libro dei sogni
Cialdonaro,,81,82,1881 Capacelli - Il vero libro dei sogni
Ciambellai Fresca,,11,82,1881 Capacelli - Il vero libro dei sogni
Ciambellai Fresca,qualunque,27,82,1881 Capacelli - Il vero libro dei sogni
Ciambella,,3,82,1881 Capacelli - Il vero libro dei sogni
Ciambellaro,,8 7 2,82,1881 Capacelli - Il vero libro dei sogni
Ciani' Elle,,45,82,1881 Capacelli - Il vero libro dei sogni
Ciambellano,,9 65,82,1881 Capacelli - Il vero libro dei sogni
Ciapolino,,50,82,1881 Capacelli - Il vero libro dei sogni
Ciapino,,21,82,1881 Capacelli - Il vero libro dei sogni
Ciarlante,,43,82,1881 Capacelli - Il vero libro dei sogni
Ciarlatano,,54,82,1881 Capacelli - Il vero libro dei sogni
Ciarla,,19,82,1881 Capacelli - Il vero libro dei sogni
Ciarlare,,19,82,1881 Capacelli - Il vero libro dei sogni
Ciarlona,,30,82,1881 Capacelli - Il vero libro dei sogni
Ciarlone,,44,82,1881 Capacelli - Il vero libro dei sogni
Cibo Qualunque,,12,82,1881 Capacelli - Il vero libro dei sogni
Ciborio,,41,82,1881 Capacelli - Il vero libro dei sogni
Cicala,,34 53,82,1881 Capacelli - Il vero libro dei sogni
Cicala,che canta,45 53,82,1881 Capacelli - Il vero libro dei sogni
Cicaldoni,,12,82,1881 Capacelli - Il vero libro dei sogni
Cicaldura,,24,82,1881 Capacelli - Il vero libro dei sogni
Cicale Molte,,35,82,1881 Capacelli - Il vero libro dei sogni
Cicaleccio,,44,82,1881 Capacelli - Il vero libro dei sogni
Cicatrice,,1,82,1881 Capacelli - Il vero libro dei sogni
Cicerbita,,14,82,1881 Capacelli - Il vero libro dei sogni
Cicerchia,,8,82,1881 Capacelli - Il vero libro dei sogni
Cicerchie,,10,82,1881 Capacelli - Il vero libro dei sogni
Ciceri,,1 46,82,1881 Capacelli - Il vero libro dei sogni
Cichetto,,44,82,1881 Capacelli - Il vero libro dei sogni
Cicisbea,,30,82,1881 Capacelli - Il vero libro dei sogni
Cicisbeare,,59,82,1881 Capacelli - Il vero libro dei sogni
Cicisbeatore,,87,82,1881 Capacelli - Il vero libro dei sogni
Cicisbeo Povero,,90,82,1881 Capacelli - Il vero libro dei sogni
Cicisbeonico,,81,82,1881 Capacelli - Il vero libro dei sogni
Ciclope,,55,82,1881 Capacelli - Il vero libro dei sogni
Cicogna,,71,82,1881 Capacelli - Il vero libro dei sogni
Cicoria,,2 78,82,1881 Capacelli - Il vero libro dei sogni
Cicoriaro,,8 9,82,1881 Capacelli - Il vero libro dei sogni
"Cicca, Pesce",,30,82,1881 Capacelli - Il vero libro dei sogni
Ciechi,,21,82,1881 Capacelli - Il vero libro dei sogni
Cieco,,46,82,1881 Capacelli - Il vero libro dei sogni
Cieli,,24 26,82,1881 Capacelli - Il vero libro dei sogni
Cielo,,3 24,82,1881 Capacelli - Il vero libro dei sogni
Cielo,stellato,4,82,1881 Capacelli - Il vero libro dei sogni
Cielo,turbato,49,82,1881 Capacelli - Il vero libro dei sogni
Cielo,sereno,50,82,1881 Capacelli - Il vero libro dei sogni
Cifra,,7,82,1881 Capacelli - Il vero libro dei sogni
Ciglio E Ciglione,,78 83,82,1881 Capacelli - Il vero libro dei sogni
Cignale,,28,82,1881 Capacelli - Il vero libro dei sogni
Cigni,,64,82,1881 Capacelli - Il vero libro dei sogni
Cigno,,1 41,82,1881 Capacelli - Il vero libro dei sogni
Ciliege,,79 89,82,1881 Capacelli - Il vero libro dei sogni
Ciliegia,,45,82,1881 Capacelli - Il vero libro dei sogni
Ciliegio,,36,82,1881 Capacelli - Il vero libro dei sogni
Cilizio,,14,82,1881 Capacelli - Il vero libro dei sogni
Cimatore E Cimatora,,40,82,1881 Capacelli - Il vero libro dei sogni
Cimbalo,,18 75,82,1881 Capacelli - Il vero libro dei sogni
Cimbalaro,,6,82,1881 Capacelli - Il vero libro dei sogni
Cimice,sola,6,82,1881 Capacelli - Il vero libro dei sogni
Cimice,molte,40 88,82,1881 Capacelli - Il vero libro dei sogni
Cimiero,,74,82,1881 Capacelli - Il vero libro dei sogni
Cimitero,,5,82,1881 Capacelli - Il vero libro dei sogni
Cimorro,,78,82,1881 Capacelli - Il vero libro dei sogni
Cinabro,,59,82,1881 Capacelli - Il vero libro dei sogni
Cingere,,26,82,1881 Capacelli - Il vero libro dei sogni
Cinguettare,,65,82,1881 Capacelli - Il vero libro dei sogni
Cinquina,,21 80,82,1881 Capacelli - Il vero libro dei sogni
Chitina,,5,82,1881 Capacelli - Il vero libro dei sogni
Cintura,,9,82,1881 Capacelli - Il vero libro dei sogni
Cintura,qualunque,80,82,1881 Capacelli - Il vero libro dei sogni
Cinturini,,20 71,82,1881 Capacelli - Il vero libro dei sogni
Cinturino,,8 20,83,1881 Capacelli - Il vero libro dei sogni
Ciocca,di capelli,67,83,1881 Capacelli - Il vero libro dei sogni
Cioccolata,,16,83,1881 Capacelli - Il vero libro dei sogni
Cioccolata,con vaniglia,46 85,83,1881 Capacelli - Il vero libro dei sogni
Cioccolatrice,,60,83,1881 Capacelli - Il vero libro dei sogni
Cioccolattiera,,68,83,1881 Capacelli - Il vero libro dei sogni
Cioccolattiere,,43,83,1881 Capacelli - Il vero libro dei sogni
Ciottola O Ciottole,,71,83,1881 Capacelli - Il vero libro dei sogni
Cipolla,,19 59,83,1881 Capacelli - Il vero libro dei sogni
Cipollaro,,5 82,83,1881 Capacelli - Il vero libro dei sogni
Cipolle,,45 86,83,1881 Capacelli - Il vero libro dei sogni
Cipolle,ed aglio,16 66,83,1881 Capacelli - Il vero libro dei sogni
Cipolle,di fiori,17,83,1881 Capacelli - Il vero libro dei sogni
Cipolle,novelle,65,83,1881 Capacelli - Il vero libro dei sogni
Cipollette,,12,83,1881 Capacelli - Il vero libro dei sogni
Cipressi,,78,83,1881 Capacelli - Il vero libro dei sogni
Cipresso,,85,83,1881 Capacelli - Il vero libro dei sogni
Cipria,,36 63,83,1881 Capacelli - Il vero libro dei sogni
Ciprio,,10 12,83,1881 Capacelli - Il vero libro dei sogni
Circolo,,45,83,1881 Capacelli - Il vero libro dei sogni
Circoncisione,,84,83,1881 Capacelli - Il vero libro dei sogni
Circonciso,,1 36,83,1881 Capacelli - Il vero libro dei sogni
Circuito,,77,83,1881 Capacelli - Il vero libro dei sogni
Cispa,,8 36,83,1881 Capacelli - Il vero libro dei sogni
Cisterna,,11 77,83,1881 Capacelli - Il vero libro dei sogni
Citare,,11,83,1881 Capacelli - Il vero libro dei sogni
Citato,,86 89,83,1881 Capacelli - Il vero libro dei sogni
Citatore,,48,83,1881 Capacelli - Il vero libro dei sogni
Citazione,,6,83,1881 Capacelli - Il vero libro dei sogni
Citriolo,,44,83,1881 Capacelli - Il vero libro dei sogni
Città Dominante,,75,83,1881 Capacelli - Il vero libro dei sogni
Città Dominante,sola,38 82,83,1881 Capacelli - Il vero libro dei sogni
Città Dominante,molte,70 80,83,1881 Capacelli - Il vero libro dei sogni
Cittadina,,85,83,1881 Capacelli - Il vero libro dei sogni
Cittadini,,8 59,83,1881 Capacelli - Il vero libro dei sogni
Cittadino,,18,83,1881 Capacelli - Il vero libro dei sogni
Ciuca,,16,83,1881 Capacelli - Il vero libro dei sogni
Ciuccio,,23 64,83,1881 Capacelli - Il vero libro dei sogni
Ciuffo,,54,83,1881 Capacelli - Il vero libro dei sogni
Ciurma,,78 80,83,1881 Capacelli - Il vero libro dei sogni
Ciurmato,,66,83,1881 Capacelli - Il vero libro dei sogni
Civaje,,68,83,1881 Capacelli - Il vero libro dei sogni
Civetta,,28 57,83,1881 Capacelli - Il vero libro dei sogni
Civettare,,61,83,1881 Capacelli - Il vero libro dei sogni
Civette,,70 72,83,1881 Capacelli - Il vero libro dei sogni
Civettone,,42 74,83,1881 Capacelli - Il vero libro dei sogni
Civile,,5,83,1881 Capacelli - Il vero libro dei sogni
Civiltà,,32,83,1881 Capacelli - Il vero libro dei sogni
Clamore,,19,83,1881 Capacelli - Il vero libro dei sogni
Clausura,,25,83,1881 Capacelli - Il vero libro dei sogni
Clava D'ercole,,30,83,1881 Capacelli - Il vero libro dei sogni
Clavezzino,,78,83,1881 Capacelli - Il vero libro dei sogni
Clavicembalo,,23,83,1881 Capacelli - Il vero libro dei sogni
Clemenza,,2 34,83,1881 Capacelli - Il vero libro dei sogni
Clero,,55,83,1881 Capacelli - Il vero libro dei sogni
Cliente,,25,83,1881 Capacelli - Il vero libro dei sogni
Clientela,,37,83,1881 Capacelli - Il vero libro dei sogni
Cloaca,,19 56,83,1881 Capacelli - Il vero libro dei sogni
Coccarda,,9,83,1881 Capacelli - Il vero libro dei sogni
Cocchi Palio,,62,83,1881 Capacelli - Il vero libro dei sogni
Cocchiere,,16 41 53 61,83,1881 Capacelli - Il vero libro dei sogni
Cocchieri,,73 79,83,1881 Capacelli - Il vero libro dei sogni
Cocchio,,40,83,1881 Capacelli - Il vero libro dei sogni
Cocco,,53,83,1881 Capacelli - Il vero libro dei sogni
Cocco,frutto,21,83,1881 Capacelli - Il vero libro dei sogni
Coccodrilli,,1,83,1881 Capacelli - Il vero libro dei sogni
Coccole Qualunque,,80,83,1881 Capacelli - Il vero libro dei sogni
Coccomerajo,,12,83,1881 Capacelli - Il vero libro dei sogni
Coccomeri,,50 78,83,1881 Capacelli - Il vero libro dei sogni
Coccomero,,31,83,1881 Capacelli - Il vero libro dei sogni
Cocomerica,,41,83,1881 Capacelli - Il vero libro dei sogni
Cocuzze,,45,83,1881 Capacelli - Il vero libro dei sogni
Cocuzze,di Genova,24,83,1881 Capacelli - Il vero libro dei sogni
Cocuzze,di Spagna,13,84,1881 Capacelli - Il vero libro dei sogni
Cocuzze,rosse,22,84,1881 Capacelli - Il vero libro dei sogni
Cocuzzolo,,23,84,1881 Capacelli - Il vero libro dei sogni
Coda,,6 9 89,84,1881 Capacelli - Il vero libro dei sogni
Codardo,,9,84,1881 Capacelli - Il vero libro dei sogni
Code,,32,84,1881 Capacelli - Il vero libro dei sogni
Codice,,83,84,1881 Capacelli - Il vero libro dei sogni
Codicillo,,11,84,1881 Capacelli - Il vero libro dei sogni
Codino,,17,84,1881 Capacelli - Il vero libro dei sogni
Codognata,vedi co,11,84,1881 Capacelli - Il vero libro dei sogni
Cofaccine,,18,84,1881 Capacelli - Il vero libro dei sogni
Cofano,,14,84,1881 Capacelli - Il vero libro dei sogni
Cogliata,,48,84,1881 Capacelli - Il vero libro dei sogni
Cogliere,,56,84,1881 Capacelli - Il vero libro dei sogni
Cognata O Cognato,,50,84,1881 Capacelli - Il vero libro dei sogni
Coito,,80,84,1881 Capacelli - Il vero libro dei sogni
Colascione,,20,84,1881 Capacelli - Il vero libro dei sogni
Calatoio,da vano,27,84,1881 Capacelli - Il vero libro dei sogni
Colazione,,35,84,1881 Capacelli - Il vero libro dei sogni
Colica,,9,84,1881 Capacelli - Il vero libro dei sogni
Colla,,21 79,84,1881 Capacelli - Il vero libro dei sogni
Collana D'oro,,88,84,1881 Capacelli - Il vero libro dei sogni
Collana D'oro,di perle,90,84,1881 Capacelli - Il vero libro dei sogni
Collane Di Granate,,81,84,1881 Capacelli - Il vero libro dei sogni
Collare,da donna,30,84,1881 Capacelli - Il vero libro dei sogni
Collare,da prete,14,84,1881 Capacelli - Il vero libro dei sogni
Collare,da uomo,14 54,84,1881 Capacelli - Il vero libro dei sogni
Collarettaia,,56,84,1881 Capacelli - Il vero libro dei sogni
Collarettaio,,47 81,84,1881 Capacelli - Il vero libro dei sogni
Collarina,,19,84,1881 Capacelli - Il vero libro dei sogni
Collarino,,65 74,84,1881 Capacelli - Il vero libro dei sogni
Collaterale,,47,84,1881 Capacelli - Il vero libro dei sogni
Collegiali,,15,84,1881 Capacelli - Il vero libro dei sogni
Collegio,,8 18,84,1881 Capacelli - Il vero libro dei sogni
Colletta Per Carità,,3,84,1881 Capacelli - Il vero libro dei sogni
Colli,,90,84,1881 Capacelli - Il vero libro dei sogni
Collina,,11,84,1881 Capacelli - Il vero libro dei sogni
Colline,,17 50,84,1881 Capacelli - Il vero libro dei sogni
Collino Di Diamanti,,51,84,1881 Capacelli - Il vero libro dei sogni
Collo,,1 35,84,1881 Capacelli - Il vero libro dei sogni
Collottola,,1,84,1881 Capacelli - Il vero libro dei sogni
Colluccio,,16,84,1881 Capacelli - Il vero libro dei sogni
Colmare,,13,84,1881 Capacelli - Il vero libro dei sogni
Colmata,,62,84,1881 Capacelli - Il vero libro dei sogni
Colomba,,46,84,1881 Capacelli - Il vero libro dei sogni
Colombaia,,11,84,1881 Capacelli - Il vero libro dei sogni
Colombara,,11,84,1881 Capacelli - Il vero libro dei sogni
Colombi Che Volano,,44,84,1881 Capacelli - Il vero libro dei sogni
Colombina,,60,84,1881 Capacelli - Il vero libro dei sogni
Colombo,,32,84,1881 Capacelli - Il vero libro dei sogni
"Colonnaria, Moneta",,64,84,1881 Capacelli - Il vero libro dei sogni
Colonnato,,11,84,1881 Capacelli - Il vero libro dei sogni
Colonne,,44,84,1881 Capacelli - Il vero libro dei sogni
Colonnello,,25 62,84,1881 Capacelli - Il vero libro dei sogni
Colonnino,,1,84,1881 Capacelli - Il vero libro dei sogni
Colore E Colorare,,31,84,1881 Capacelli - Il vero libro dei sogni
Colori Diversi,,71,84,1881 Capacelli - Il vero libro dei sogni
Colori Diversi,di moda,15,84,1881 Capacelli - Il vero libro dei sogni
Colosso,,15,84,1881 Capacelli - Il vero libro dei sogni
Colpa Per Errore,,78,84,1881 Capacelli - Il vero libro dei sogni
Colpo,,8 78,84,1881 Capacelli - Il vero libro dei sogni
Colpo,di vista,24,84,1881 Capacelli - Il vero libro dei sogni
Colpo,di coltello,12,84,1881 Capacelli - Il vero libro dei sogni
Colpo,di spada,16,84,1881 Capacelli - Il vero libro dei sogni
Colpo,di piedi,10,84,1881 Capacelli - Il vero libro dei sogni
Colpo,di bastone,90,84,1881 Capacelli - Il vero libro dei sogni
Colpo,di pistola,82,84,1881 Capacelli - Il vero libro dei sogni
Colpo,di fortuna,90,84,1881 Capacelli - Il vero libro dei sogni
Coltellaccio,,22,84,1881 Capacelli - Il vero libro dei sogni
Coltellata,,16,84,1881 Capacelli - Il vero libro dei sogni
Coltelli,,2 81,84,1881 Capacelli - Il vero libro dei sogni
Colteli Inare,,5 66,85,1881 Capacelli - Il vero libro dei sogni
Coltellino,,7 43,85,1881 Capacelli - Il vero libro dei sogni
Coltello,,10 67,85,1881 Capacelli - Il vero libro dei sogni
Coltivare,,50,85,1881 Capacelli - Il vero libro dei sogni
Coltivazione,,50,85,1881 Capacelli - Il vero libro dei sogni
Coltrice,,17,85,1881 Capacelli - Il vero libro dei sogni
Coltrone,,54,85,1881 Capacelli - Il vero libro dei sogni
Colubrina,,89,85,1881 Capacelli - Il vero libro dei sogni
Colubrine,,44,85,1881 Capacelli - Il vero libro dei sogni
Comandamenti,,81,85,1881 Capacelli - Il vero libro dei sogni
Comandamento,,80,85,1881 Capacelli - Il vero libro dei sogni
Comandante,,88,85,1881 Capacelli - Il vero libro dei sogni
Comandare,,15 86,85,1881 Capacelli - Il vero libro dei sogni
Comando,,38 78,85,1881 Capacelli - Il vero libro dei sogni
Comare,,22 58,85,1881 Capacelli - Il vero libro dei sogni
Combattere,,29,85,1881 Capacelli - Il vero libro dei sogni
Combattimento,e,54 68,85,1881 Capacelli - Il vero libro dei sogni
Cometa,,4 40,85,1881 Capacelli - Il vero libro dei sogni
Comici,,66,85,1881 Capacelli - Il vero libro dei sogni
Comico,,23,85,1881 Capacelli - Il vero libro dei sogni
Commedia,,46,85,1881 Capacelli - Il vero libro dei sogni
Commedia,francese,45,85,1881 Capacelli - Il vero libro dei sogni
Commediante,,14 54,85,1881 Capacelli - Il vero libro dei sogni
Commedianti,,60,85,1881 Capacelli - Il vero libro dei sogni
Commercio,,41,85,1881 Capacelli - Il vero libro dei sogni
Commestibili,,50,85,1881 Capacelli - Il vero libro dei sogni
Commissario,,10,85,1881 Capacelli - Il vero libro dei sogni
Comodità,,16,85,1881 Capacelli - Il vero libro dei sogni
Compagna,,66,85,1881 Capacelli - Il vero libro dei sogni
Compagne,,45,85,1881 Capacelli - Il vero libro dei sogni
Compagnia,li,1,85,1881 Capacelli - Il vero libro dei sogni
Compagno,,10 15,85,1881 Capacelli - Il vero libro dei sogni
Companatico,,3,85,1881 Capacelli - Il vero libro dei sogni
Compare,,31 49,85,1881 Capacelli - Il vero libro dei sogni
Comparsa,,40,85,1881 Capacelli - Il vero libro dei sogni
Compasso,,31 76,85,1881 Capacelli - Il vero libro dei sogni
Compassione,,25,85,1881 Capacelli - Il vero libro dei sogni
Competitore,,16,85,1881 Capacelli - Il vero libro dei sogni
Compitare,,27,85,1881 Capacelli - Il vero libro dei sogni
Compieta,,30,85,1881 Capacelli - Il vero libro dei sogni
Compimento,,11,85,1881 Capacelli - Il vero libro dei sogni
Comporre,,41,85,1881 Capacelli - Il vero libro dei sogni
Composizione,,52,85,1881 Capacelli - Il vero libro dei sogni
Composta,,49,85,1881 Capacelli - Il vero libro dei sogni
Compra,,18,85,1881 Capacelli - Il vero libro dei sogni
Compratore,,60,85,1881 Capacelli - Il vero libro dei sogni
Comprendere,,61,85,1881 Capacelli - Il vero libro dei sogni
Comprenditore,,26,85,1881 Capacelli - Il vero libro dei sogni
Computista,,4 88,85,1881 Capacelli - Il vero libro dei sogni
Compunzione,,26,85,1881 Capacelli - Il vero libro dei sogni
Comune,,51 80,85,1881 Capacelli - Il vero libro dei sogni
Comunicarsi,,26 60,85,1881 Capacelli - Il vero libro dei sogni
Comunione,,6 40,85,1881 Capacelli - Il vero libro dei sogni
Comunità,,29,85,1881 Capacelli - Il vero libro dei sogni
Conca,,10,85,1881 Capacelli - Il vero libro dei sogni
Concepimento,,54 59,85,1881 Capacelli - Il vero libro dei sogni
Concepire,,1,85,1881 Capacelli - Il vero libro dei sogni
Concerto D'istrum,,31,85,1881 Capacelli - Il vero libro dei sogni
Concezione,,35,85,1881 Capacelli - Il vero libro dei sogni
Conchiglia,,31,85,1881 Capacelli - Il vero libro dei sogni
Conciappiatti,,79 85,85,1881 Capacelli - Il vero libro dei sogni
Conciatori Di Pelli,,59,85,1881 Capacelli - Il vero libro dei sogni
Conciatura,,15,85,1881 Capacelli - Il vero libro dei sogni
Conciliabolo,,39,85,1881 Capacelli - Il vero libro dei sogni
Conciliazione,,17,85,1881 Capacelli - Il vero libro dei sogni
Concilio,,22,85,1881 Capacelli - Il vero libro dei sogni
Concime,,49,85,1881 Capacelli - Il vero libro dei sogni
Concino,,76,85,1881 Capacelli - Il vero libro dei sogni
Concio,,42 89,85,1881 Capacelli - Il vero libro dei sogni
Concia Careghe,,64 90,85,1881 Capacelli - Il vero libro dei sogni
Concia Careghe,lavezzi,76,85,1881 Capacelli - Il vero libro dei sogni
Concia Careghe,teste,67,85,1881 Capacelli - Il vero libro dei sogni
Concistoro,,87,85,1881 Capacelli - Il vero libro dei sogni
Conclave,,31 70,85,1881 Capacelli - Il vero libro dei sogni
Concordia,,32,86,1881 Capacelli - Il vero libro dei sogni
Concorso,,18,86,1881 Capacelli - Il vero libro dei sogni
Concubina,,78,86,1881 Capacelli - Il vero libro dei sogni
Concupiscenza,,53,86,1881 Capacelli - Il vero libro dei sogni
Conclusione,,16,86,1881 Capacelli - Il vero libro dei sogni
Condannato,,39,86,1881 Capacelli - Il vero libro dei sogni
Condannatore,,34,86,1881 Capacelli - Il vero libro dei sogni
Condannazione,,10 29,86,1881 Capacelli - Il vero libro dei sogni
Condensare,,42,86,1881 Capacelli - Il vero libro dei sogni
Condire,,52,86,1881 Capacelli - Il vero libro dei sogni
Condiscepolo,,53,86,1881 Capacelli - Il vero libro dei sogni
Condo,glianza,44,86,1881 Capacelli - Il vero libro dei sogni
Condottiere,,60,86,1881 Capacelli - Il vero libro dei sogni
Conferenza,,56,86,1881 Capacelli - Il vero libro dei sogni
Confessare,,28 37,86,1881 Capacelli - Il vero libro dei sogni
Confessarsi,,28,86,1881 Capacelli - Il vero libro dei sogni
Confessionario,,3 37,86,1881 Capacelli - Il vero libro dei sogni
Confessione,,31 23,86,1881 Capacelli - Il vero libro dei sogni
Confessore,,6,86,1881 Capacelli - Il vero libro dei sogni
Confetti,,5 64,86,1881 Capacelli - Il vero libro dei sogni
Confetteria,,65,86,1881 Capacelli - Il vero libro dei sogni
Confetterie,,10 23,86,1881 Capacelli - Il vero libro dei sogni
Confettura,,10,86,1881 Capacelli - Il vero libro dei sogni
Conficcare,,2,86,1881 Capacelli - Il vero libro dei sogni
Confidenza,,80,86,1881 Capacelli - Il vero libro dei sogni
Confiilto Navale,,26,86,1881 Capacelli - Il vero libro dei sogni
Confortare,,11,86,1881 Capacelli - Il vero libro dei sogni
Confortini,,11,86,1881 Capacelli - Il vero libro dei sogni
Conforto,,46,86,1881 Capacelli - Il vero libro dei sogni
Confratello,,9,86,1881 Capacelli - Il vero libro dei sogni
Confraternita,,11,86,1881 Capacelli - Il vero libro dei sogni
Confusione,,12,86,1881 Capacelli - Il vero libro dei sogni
Congiungimento,,49,86,1881 Capacelli - Il vero libro dei sogni
Congiura,,66,86,1881 Capacelli - Il vero libro dei sogni
Congiurato,,59,86,1881 Capacelli - Il vero libro dei sogni
Congratulazione,,49,86,1881 Capacelli - Il vero libro dei sogni
Congresso,,49 65,86,1881 Capacelli - Il vero libro dei sogni
Conigli,,60,86,1881 Capacelli - Il vero libro dei sogni
Coniglio,,20,86,1881 Capacelli - Il vero libro dei sogni
Conia,tore,57 68,86,1881 Capacelli - Il vero libro dei sogni
Cono,,85,86,1881 Capacelli - Il vero libro dei sogni
Conocchia,,35,86,1881 Capacelli - Il vero libro dei sogni
Conocchiaro,,2,86,1881 Capacelli - Il vero libro dei sogni
Conoscenza,,46,86,1881 Capacelli - Il vero libro dei sogni
Conquista,,52,86,1881 Capacelli - Il vero libro dei sogni
Consacrazione,,8,86,1881 Capacelli - Il vero libro dei sogni
Conserva,,22,86,1881 Capacelli - Il vero libro dei sogni
Consigliare,,48 65,86,1881 Capacelli - Il vero libro dei sogni
Consolare Afflitti,,29,86,1881 Capacelli - Il vero libro dei sogni
Consigli,,55 60,86,1881 Capacelli - Il vero libro dei sogni
Consolazione,,57,86,1881 Capacelli - Il vero libro dei sogni
Console,,70,86,1881 Capacelli - Il vero libro dei sogni
Consulto,,73,86,1881 Capacelli - Il vero libro dei sogni
Contadina,,12,86,1881 Capacelli - Il vero libro dei sogni
Contadine,,88,86,1881 Capacelli - Il vero libro dei sogni
Contadini,,4,86,1881 Capacelli - Il vero libro dei sogni
Contadino,,25 63 82,86,1881 Capacelli - Il vero libro dei sogni
Contadino,che ara,25,86,1881 Capacelli - Il vero libro dei sogni
Contare,,5,86,1881 Capacelli - Il vero libro dei sogni
Contare,danari,60,86,1881 Capacelli - Il vero libro dei sogni
Contato,,28,86,1881 Capacelli - Il vero libro dei sogni
Contazione,,66,86,1881 Capacelli - Il vero libro dei sogni
Conte,,11,86,1881 Capacelli - Il vero libro dei sogni
Contea,,19,86,1881 Capacelli - Il vero libro dei sogni
Conteggiamenti,,51,86,1881 Capacelli - Il vero libro dei sogni
Contesa,,2,86,1881 Capacelli - Il vero libro dei sogni
Contessa,,31,86,1881 Capacelli - Il vero libro dei sogni
Conti,,27,86,1881 Capacelli - Il vero libro dei sogni
Conto,,55,86,1881 Capacelli - Il vero libro dei sogni
Contrabbandiere,,70,86,1881 Capacelli - Il vero libro dei sogni
Contrabbandieri,,12,86,1881 Capacelli - Il vero libro dei sogni
Contrabbando,,41,86,1881 Capacelli - Il vero libro dei sogni
Contrabasso,,73,87,1881 Capacelli - Il vero libro dei sogni
Contrada,,49,87,1881 Capacelli - Il vero libro dei sogni
Contrarietà,,72,87,1881 Capacelli - Il vero libro dei sogni
Contrassegno,,35,87,1881 Capacelli - Il vero libro dei sogni
Contratto,,26,87,1881 Capacelli - Il vero libro dei sogni
Contravveleno,,59,87,1881 Capacelli - Il vero libro dei sogni
Contravvenzione,,75,87,1881 Capacelli - Il vero libro dei sogni
Contrito,,53,87,1881 Capacelli - Il vero libro dei sogni
Contrizione,,48,87,1881 Capacelli - Il vero libro dei sogni
Contumace Cont,,70,87,1881 Capacelli - Il vero libro dei sogni
Conturbamento,,16,87,1881 Capacelli - Il vero libro dei sogni
Contusione,,23,87,1881 Capacelli - Il vero libro dei sogni
Convalescente E Conva,lescenza,50,87,1881 Capacelli - Il vero libro dei sogni
Conventi Diversi,,17 55,87,1881 Capacelli - Il vero libro dei sogni
Conversazione,,39,87,1881 Capacelli - Il vero libro dei sogni
Convitato,,63,87,1881 Capacelli - Il vero libro dei sogni
Convito,,57,87,1881 Capacelli - Il vero libro dei sogni
Convoglio,,38,87,1881 Capacelli - Il vero libro dei sogni
Convulsione,,79,87,1881 Capacelli - Il vero libro dei sogni
Convulso,,12,87,1881 Capacelli - Il vero libro dei sogni
Coperchio,,10,87,1881 Capacelli - Il vero libro dei sogni
Coperta,,40,87,1881 Capacelli - Il vero libro dei sogni
Coperta,battesimale,19 16,87,1881 Capacelli - Il vero libro dei sogni
Coperta,di seta,11,87,1881 Capacelli - Il vero libro dei sogni
Coperta,ricamata d'oro,90,87,1881 Capacelli - Il vero libro dei sogni
Coperta,di lana,38,87,1881 Capacelli - Il vero libro dei sogni
Coperta,di tela,49,87,1881 Capacelli - Il vero libro dei sogni
Copertaro,,86 89,87,1881 Capacelli - Il vero libro dei sogni
Coperte Molte,,60,87,1881 Capacelli - Il vero libro dei sogni
Copertajo,,27,87,1881 Capacelli - Il vero libro dei sogni
Copertura,,36,87,1881 Capacelli - Il vero libro dei sogni
Copiare O Copia,,22 79,87,1881 Capacelli - Il vero libro dei sogni
Copista,,43 57,87,1881 Capacelli - Il vero libro dei sogni
Coppa O Sottocoppa,,8,87,1881 Capacelli - Il vero libro dei sogni
Coppa O Sottocoppa,qualunque,13,87,1881 Capacelli - Il vero libro dei sogni
Coppa O Sottocoppa,di Bologna,22 23,87,1881 Capacelli - Il vero libro dei sogni
Coppa D'olio,,82,87,1881 Capacelli - Il vero libro dei sogni
Coppetta,,60,87,1881 Capacelli - Il vero libro dei sogni
Coppia,,22,87,1881 Capacelli - Il vero libro dei sogni
Coppiare,,40 76,87,1881 Capacelli - Il vero libro dei sogni
Coppino O Coppaccino,,60,87,1881 Capacelli - Il vero libro dei sogni
Copenaghen,,26,87,1881 Capacelli - Il vero libro dei sogni
Coppe O Coppi,,90,87,1881 Capacelli - Il vero libro dei sogni
"Coppi, Pesce Salato",,80,87,1881 Capacelli - Il vero libro dei sogni
Copula,,14,87,1881 Capacelli - Il vero libro dei sogni
Coraggio,,90,87,1881 Capacelli - Il vero libro dei sogni
Coralli,,18,87,1881 Capacelli - Il vero libro dei sogni
Corame,,50,87,1881 Capacelli - Il vero libro dei sogni
Coratella,,6 11,87,1881 Capacelli - Il vero libro dei sogni
Corazza,,18,87,1881 Capacelli - Il vero libro dei sogni
Corbella,con uova,10,87,1881 Capacelli - Il vero libro dei sogni
Corbella,con frutta,72,87,1881 Capacelli - Il vero libro dei sogni
Corbella,con castagne,50,87,1881 Capacelli - Il vero libro dei sogni
Corbellare,,83,87,1881 Capacelli - Il vero libro dei sogni
Corbello,,85,87,1881 Capacelli - Il vero libro dei sogni
Corbellino,,77,87,1881 Capacelli - Il vero libro dei sogni
Corbezzolo,,29,87,1881 Capacelli - Il vero libro dei sogni
Corda,,12 24,87,1881 Capacelli - Il vero libro dei sogni
Corda,con secchia,61,87,1881 Capacelli - Il vero libro dei sogni
Corda,da istrumenti,59,87,1881 Capacelli - Il vero libro dei sogni
Cordara,,87 89,87,1881 Capacelli - Il vero libro dei sogni
Cordaro,,63,87,1881 Capacelli - Il vero libro dei sogni
Cordellina,,3,87,1881 Capacelli - Il vero libro dei sogni
Cordiale,,37 87,87,1881 Capacelli - Il vero libro dei sogni
Cordicella,,53,87,1881 Capacelli - Il vero libro dei sogni
Cordino,,72,87,1881 Capacelli - Il vero libro dei sogni
Cordiglio,,26,87,1881 Capacelli - Il vero libro dei sogni
Cordigli,,23,87,1881 Capacelli - Il vero libro dei sogni
Cordoncini,,71,87,1881 Capacelli - Il vero libro dei sogni
Cordone,,86,87,1881 Capacelli - Il vero libro dei sogni
Cordoni,,72,87,1881 Capacelli - Il vero libro dei sogni
Cordoni,da oriuolo,13,87,1881 Capacelli - Il vero libro dei sogni
Coreggiato,,4,88,1881 Capacelli - Il vero libro dei sogni
Coreggia,,72,88,1881 Capacelli - Il vero libro dei sogni
Coregge,,83,88,1881 Capacelli - Il vero libro dei sogni
Correggiolo,,2,88,1881 Capacelli - Il vero libro dei sogni
Coriandolo,,87,88,1881 Capacelli - Il vero libro dei sogni
Corista,,30,88,1881 Capacelli - Il vero libro dei sogni
Coricarsi,,68 72,88,1881 Capacelli - Il vero libro dei sogni
Coricato,,64 90,88,1881 Capacelli - Il vero libro dei sogni
Corna Molte,,7 60,88,1881 Capacelli - Il vero libro dei sogni
Corna Molte,di cervo,3 73,88,1881 Capacelli - Il vero libro dei sogni
Cornacchia,,68,88,1881 Capacelli - Il vero libro dei sogni
"Cornajola, Cornajol",,55,88,1881 Capacelli - Il vero libro dei sogni
Cornamusa,,60,88,1881 Capacelli - Il vero libro dei sogni
Cornara,,24 82,88,1881 Capacelli - Il vero libro dei sogni
Cornata,,81,88,1881 Capacelli - Il vero libro dei sogni
Cornetta,,11,88,1881 Capacelli - Il vero libro dei sogni
Cornetti Di Fagiuoli,,17,88,1881 Capacelli - Il vero libro dei sogni
Cornice,,62,88,1881 Capacelli - Il vero libro dei sogni
Cornice,sola,10,88,1881 Capacelli - Il vero libro dei sogni
Cornici Più,,17,88,1881 Capacelli - Il vero libro dei sogni
Cornicione,,83,88,1881 Capacelli - Il vero libro dei sogni
Corno Da Caccia,,49,88,1881 Capacelli - Il vero libro dei sogni
Corno Da Caccia,solo,68 90,88,1881 Capacelli - Il vero libro dei sogni
Cornuta,,87,88,1881 Capacelli - Il vero libro dei sogni
Coro,,6 45,88,1881 Capacelli - Il vero libro dei sogni
Corona Ducale,,54,88,1881 Capacelli - Il vero libro dei sogni
Corona Ducale,imperiale,90,88,1881 Capacelli - Il vero libro dei sogni
Corona Ducale,reale,66,88,1881 Capacelli - Il vero libro dei sogni
Corona Ducale,del rosario,45,88,1881 Capacelli - Il vero libro dei sogni
Coronare,,24 46,88,1881 Capacelli - Il vero libro dei sogni
Coronaro,,7 88,88,1881 Capacelli - Il vero libro dei sogni
Coronato,,90,88,1881 Capacelli - Il vero libro dei sogni
Coronazione,,6,88,1881 Capacelli - Il vero libro dei sogni
Corone,molte,2 46 67,88,1881 Capacelli - Il vero libro dei sogni
Corpetto,,48,88,1881 Capacelli - Il vero libro dei sogni
Corpi Santi,,27,88,1881 Capacelli - Il vero libro dei sogni
Corpo,,12 32,88,1881 Capacelli - Il vero libro dei sogni
Corpo,di veste,6,88,1881 Capacelli - Il vero libro dei sogni
Corredo,,60,88,1881 Capacelli - Il vero libro dei sogni
Correre,,3 36,88,1881 Capacelli - Il vero libro dei sogni
Correttore,,10,88,1881 Capacelli - Il vero libro dei sogni
Corriere,,38 58,88,1881 Capacelli - Il vero libro dei sogni
Corsa,,52 55,88,1881 Capacelli - Il vero libro dei sogni
Corsa,di barberi,79,88,1881 Capacelli - Il vero libro dei sogni
Corsaro Di Mare,,41,88,1881 Capacelli - Il vero libro dei sogni
Corsari,,2,88,1881 Capacelli - Il vero libro dei sogni
Corsetti Da Donna,,71,88,1881 Capacelli - Il vero libro dei sogni
Corsetto,,19,88,1881 Capacelli - Il vero libro dei sogni
Corso,,8 65,88,1881 Capacelli - Il vero libro dei sogni
Corso,di maschere,84,88,1881 Capacelli - Il vero libro dei sogni
Corse Reali,,80,88,1881 Capacelli - Il vero libro dei sogni
Corte Di Campagna,,30,88,1881 Capacelli - Il vero libro dei sogni
Corte Di Campagna,di casa,2 29,88,1881 Capacelli - Il vero libro dei sogni
Corte Di Campagna,ossia squadra di birri di giorno,24,88,1881 Capacelli - Il vero libro dei sogni
Corte Di Campagna,"detta, di notte",2,88,1881 Capacelli - Il vero libro dei sogni
Corte Di Campagna,d'appello,32,88,1881 Capacelli - Il vero libro dei sogni
Cortecce,,51,88,1881 Capacelli - Il vero libro dei sogni
Corteggiare,,50,88,1881 Capacelli - Il vero libro dei sogni
Corteggiate,,72,88,1881 Capacelli - Il vero libro dei sogni
Corteggio,,5,88,1881 Capacelli - Il vero libro dei sogni
Corteo,,66,88,1881 Capacelli - Il vero libro dei sogni
Cortese,,71,88,1881 Capacelli - Il vero libro dei sogni
Cortesia,,60,88,1881 Capacelli - Il vero libro dei sogni
Cortigiana,,69,88,1881 Capacelli - Il vero libro dei sogni
Cortigiano,,11,88,1881 Capacelli - Il vero libro dei sogni
Corti,,4,88,1881 Capacelli - Il vero libro dei sogni
Cortile,,71 78,88,1881 Capacelli - Il vero libro dei sogni
Cortinaggio,,10,88,1881 Capacelli - Il vero libro dei sogni
Corvetta Io,,5,88,1881 Capacelli - Il vero libro dei sogni
Corvi,,17 32,88,1881 Capacelli - Il vero libro dei sogni
Corvo,,22 71,88,1881 Capacelli - Il vero libro dei sogni
Corvo,che vola,13 49,88,1881 Capacelli - Il vero libro dei sogni
Cosa Qualunque,,63,89,1881 Capacelli - Il vero libro dei sogni
Coscia,,41,89,1881 Capacelli - Il vero libro dei sogni
Coscienza,,15,89,1881 Capacelli - Il vero libro dei sogni
Coscetto Qualunque,,63,89,1881 Capacelli - Il vero libro dei sogni
Coscetto Qualunque,di porco,75,89,1881 Capacelli - Il vero libro dei sogni
Coscetto Qualunque,di vitello,65,89,1881 Capacelli - Il vero libro dei sogni
Comana,,13,89,1881 Capacelli - Il vero libro dei sogni
Coscritti,,55 63,89,1881 Capacelli - Il vero libro dei sogni
Coscrizione,,37 61,89,1881 Capacelli - Il vero libro dei sogni
Cose Disaggradevoli,,17,89,1881 Capacelli - Il vero libro dei sogni
Cospettoni Pesci,,1,89,1881 Capacelli - Il vero libro dei sogni
Costa,,11 21,89,1881 Capacelli - Il vero libro dei sogni
Costanza,,6,89,1881 Capacelli - Il vero libro dei sogni
"Coste, Erba",,13 17,89,1881 Capacelli - Il vero libro dei sogni
"Coste, Erba",di vitello,31,89,1881 Capacelli - Il vero libro dei sogni
"Coste, Erba",di porco,1 28,89,1881 Capacelli - Il vero libro dei sogni
Costereccio,,3,89,1881 Capacelli - Il vero libro dei sogni
Costola,,11,89,1881 Capacelli - Il vero libro dei sogni
Costole,,36,89,1881 Capacelli - Il vero libro dei sogni
Costume,,28,89,1881 Capacelli - Il vero libro dei sogni
Cotenna,,58,89,1881 Capacelli - Il vero libro dei sogni
Cotogna,,20,89,1881 Capacelli - Il vero libro dei sogni
Cotognate,,34,89,1881 Capacelli - Il vero libro dei sogni
Cotone,,22,89,1881 Capacelli - Il vero libro dei sogni
Coturni,uccelli,80,89,1881 Capacelli - Il vero libro dei sogni
Cotta,,1,89,1881 Capacelli - Il vero libro dei sogni
Cotta,da prete,56,89,1881 Capacelli - Il vero libro dei sogni
Coturni,,53,89,1881 Capacelli - Il vero libro dei sogni
Covata,,60 83,89,1881 Capacelli - Il vero libro dei sogni
Covoni Paglia Grani,,11,89,1881 Capacelli - Il vero libro dei sogni
Cozzata,,82,89,1881 Capacelli - Il vero libro dei sogni
Cozzate,,81,89,1881 Capacelli - Il vero libro dei sogni
Craglione Craglioni,,21,89,1881 Capacelli - Il vero libro dei sogni
Cranio,,11 80,89,1881 Capacelli - Il vero libro dei sogni
Crapola,,3,89,1881 Capacelli - Il vero libro dei sogni
Creatura,,15,89,1881 Capacelli - Il vero libro dei sogni
Creature,,15 60,89,1881 Capacelli - Il vero libro dei sogni
Credenza,,10,89,1881 Capacelli - Il vero libro dei sogni
Credenziere,,9 68,89,1881 Capacelli - Il vero libro dei sogni
Creditore,,20,89,1881 Capacelli - Il vero libro dei sogni
Cremortartaro,,82,89,1881 Capacelli - Il vero libro dei sogni
Crepare E Crepato,,39,89,1881 Capacelli - Il vero libro dei sogni
Cresima,,66,89,1881 Capacelli - Il vero libro dei sogni
Cresimato,,78,89,1881 Capacelli - Il vero libro dei sogni
Cresta,,48,89,1881 Capacelli - Il vero libro dei sogni
Cresta,di gallina,31,89,1881 Capacelli - Il vero libro dei sogni
Cresta,di gallo,25,89,1881 Capacelli - Il vero libro dei sogni
Creto,,23 39 58 66,89,1881 Capacelli - Il vero libro dei sogni
Criminalista,,41,89,1881 Capacelli - Il vero libro dei sogni
Crini E Crine,,45,89,1881 Capacelli - Il vero libro dei sogni
Cristalli,,11,89,1881 Capacelli - Il vero libro dei sogni
Cristallo,,25 90,89,1881 Capacelli - Il vero libro dei sogni
Cristallo,di rocca,26,89,1881 Capacelli - Il vero libro dei sogni
Cristero,,3 15,89,1881 Capacelli - Il vero libro dei sogni
Crivellare,,11,89,1881 Capacelli - Il vero libro dei sogni
Crivelli,,40 42,89,1881 Capacelli - Il vero libro dei sogni
Crivello,,73 75,89,1881 Capacelli - Il vero libro dei sogni
Crocco Di Ferro,,74,89,1881 Capacelli - Il vero libro dei sogni
Croce,,30 90,89,1881 Capacelli - Il vero libro dei sogni
Croce,d'argento,12,89,1881 Capacelli - Il vero libro dei sogni
Croce,d'oro con pietre,54,89,1881 Capacelli - Il vero libro dei sogni
Croce,da cavaliere,66,89,1881 Capacelli - Il vero libro dei sogni
Crocetta,,33,89,1881 Capacelli - Il vero libro dei sogni
Croci,,54,89,1881 Capacelli - Il vero libro dei sogni
Crocefisso,,25 90,89,1881 Capacelli - Il vero libro dei sogni
Crociuolo,,23 64,89,1881 Capacelli - Il vero libro dei sogni
Crosta,,64,89,1881 Capacelli - Il vero libro dei sogni
Croste,male,76,89,1881 Capacelli - Il vero libro dei sogni
Crostina,,12,89,1881 Capacelli - Il vero libro dei sogni
Crovatti,,13 75,89,1881 Capacelli - Il vero libro dei sogni
Crudo,,59,89,1881 Capacelli - Il vero libro dei sogni
Crudeltà,,77,89,1881 Capacelli - Il vero libro dei sogni
Crusca,,39,89,1881 Capacelli - Il vero libro dei sogni
Cuba,,5,90,1881 Capacelli - Il vero libro dei sogni
Cubi D'oro,,64,90,1881 Capacelli - Il vero libro dei sogni
Cubo,,23,90,1881 Capacelli - Il vero libro dei sogni
Cucchiararo,,18,90,1881 Capacelli - Il vero libro dei sogni
Cucchiari,,26,90,1881 Capacelli - Il vero libro dei sogni
Cucchiaro,,26 83,90,1881 Capacelli - Il vero libro dei sogni
Cuccb-iarone,,90,90,1881 Capacelli - Il vero libro dei sogni
Cucchetti,,21,90,1881 Capacelli - Il vero libro dei sogni
Cucina,,59,90,1881 Capacelli - Il vero libro dei sogni
Cucinara,,3,90,1881 Capacelli - Il vero libro dei sogni
Cucinare,,19,90,1881 Capacelli - Il vero libro dei sogni
Cucinaro,,36,90,1881 Capacelli - Il vero libro dei sogni
Cucinatore,,14,90,1881 Capacelli - Il vero libro dei sogni
Cucire,,17,90,1881 Capacelli - Il vero libro dei sogni
Cucitore,,28,90,1881 Capacelli - Il vero libro dei sogni
Cueffure E Cueffura,,1 2,90,1881 Capacelli - Il vero libro dei sogni
Cuffia,,27 40,90,1881 Capacelli - Il vero libro dei sogni
Cuffia,con fiori,49,90,1881 Capacelli - Il vero libro dei sogni
Culone,,22,90,1881 Capacelli - Il vero libro dei sogni
Cufflara,,37,90,1881 Capacelli - Il vero libro dei sogni
Cuffletta,,30,90,1881 Capacelli - Il vero libro dei sogni
Cugina O Cugino,,21,90,1881 Capacelli - Il vero libro dei sogni
"Cugino, Moscherino",,21,90,1881 Capacelli - Il vero libro dei sogni
Culo,,23,90,1881 Capacelli - Il vero libro dei sogni
Culo,verde,72,90,1881 Capacelli - Il vero libro dei sogni
Culo,ferito,33,90,1881 Capacelli - Il vero libro dei sogni
Culo,mostrare,16 17,90,1881 Capacelli - Il vero libro dei sogni
Cuna,,8,90,1881 Capacelli - Il vero libro dei sogni
Cuna,con bambino,19,90,1881 Capacelli - Il vero libro dei sogni
Cunio,,16,90,1881 Capacelli - Il vero libro dei sogni
Cuocere,,12,90,1881 Capacelli - Il vero libro dei sogni
Cuoco,,25,90,1881 Capacelli - Il vero libro dei sogni
Cuore,,6,90,1881 Capacelli - Il vero libro dei sogni
Cupidigia,,74,90,1881 Capacelli - Il vero libro dei sogni
Cupido,,62,90,1881 Capacelli - Il vero libro dei sogni
"Cupo, Concavità",,69,90,1881 Capacelli - Il vero libro dei sogni
Cura,,18,90,1881 Capacelli - Il vero libro dei sogni
Curadenti,,31,90,1881 Capacelli - Il vero libro dei sogni
Curandaio,,68,90,1881 Capacelli - Il vero libro dei sogni
Curare Volatili,,1 30,90,1881 Capacelli - Il vero libro dei sogni
Curato D'anime,,12,90,1881 Capacelli - Il vero libro dei sogni
Curia,,7,90,1881 Capacelli - Il vero libro dei sogni
Curiale,,55 65,90,1881 Capacelli - Il vero libro dei sogni
Curiosità,,42,90,1881 Capacelli - Il vero libro dei sogni
Cursore,,67,90,1881 Capacelli - Il vero libro dei sogni
Custioni,,50,90,1881 Capacelli - Il vero libro dei sogni
Custode,,80,90,1881 Capacelli - Il vero libro dei sogni
Custode,angelo,80,90,1881 Capacelli - Il vero libro dei sogni
Custode,di teatro,80,90,1881 Capacelli - Il vero libro dei sogni
Custode,di donne,20,90,1881 Capacelli - Il vero libro dei sogni
Custode,di soldati,40,90,1881 Capacelli - Il vero libro dei sogni
Custode,di prigioni,4 60,90,1881 Capacelli - Il vero libro dei sogni
Custodia,,10,90,1881 Capacelli - Il vero libro dei sogni
Custodia,di libri,67,90,1881 Capacelli - Il vero libro dei sogni
Custodia,di bestie,60,90,1881 Capacelli - Il vero libro dei sogni
Custodia,di fanciulli |,27,90,1881 Capacelli - Il vero libro dei sogni
Custodia,di fanciulle,35,90,1881 Capacelli - Il vero libro dei sogni
Dadi Da Giuocare Damigella,,9 49,90,1881 Capacelli - Il vero libro dei sogni
Dado,,6,90,1881 Capacelli - Il vero libro dei sogni
Dame,,80,90,1881 Capacelli - Il vero libro dei sogni
Daino,,90,90,1881 Capacelli - Il vero libro dei sogni
Daino,da giuoco,17 22,90,1881 Capacelli - Il vero libro dei sogni
Dama,,18,90,1881 Capacelli - Il vero libro dei sogni
Damerini,,4 25,90,1881 Capacelli - Il vero libro dei sogni
"Damasco, Drappo",,69,90,1881 Capacelli - Il vero libro dei sogni
Damigiana,,76,90,1881 Capacelli - Il vero libro dei sogni
Damo,,78,91,1881 Capacelli - Il vero libro dei sogni
Dannato,,64,91,1881 Capacelli - Il vero libro dei sogni
Dannazione,,14,91,1881 Capacelli - Il vero libro dei sogni
Danno,,70,91,1881 Capacelli - Il vero libro dei sogni
Dannoso,,58,91,1881 Capacelli - Il vero libro dei sogni
Danza,,8 64,91,1881 Capacelli - Il vero libro dei sogni
Danzare,,24 64,91,1881 Capacelli - Il vero libro dei sogni
Danese,,6,91,1881 Capacelli - Il vero libro dei sogni
Danesi,,53,91,1881 Capacelli - Il vero libro dei sogni
Danaro,,74,91,1881 Capacelli - Il vero libro dei sogni
Dardo,,82 8,91,1881 Capacelli - Il vero libro dei sogni
Darsena,,46,91,1881 Capacelli - Il vero libro dei sogni
Datare,,40,91,1881 Capacelli - Il vero libro dei sogni
Dato,,3,91,1881 Capacelli - Il vero libro dei sogni
Datteri,,17 58,91,1881 Capacelli - Il vero libro dei sogni
Dattero,,17,91,1881 Capacelli - Il vero libro dei sogni
Davanoja,,10,91,1881 Capacelli - Il vero libro dei sogni
Davanzale,,39 64,91,1881 Capacelli - Il vero libro dei sogni
Dazio,,6,91,1881 Capacelli - Il vero libro dei sogni
Dea,,1 34,91,1881 Capacelli - Il vero libro dei sogni
Debellato,,35,91,1881 Capacelli - Il vero libro dei sogni
Debiti,,65,91,1881 Capacelli - Il vero libro dei sogni
Debito,,69,91,1881 Capacelli - Il vero libro dei sogni
Debitore,,90,91,1881 Capacelli - Il vero libro dei sogni
Debitrice,,81,91,1881 Capacelli - Il vero libro dei sogni
Debolezza,,11,91,1881 Capacelli - Il vero libro dei sogni
Dacadenza,,47,91,1881 Capacelli - Il vero libro dei sogni
Decano,,20,91,1881 Capacelli - Il vero libro dei sogni
Decapitare,,71,91,1881 Capacelli - Il vero libro dei sogni
Decapitato,,81,91,1881 Capacelli - Il vero libro dei sogni
Decenza,,17,91,1881 Capacelli - Il vero libro dei sogni
Decima,,76,91,1881 Capacelli - Il vero libro dei sogni
Decina,,76,91,1881 Capacelli - Il vero libro dei sogni
Decisione,,44,91,1881 Capacelli - Il vero libro dei sogni
Declamatore,,50,91,1881 Capacelli - Il vero libro dei sogni
Decotto D'erbe,,8,91,1881 Capacelli - Il vero libro dei sogni
Decotto,per medie,29,91,1881 Capacelli - Il vero libro dei sogni
Decozione,,71,91,1881 Capacelli - Il vero libro dei sogni
Decrepito,,73,91,1881 Capacelli - Il vero libro dei sogni
Decreto,,38,91,1881 Capacelli - Il vero libro dei sogni
Decroteur O Netta,,45,91,1881 Capacelli - Il vero libro dei sogni
Decubito,,51,91,1881 Capacelli - Il vero libro dei sogni
Decurione,,71,91,1881 Capacelli - Il vero libro dei sogni
Dedica,,59,91,1881 Capacelli - Il vero libro dei sogni
Defaticato,,15,91,1881 Capacelli - Il vero libro dei sogni
Deferitore,,21,91,1881 Capacelli - Il vero libro dei sogni
Deforme,,80,91,1881 Capacelli - Il vero libro dei sogni
Deformità,,82,91,1881 Capacelli - Il vero libro dei sogni
Deità,,2 6,91,1881 Capacelli - Il vero libro dei sogni
Delfino,,37 50,91,1881 Capacelli - Il vero libro dei sogni
Delicatezza,,37,91,1881 Capacelli - Il vero libro dei sogni
Delicato,,49,91,1881 Capacelli - Il vero libro dei sogni
Delineare,,36,91,1881 Capacelli - Il vero libro dei sogni
Delinquente,,90,91,1881 Capacelli - Il vero libro dei sogni
Deliquio,,36,91,1881 Capacelli - Il vero libro dei sogni
Delirare,,48 90,91,1881 Capacelli - Il vero libro dei sogni
Delirio,,37 49,91,1881 Capacelli - Il vero libro dei sogni
Delitto,,66,91,1881 Capacelli - Il vero libro dei sogni
Delizia,,11 67,91,1881 Capacelli - Il vero libro dei sogni
Demolire,,10,91,1881 Capacelli - Il vero libro dei sogni
Demonii,,4,91,1881 Capacelli - Il vero libro dei sogni
Demonio,,14,91,1881 Capacelli - Il vero libro dei sogni
Denari,,30 90,91,1881 Capacelli - Il vero libro dei sogni
Denari,trovare,8 61,91,1881 Capacelli - Il vero libro dei sogni
Denti E Dente,,35,91,1881 Capacelli - Il vero libro dei sogni
Denti E Dente,finti,39,91,1881 Capacelli - Il vero libro dei sogni
Denti E Dente,da cavarsi,71,91,1881 Capacelli - Il vero libro dei sogni
Dentice Pesce,,13,91,1881 Capacelli - Il vero libro dei sogni
Denudare,,59,91,1881 Capacelli - Il vero libro dei sogni
Denunziatore,,25,91,1881 Capacelli - Il vero libro dei sogni
Denunzie,,56,91,1881 Capacelli - Il vero libro dei sogni
Denunzie,di matrimonio,71 72,91,1881 Capacelli - Il vero libro dei sogni
Depositario,,62,92,1881 Capacelli - Il vero libro dei sogni
Deposito,,56,92,1881 Capacelli - Il vero libro dei sogni
Deposito,di morti,58 62,92,1881 Capacelli - Il vero libro dei sogni
Deputazione,,45,92,1881 Capacelli - Il vero libro dei sogni
Desco O Tavola,,48,92,1881 Capacelli - Il vero libro dei sogni
Descritto,,15,92,1881 Capacelli - Il vero libro dei sogni
Descrizione,,53,92,1881 Capacelli - Il vero libro dei sogni
Deserto,,71,92,1881 Capacelli - Il vero libro dei sogni
Desertore,,47,92,1881 Capacelli - Il vero libro dei sogni
Desiderio,,19,92,1881 Capacelli - Il vero libro dei sogni
Desinare,,42,92,1881 Capacelli - Il vero libro dei sogni
Desinare,in compagnia,55,92,1881 Capacelli - Il vero libro dei sogni
Desio,,44,92,1881 Capacelli - Il vero libro dei sogni
Desolare,,52,92,1881 Capacelli - Il vero libro dei sogni
Desolazione,,41,92,1881 Capacelli - Il vero libro dei sogni
Destare,o desto,42 66,92,1881 Capacelli - Il vero libro dei sogni
Destino,,30,92,1881 Capacelli - Il vero libro dei sogni
Destra,,81,92,1881 Capacelli - Il vero libro dei sogni
Destrezza,,45,92,1881 Capacelli - Il vero libro dei sogni
Destriere,,33,92,1881 Capacelli - Il vero libro dei sogni
Deteriorare,,54,92,1881 Capacelli - Il vero libro dei sogni
Determinazione,,68,92,1881 Capacelli - Il vero libro dei sogni
Dettare,,15,92,1881 Capacelli - Il vero libro dei sogni
Devastare,,40,92,1881 Capacelli - Il vero libro dei sogni
Deviare,,26,92,1881 Capacelli - Il vero libro dei sogni
Devoto,,31,92,1881 Capacelli - Il vero libro dei sogni
Devozione,,76,92,1881 Capacelli - Il vero libro dei sogni
Diacciaja,,86,92,1881 Capacelli - Il vero libro dei sogni
Diaccio,,71,92,1881 Capacelli - Il vero libro dei sogni
Diaccinti,,4,92,1881 Capacelli - Il vero libro dei sogni
Diacono,,88,92,1881 Capacelli - Il vero libro dei sogni
Diadema,,4,92,1881 Capacelli - Il vero libro dei sogni
Diamante,,29,92,1881 Capacelli - Il vero libro dei sogni
Diamanti,,29 34,92,1881 Capacelli - Il vero libro dei sogni
Diamanti,ritrovare,7,92,1881 Capacelli - Il vero libro dei sogni
Diametro,,79,92,1881 Capacelli - Il vero libro dei sogni
Diario,,57,92,1881 Capacelli - Il vero libro dei sogni
Diarrea,,52,92,1881 Capacelli - Il vero libro dei sogni
Diaspro,,79,92,1881 Capacelli - Il vero libro dei sogni
Diavolo,,14,92,1881 Capacelli - Il vero libro dei sogni
Dibattersi,,29,92,1881 Capacelli - Il vero libro dei sogni
Dibattimento,,30,92,1881 Capacelli - Il vero libro dei sogni
Dieta,,67,92,1881 Capacelli - Il vero libro dei sogni
Difensore,,36,92,1881 Capacelli - Il vero libro dei sogni
Difesa,,65,92,1881 Capacelli - Il vero libro dei sogni
Difetto,,23,92,1881 Capacelli - Il vero libro dei sogni
Diffamare,,50,92,1881 Capacelli - Il vero libro dei sogni
Digestione,,41,92,1881 Capacelli - Il vero libro dei sogni
Digiunare,,35,92,1881 Capacelli - Il vero libro dei sogni
Digiuno,,13,92,1881 Capacelli - Il vero libro dei sogni
Dignità,,80,92,1881 Capacelli - Il vero libro dei sogni
Dilettarsi,,10 20,92,1881 Capacelli - Il vero libro dei sogni
Diletto,,30,92,1881 Capacelli - Il vero libro dei sogni
Diligente,,64,92,1881 Capacelli - Il vero libro dei sogni
Dilombato,,59,92,1881 Capacelli - Il vero libro dei sogni
Diluvio,,59 87,92,1881 Capacelli - Il vero libro dei sogni
Dimandar Limosina,,66,92,1881 Capacelli - Il vero libro dei sogni
Dimenare,,68,92,1881 Capacelli - Il vero libro dei sogni
Diminuire,,41,92,1881 Capacelli - Il vero libro dei sogni
Dimissoria,,80,92,1881 Capacelli - Il vero libro dei sogni
Dimora,,89,92,1881 Capacelli - Il vero libro dei sogni
Dimagrato,,1,92,1881 Capacelli - Il vero libro dei sogni
Dimanda,,56,92,1881 Capacelli - Il vero libro dei sogni
Dimentico,,82,92,1881 Capacelli - Il vero libro dei sogni
Dio,,9 90,92,1881 Capacelli - Il vero libro dei sogni
Diocesi,,16,92,1881 Capacelli - Il vero libro dei sogni
Dipanare,,30,92,1881 Capacelli - Il vero libro dei sogni
Dipartenza,,31,92,1881 Capacelli - Il vero libro dei sogni
Dipingere,,9,92,1881 Capacelli - Il vero libro dei sogni
Diploma,,81,92,1881 Capacelli - Il vero libro dei sogni
Direttore,,44,92,1881 Capacelli - Il vero libro dei sogni
Dirigere,,35,92,1881 Capacelli - Il vero libro dei sogni
D'altura,,57,92,1881 Capacelli - Il vero libro dei sogni
Disagio,,82,92,1881 Capacelli - Il vero libro dei sogni
Disarmato,,88,93,1881 Capacelli - Il vero libro dei sogni
Disastro,,38,93,1881 Capacelli - Il vero libro dei sogni
Discalzarsi,,68,93,1881 Capacelli - Il vero libro dei sogni
Discalzi,,66,93,1881 Capacelli - Il vero libro dei sogni
Discaricar Cannoni,,90,93,1881 Capacelli - Il vero libro dei sogni
Discarmuta,,1,93,1881 Capacelli - Il vero libro dei sogni
Disciplina,,89,93,1881 Capacelli - Il vero libro dei sogni
Disciplinarsi,,37,93,1881 Capacelli - Il vero libro dei sogni
Discolo,,77,93,1881 Capacelli - Il vero libro dei sogni
Discordia,,72,93,1881 Capacelli - Il vero libro dei sogni
Disdetta,di casa,72,93,1881 Capacelli - Il vero libro dei sogni
Disdetta,di giuoco,74,93,1881 Capacelli - Il vero libro dei sogni
Disdetta,di commerc,37 46,93,1881 Capacelli - Il vero libro dei sogni
Diseccare,,86,93,1881 Capacelli - Il vero libro dei sogni
Disegnare,,7,93,1881 Capacelli - Il vero libro dei sogni
Disegnatore,,54,93,1881 Capacelli - Il vero libro dei sogni
Disertore,,59,93,1881 Capacelli - Il vero libro dei sogni
Disertori,,64,93,1881 Capacelli - Il vero libro dei sogni
"Diseredare, Privar D'e Redità",,67,93,1881 Capacelli - Il vero libro dei sogni
Dissfida,,55,93,1881 Capacelli - Il vero libro dei sogni
Disgranare,,49,93,1881 Capacelli - Il vero libro dei sogni
Disgrazia,,24,93,1881 Capacelli - Il vero libro dei sogni
Disgraziato,,6 90,93,1881 Capacelli - Il vero libro dei sogni
Disgustare,,12,93,1881 Capacelli - Il vero libro dei sogni
Disgusto,,9,93,1881 Capacelli - Il vero libro dei sogni
Disigillare Lettere E Di,sigillatura,2,93,1881 Capacelli - Il vero libro dei sogni
Disimpegnare,,2,93,1881 Capacelli - Il vero libro dei sogni
Disoccupato,,34,93,1881 Capacelli - Il vero libro dei sogni
Disonestà,,90,93,1881 Capacelli - Il vero libro dei sogni
Disonesto,,73,93,1881 Capacelli - Il vero libro dei sogni
Disonoramento,,7,93,1881 Capacelli - Il vero libro dei sogni
Disonorare,,17,93,1881 Capacelli - Il vero libro dei sogni
Disonorato E Dison,,77,93,1881 Capacelli - Il vero libro dei sogni
Disonore,,20,93,1881 Capacelli - Il vero libro dei sogni
Disordine,,81,93,1881 Capacelli - Il vero libro dei sogni
Disossare Pollastri,,78,93,1881 Capacelli - Il vero libro dei sogni
Disotterr. Un Morto,,48,93,1881 Capacelli - Il vero libro dei sogni
Dispensa,,55,93,1881 Capacelli - Il vero libro dei sogni
Dispense,per privil,48,93,1881 Capacelli - Il vero libro dei sogni
Dispensieri,,49,93,1881 Capacelli - Il vero libro dei sogni
Disperarsi,,18 74,93,1881 Capacelli - Il vero libro dei sogni
Disperato,,90,93,1881 Capacelli - Il vero libro dei sogni
Disperazione,,89,93,1881 Capacelli - Il vero libro dei sogni
Dispiegare Qual. Cosa,,42,93,1881 Capacelli - Il vero libro dei sogni
Dispogliare,,35,93,1881 Capacelli - Il vero libro dei sogni
Disputa,,10,93,1881 Capacelli - Il vero libro dei sogni
Disputa,sopra diverse ma terie,69,93,1881 Capacelli - Il vero libro dei sogni
Dissipatore,,34,93,1881 Capacelli - Il vero libro dei sogni
Dissoluto,,87,93,1881 Capacelli - Il vero libro dei sogni
Dissoluzione,,39,93,1881 Capacelli - Il vero libro dei sogni
Distico,,2,93,1881 Capacelli - Il vero libro dei sogni
Distratto,,63,93,1881 Capacelli - Il vero libro dei sogni
Distruggere,,30,93,1881 Capacelli - Il vero libro dei sogni
Disturbo,,42,93,1881 Capacelli - Il vero libro dei sogni
Distribuir Denaro,,2 69,93,1881 Capacelli - Il vero libro dei sogni
Distribuir Denaro,pane,6,93,1881 Capacelli - Il vero libro dei sogni
Disubbidiente,,87,93,1881 Capacelli - Il vero libro dei sogni
Disunione,,33,93,1881 Capacelli - Il vero libro dei sogni
Dita Bruciarsi,,56,93,1881 Capacelli - Il vero libro dei sogni
Dita Bruciarsi,tagliarsi,6,93,1881 Capacelli - Il vero libro dei sogni
Ditale,,66,93,1881 Capacelli - Il vero libro dei sogni
Ditali,,36,93,1881 Capacelli - Il vero libro dei sogni
Diti,,11,93,1881 Capacelli - Il vero libro dei sogni
Dite,,10,93,1881 Capacelli - Il vero libro dei sogni
Dittamo,,58,93,1881 Capacelli - Il vero libro dei sogni
Dittatore,,72,93,1881 Capacelli - Il vero libro dei sogni
Divelto,,67,93,1881 Capacelli - Il vero libro dei sogni
Divertimento,,3,93,1881 Capacelli - Il vero libro dei sogni
Divider Filo O Seta,,9 73,93,1881 Capacelli - Il vero libro dei sogni
Divinità,,23,93,1881 Capacelli - Il vero libro dei sogni
Divisa,,43,93,1881 Capacelli - Il vero libro dei sogni
Divisa,qualunque,24,94,1881 Capacelli - Il vero libro dei sogni
Divisione Qualunque,,67,94,1881 Capacelli - Il vero libro dei sogni
Divorare,,40,94,1881 Capacelli - Il vero libro dei sogni
Divorato,,29,94,1881 Capacelli - Il vero libro dei sogni
Divorzio,,76,94,1881 Capacelli - Il vero libro dei sogni
Divoto,,5 31,94,1881 Capacelli - Il vero libro dei sogni
Divozione,,8 21,94,1881 Capacelli - Il vero libro dei sogni
Divozione,falsa,8,94,1881 Capacelli - Il vero libro dei sogni
Dizionario,,77,94,1881 Capacelli - Il vero libro dei sogni
Doccia,,3,94,1881 Capacelli - Il vero libro dei sogni
Doga Di Botte,,28,94,1881 Capacelli - Il vero libro dei sogni
Dogana,,87,94,1881 Capacelli - Il vero libro dei sogni
Dogane,,77,94,1881 Capacelli - Il vero libro dei sogni
Doganiere,,56,94,1881 Capacelli - Il vero libro dei sogni
Doganieri,,59,94,1881 Capacelli - Il vero libro dei sogni
Doge,,3,94,1881 Capacelli - Il vero libro dei sogni
Doglia,,6,94,1881 Capacelli - Il vero libro dei sogni
Doglie,,66,94,1881 Capacelli - Il vero libro dei sogni
Dolce,,75,94,1881 Capacelli - Il vero libro dei sogni
Dolci,,38 90,94,1881 Capacelli - Il vero libro dei sogni
Dolcezza,,40,94,1881 Capacelli - Il vero libro dei sogni
Dolore,,3,94,1881 Capacelli - Il vero libro dei sogni
Dolore,di denti,3 66,94,1881 Capacelli - Il vero libro dei sogni
Dolore,di parto,7 21,94,1881 Capacelli - Il vero libro dei sogni
Dolori,,16,94,1881 Capacelli - Il vero libro dei sogni
Domandare,,80,94,1881 Capacelli - Il vero libro dei sogni
Domar Bestie Fer,,24 79,94,1881 Capacelli - Il vero libro dei sogni
Domar Bestie Fer,puledri,25,94,1881 Capacelli - Il vero libro dei sogni
Domestico,,12,94,1881 Capacelli - Il vero libro dei sogni
Dominare,,24,94,1881 Capacelli - Il vero libro dei sogni
Dominio,,44 48,94,1881 Capacelli - Il vero libro dei sogni
Domino,,44,94,1881 Capacelli - Il vero libro dei sogni
Donare,,25 75,94,1881 Capacelli - Il vero libro dei sogni
Donazione,,83,94,1881 Capacelli - Il vero libro dei sogni
Doni Ricevere,,12 36,94,1881 Capacelli - Il vero libro dei sogni
Doni Ricevere,presentare,25,94,1881 Capacelli - Il vero libro dei sogni
Donna,,21,94,1881 Capacelli - Il vero libro dei sogni
Donna,che lava i piatti,79,94,1881 Capacelli - Il vero libro dei sogni
Donna,alla toeletta,90,94,1881 Capacelli - Il vero libro dei sogni
Donna,parata,79,94,1881 Capacelli - Il vero libro dei sogni
Donna,all'uscio,42,94,1881 Capacelli - Il vero libro dei sogni
Donna,arruffata,29,94,1881 Capacelli - Il vero libro dei sogni
Donna,che attinge acqua al pozzo,67,94,1881 Capacelli - Il vero libro dei sogni
Donna,che fila,21 59,94,1881 Capacelli - Il vero libro dei sogni
Donna,che lavora,50,94,1881 Capacelli - Il vero libro dei sogni
Donna,gravida,65,94,1881 Capacelli - Il vero libro dei sogni
Donna,sfacciata,44,94,1881 Capacelli - Il vero libro dei sogni
Donna,di mondo,79,94,1881 Capacelli - Il vero libro dei sogni
Donna,che suona,16,94,1881 Capacelli - Il vero libro dei sogni
Donna,che canta,14,94,1881 Capacelli - Il vero libro dei sogni
Donna,allo specchio,19,94,1881 Capacelli - Il vero libro dei sogni
Donna,in letto,68,94,1881 Capacelli - Il vero libro dei sogni
Donna,bella,82,94,1881 Capacelli - Il vero libro dei sogni
Donna,brutta,24,94,1881 Capacelli - Il vero libro dei sogni
Donna,alla finestra,33,94,1881 Capacelli - Il vero libro dei sogni
Donna,al balcone,45,94,1881 Capacelli - Il vero libro dei sogni
Donne Assettate,,89,94,1881 Capacelli - Il vero libro dei sogni
Donne Assettate,diverse,16,94,1881 Capacelli - Il vero libro dei sogni
Donne Assettate,guerriere,61,94,1881 Capacelli - Il vero libro dei sogni
Donne Assettate,indrappate,47,94,1881 Capacelli - Il vero libro dei sogni
Donne Assettate,nude,36 39,94,1881 Capacelli - Il vero libro dei sogni
Donne Assettate,partorienti,27,94,1881 Capacelli - Il vero libro dei sogni
Donne Assettate,nel bagno,73,94,1881 Capacelli - Il vero libro dei sogni
Che Fanno All'amo,re,24,94,1881 Capacelli - Il vero libro dei sogni
Che Fanno All'amo,in rissa,8 22,94,1881 Capacelli - Il vero libro dei sogni
Che Fanno All'amo,morte,14,94,1881 Capacelli - Il vero libro dei sogni
Donniciuole,,8 18,94,1881 Capacelli - Il vero libro dei sogni
Donnola,,57,94,1881 Capacelli - Il vero libro dei sogni
Dono,,81,94,1881 Capacelli - Il vero libro dei sogni
Donzella,,52,94,1881 Capacelli - Il vero libro dei sogni
Donzellante,,44,94,1881 Capacelli - Il vero libro dei sogni
Donzello,,22,95,1881 Capacelli - Il vero libro dei sogni
Doppia Moneta,,68,95,1881 Capacelli - Il vero libro dei sogni
Dorare,,48,95,1881 Capacelli - Il vero libro dei sogni
Doratore,,28 48,95,1881 Capacelli - Il vero libro dei sogni
Doratura,,17,95,1881 Capacelli - Il vero libro dei sogni
Dormire,,31 80,95,1881 Capacelli - Il vero libro dei sogni
Dormienti,,41,95,1881 Capacelli - Il vero libro dei sogni
Dormitorio,,79,95,1881 Capacelli - Il vero libro dei sogni
Dota,,19 58,95,1881 Capacelli - Il vero libro dei sogni
Dotar Fanciulle,,78,95,1881 Capacelli - Il vero libro dei sogni
Dotare,,6,95,1881 Capacelli - Il vero libro dei sogni
Dote,,25 50,95,1881 Capacelli - Il vero libro dei sogni
Dottrina,,15,95,1881 Capacelli - Il vero libro dei sogni
Dotto,,1,95,1881 Capacelli - Il vero libro dei sogni
Dottor Di Legge,,36,95,1881 Capacelli - Il vero libro dei sogni
Dottor Di Legge,ili medicina,44,95,1881 Capacelli - Il vero libro dei sogni
Dottor Di Legge,di teologia,69,95,1881 Capacelli - Il vero libro dei sogni
Doveri,,69,95,1881 Capacelli - Il vero libro dei sogni
Dovizia,,2,95,1881 Capacelli - Il vero libro dei sogni
Dozzina,,68,95,1881 Capacelli - Il vero libro dei sogni
Draga,,6,95,1881 Capacelli - Il vero libro dei sogni
Oragea,,18,95,1881 Capacelli - Il vero libro dei sogni
Drago,,50 52,95,1881 Capacelli - Il vero libro dei sogni
Drago,traghetti,63,95,1881 Capacelli - Il vero libro dei sogni
Dragoni Soldati,,10 12,95,1881 Capacelli - Il vero libro dei sogni
Drappi $,,5,95,1881 Capacelli - Il vero libro dei sogni
Drappo,,59,95,1881 Capacelli - Il vero libro dei sogni
Droga,,61,95,1881 Capacelli - Il vero libro dei sogni
Droghe,,12,95,1881 Capacelli - Il vero libro dei sogni
Drogheria,,42,95,1881 Capacelli - Il vero libro dei sogni
Droghiera,,55,95,1881 Capacelli - Il vero libro dei sogni
Droghiere,,37 50,95,1881 Capacelli - Il vero libro dei sogni
Druda,,22,95,1881 Capacelli - Il vero libro dei sogni
Drudo,,38,95,1881 Capacelli - Il vero libro dei sogni
Dubbio,,34,95,1881 Capacelli - Il vero libro dei sogni
Duca,,4 40,95,1881 Capacelli - Il vero libro dei sogni
Ducato,,51,95,1881 Capacelli - Il vero libro dei sogni
Duchessa,,14 59,95,1881 Capacelli - Il vero libro dei sogni
Duchi,,28 29,95,1881 Capacelli - Il vero libro dei sogni
Duellante,,11,95,1881 Capacelli - Il vero libro dei sogni
Duellare,,13,95,1881 Capacelli - Il vero libro dei sogni
Duello,,21 37,95,1881 Capacelli - Il vero libro dei sogni
Duetto,,4,95,1881 Capacelli - Il vero libro dei sogni
"Duolo, Far Il Duolo",,79,95,1881 Capacelli - Il vero libro dei sogni
Duomi Diversi,,68,95,1881 Capacelli - Il vero libro dei sogni
Duomo Di Milano,,66,95,1881 Capacelli - Il vero libro dei sogni
Durante,panno,79,95,1881 Capacelli - Il vero libro dei sogni
Duro O Durezza,,14,95,1881 Capacelli - Il vero libro dei sogni
Ebanista,,48 84,95,1881 Capacelli - Il vero libro dei sogni
Èbano,,78 88,95,1881 Capacelli - Il vero libro dei sogni
Èbano,ebrea,3,95,1881 Capacelli - Il vero libro dei sogni
Ebrei,,88,95,1881 Capacelli - Il vero libro dei sogni
Ebreo,t. Giudeo,45,95,1881 Capacelli - Il vero libro dei sogni
Ebreo,ebrea batt,15,95,1881 Capacelli - Il vero libro dei sogni
Eccidio,,41,95,1881 Capacelli - Il vero libro dei sogni
Ecclesiastico,,25 48,95,1881 Capacelli - Il vero libro dei sogni
Eclisse,dei sole,9 23,95,1881 Capacelli - Il vero libro dei sogni
Eclisse,dalla luna,19 81,95,1881 Capacelli - Il vero libro dei sogni
"Eco, Voce",,11 23,95,1881 Capacelli - Il vero libro dei sogni
Economia,,70,95,1881 Capacelli - Il vero libro dei sogni
Economo,,60,95,1881 Capacelli - Il vero libro dei sogni
Eculeo,,90,95,1881 Capacelli - Il vero libro dei sogni
"Edera, Albero",,79,95,1881 Capacelli - Il vero libro dei sogni
Edifìcio,,26,95,1881 Capacelli - Il vero libro dei sogni
Educanda,,81,95,1881 Capacelli - Il vero libro dei sogni
Educazione,,11,95,1881 Capacelli - Il vero libro dei sogni
Effeminato,,25,95,1881 Capacelli - Il vero libro dei sogni
Effigie,,56,95,1881 Capacelli - Il vero libro dei sogni
Elefante,,22,96,1881 Capacelli - Il vero libro dei sogni
Elefanti,,3 85,96,1881 Capacelli - Il vero libro dei sogni
Eleganza,,61,96,1881 Capacelli - Il vero libro dei sogni
Elegia,,69,96,1881 Capacelli - Il vero libro dei sogni
Elementi,,3,96,1881 Capacelli - Il vero libro dei sogni
Elemosina,,17 25,96,1881 Capacelli - Il vero libro dei sogni
Elemosiniere,,11,96,1881 Capacelli - Il vero libro dei sogni
Elettore,,8,96,1881 Capacelli - Il vero libro dei sogni
Elettori,,66,96,1881 Capacelli - Il vero libro dei sogni
Elettuario,,52,96,1881 Capacelli - Il vero libro dei sogni
Elezione,,68,96,1881 Capacelli - Il vero libro dei sogni
Elixir,,15,96,1881 Capacelli - Il vero libro dei sogni
Elmo,,10 26,96,1881 Capacelli - Il vero libro dei sogni
Elogio,,87,96,1881 Capacelli - Il vero libro dei sogni
Ellera,,15,96,1881 Capacelli - Il vero libro dei sogni
Embrice,,33,96,1881 Capacelli - Il vero libro dei sogni
Embrici,,37,96,1881 Capacelli - Il vero libro dei sogni
Emicrania,,37,96,1881 Capacelli - Il vero libro dei sogni
Eminenza,,83,96,1881 Capacelli - Il vero libro dei sogni
Emisfero,,29,96,1881 Capacelli - Il vero libro dei sogni
Emolumento,,57,96,1881 Capacelli - Il vero libro dei sogni
Emorroide,,79,96,1881 Capacelli - Il vero libro dei sogni
Empiastro,,38,96,1881 Capacelli - Il vero libro dei sogni
Empietà Ed Empio Emulazione,,27,96,1881 Capacelli - Il vero libro dei sogni
Enfiazione,,11,96,1881 Capacelli - Il vero libro dei sogni
Enfiato,,4,96,1881 Capacelli - Il vero libro dei sogni
Enormità,,31,96,1881 Capacelli - Il vero libro dei sogni
Entrata,,19,96,1881 Capacelli - Il vero libro dei sogni
Entratura,,13,96,1881 Capacelli - Il vero libro dei sogni
Epidemia,,64,96,1881 Capacelli - Il vero libro dei sogni
Epilessia,,27,96,1881 Capacelli - Il vero libro dei sogni
Epilettico,,44,96,1881 Capacelli - Il vero libro dei sogni
Epigramma,,5,96,1881 Capacelli - Il vero libro dei sogni
Epitafio,,81,96,1881 Capacelli - Il vero libro dei sogni
Equilibrio,,11,96,1881 Capacelli - Il vero libro dei sogni
Equinozio E,,5 90,96,1881 Capacelli - Il vero libro dei sogni
Equipaggio,,12 34,96,1881 Capacelli - Il vero libro dei sogni
Equivoco,,38,96,1881 Capacelli - Il vero libro dei sogni
Erario,,69,96,1881 Capacelli - Il vero libro dei sogni
Erbaggio,,63,96,1881 Capacelli - Il vero libro dei sogni
Erbe,,11,96,1881 Capacelli - Il vero libro dei sogni
Erbette,,62,96,1881 Capacelli - Il vero libro dei sogni
Erbette,odorose,9,96,1881 Capacelli - Il vero libro dei sogni
"Erede, Eredità, Eredi""",tare,58 90,96,1881 Capacelli - Il vero libro dei sogni
Eremita,,57 77,96,1881 Capacelli - Il vero libro dei sogni
Eremiti,,37 73,96,1881 Capacelli - Il vero libro dei sogni
Eremo,,69 90,96,1881 Capacelli - Il vero libro dei sogni
Eresia,,5,96,1881 Capacelli - Il vero libro dei sogni
Erma,,45,96,1881 Capacelli - Il vero libro dei sogni
Eretico,,17,96,1881 Capacelli - Il vero libro dei sogni
Ermafrodita,,21 76,96,1881 Capacelli - Il vero libro dei sogni
Ermafrodito,,27,96,1881 Capacelli - Il vero libro dei sogni
Ermelino,,28,96,1881 Capacelli - Il vero libro dei sogni
Ermesino,,37,96,1881 Capacelli - Il vero libro dei sogni
Eroe Ed Eroico,,39,96,1881 Capacelli - Il vero libro dei sogni
Erpici,,44,96,1881 Capacelli - Il vero libro dei sogni
Errore,,38,96,1881 Capacelli - Il vero libro dei sogni
Erta,,61,96,1881 Capacelli - Il vero libro dei sogni
Erudito,,72,96,1881 Capacelli - Il vero libro dei sogni
Esame,,8,96,1881 Capacelli - Il vero libro dei sogni
Esame,di coscienza,3,96,1881 Capacelli - Il vero libro dei sogni
Esaminato,,74,96,1881 Capacelli - Il vero libro dei sogni
Esaminatore,,44,96,1881 Capacelli - Il vero libro dei sogni
Esaminazione,,72,96,1881 Capacelli - Il vero libro dei sogni
Esangue,,83,96,1881 Capacelli - Il vero libro dei sogni
Esasperato,,41,96,1881 Capacelli - Il vero libro dei sogni
Esasperazione,,82,96,1881 Capacelli - Il vero libro dei sogni
Esattore,,21,96,1881 Capacelli - Il vero libro dei sogni
Esazione,,82,96,1881 Capacelli - Il vero libro dei sogni
Esca,,47,96,1881 Capacelli - Il vero libro dei sogni
Escita,,10,96,1881 Capacelli - Il vero libro dei sogni
Esclamazione,,8,96,1881 Capacelli - Il vero libro dei sogni
Escremento Qualun. Estasi,,54 56,97,1881 Capacelli - Il vero libro dei sogni
Esecutore Testament. Estate,,9,97,1881 Capacelli - Il vero libro dei sogni
Esecuzione,,40,97,1881 Capacelli - Il vero libro dei sogni
Esterminato,,84,97,1881 Capacelli - Il vero libro dei sogni
Fsentare,,20,97,1881 Capacelli - Il vero libro dei sogni
Estimazione,,24,97,1881 Capacelli - Il vero libro dei sogni
Esente,,18,97,1881 Capacelli - Il vero libro dei sogni
Estimo,,58,97,1881 Capacelli - Il vero libro dei sogni
Esenzione,,75,97,1881 Capacelli - Il vero libro dei sogni
Estinguere Il Fuoco,,3,97,1881 Capacelli - Il vero libro dei sogni
Esequie,,62,97,1881 Capacelli - Il vero libro dei sogni
Fstinzione Di Debiti,,10,97,1881 Capacelli - Il vero libro dei sogni
Esercito Ed Eserc. Estratto,,9 21,97,1881 Capacelli - Il vero libro dei sogni
Esercizio Qualunque Età,,51,97,1881 Capacelli - Il vero libro dei sogni
Esercizio Qualunque Età,militare,52,97,1881 Capacelli - Il vero libro dei sogni
Eternità,,60,97,1881 Capacelli - Il vero libro dei sogni
Esergo,,6,97,1881 Capacelli - Il vero libro dei sogni
Etica,,30,97,1881 Capacelli - Il vero libro dei sogni
Esigere,,89,97,1881 Capacelli - Il vero libro dei sogni
Etichetta,,17,97,1881 Capacelli - Il vero libro dei sogni
Esiglio,ed esiliato Etici,56,97,1881 Capacelli - Il vero libro dei sogni
Esofago,,29,97,1881 Capacelli - Il vero libro dei sogni
Etico,,71,97,1881 Capacelli - Il vero libro dei sogni
Esorcizzare,,44,97,1881 Capacelli - Il vero libro dei sogni
Etiope Ed Etiopi,,47,97,1881 Capacelli - Il vero libro dei sogni
Esordio,,59,97,1881 Capacelli - Il vero libro dei sogni
Etisia,,30,97,1881 Capacelli - Il vero libro dei sogni
"Esortamento Qual Eufforbio, Erba",,54,97,1881 Capacelli - Il vero libro dei sogni
Esortazione,,7,97,1881 Capacelli - Il vero libro dei sogni
Eunuco,,87,97,1881 Capacelli - Il vero libro dei sogni
Esperienza,,19,97,1881 Capacelli - Il vero libro dei sogni
Eva,,65,97,1881 Capacelli - Il vero libro dei sogni
Esploratore,,63,97,1881 Capacelli - Il vero libro dei sogni
Evacuare,,49,97,1881 Capacelli - Il vero libro dei sogni
Esposizione,,76,97,1881 Capacelli - Il vero libro dei sogni
Evacuazione,,54,97,1881 Capacelli - Il vero libro dei sogni
Espugnare,,85,97,1881 Capacelli - Il vero libro dei sogni
Evangelico,,65,97,1881 Capacelli - Il vero libro dei sogni
Espugnato,,7,97,1881 Capacelli - Il vero libro dei sogni
Evangelista,,68,97,1881 Capacelli - Il vero libro dei sogni
Espugnatore,,20,97,1881 Capacelli - Il vero libro dei sogni
Evviva,,49,97,1881 Capacelli - Il vero libro dei sogni
Estatico,,48,97,1881 Capacelli - Il vero libro dei sogni
Fabbrica,,29,97,1881 Capacelli - Il vero libro dei sogni
Facciata,,55,97,1881 Capacelli - Il vero libro dei sogni
Fabbricato,,11,97,1881 Capacelli - Il vero libro dei sogni
Faccie,,55,97,1881 Capacelli - Il vero libro dei sogni
Fabbricatore,,76,97,1881 Capacelli - Il vero libro dei sogni
Facezie,,66,97,1881 Capacelli - Il vero libro dei sogni
Fabbro,,6,97,1881 Capacelli - Il vero libro dei sogni
Facitor Di Briglie S,,3,97,1881 Capacelli - Il vero libro dei sogni
Faccenda,,50,97,1881 Capacelli - Il vero libro dei sogni
Faccenda,di brache,50,97,1881 Capacelli - Il vero libro dei sogni
Faccendiera,,70,97,1881 Capacelli - Il vero libro dei sogni
Faccendiera,di cofani,35,97,1881 Capacelli - Il vero libro dei sogni
Facchino,,10,97,1881 Capacelli - Il vero libro dei sogni
Facchino,d'aghi,39,97,1881 Capacelli - Il vero libro dei sogni
Facchino,caricato,69,97,1881 Capacelli - Il vero libro dei sogni
Facoccio,,68,97,1881 Capacelli - Il vero libro dei sogni
Faccia,,8,97,1881 Capacelli - Il vero libro dei sogni
Faggio,,80,97,1881 Capacelli - Il vero libro dei sogni
Fagiani,,79,98,1881 Capacelli - Il vero libro dei sogni
Fagiano Sol,,28,98,1881 Capacelli - Il vero libro dei sogni
Fagioletti,,65,98,1881 Capacelli - Il vero libro dei sogni
Fagioli,,8,98,1881 Capacelli - Il vero libro dei sogni
Fagotti,,86,98,1881 Capacelli - Il vero libro dei sogni
Fagotto,,7,98,1881 Capacelli - Il vero libro dei sogni
Faina,,80,98,1881 Capacelli - Il vero libro dei sogni
Falce,,53,98,1881 Capacelli - Il vero libro dei sogni
Falcetto,,90,98,1881 Capacelli - Il vero libro dei sogni
Falciata Li Falcione,,23,98,1881 Capacelli - Il vero libro dei sogni
Falchi,,72,98,1881 Capacelli - Il vero libro dei sogni
Falcone,,80,98,1881 Capacelli - Il vero libro dei sogni
Faldelle Di Seta,,51,98,1881 Capacelli - Il vero libro dei sogni
Faldelle Di Seta,di lana,86,98,1881 Capacelli - Il vero libro dei sogni
Faldistorio,,67,98,1881 Capacelli - Il vero libro dei sogni
Falegna,,7,98,1881 Capacelli - Il vero libro dei sogni
Falegname,,6,98,1881 Capacelli - Il vero libro dei sogni
Fallimento,,42,98,1881 Capacelli - Il vero libro dei sogni
Fallito,,80,98,1881 Capacelli - Il vero libro dei sogni
Fallo,,12,98,1881 Capacelli - Il vero libro dei sogni
Falpata,,82,98,1881 Capacelli - Il vero libro dei sogni
Falsariga,,24,98,1881 Capacelli - Il vero libro dei sogni
Falsario Di Monete,,1,98,1881 Capacelli - Il vero libro dei sogni
Falsificare,,8,98,1881 Capacelli - Il vero libro dei sogni
Falsificazione,,19,98,1881 Capacelli - Il vero libro dei sogni
Falso O Roba Falsa,,77,98,1881 Capacelli - Il vero libro dei sogni
Fama,,90,98,1881 Capacelli - Il vero libro dei sogni
Fama,grande,77,98,1881 Capacelli - Il vero libro dei sogni
Fame,,68,98,1881 Capacelli - Il vero libro dei sogni
Famelico,,74,98,1881 Capacelli - Il vero libro dei sogni
Famelica,,46,98,1881 Capacelli - Il vero libro dei sogni
Famiglia,,13,98,1881 Capacelli - Il vero libro dei sogni
Famiglio,,23,98,1881 Capacelli - Il vero libro dei sogni
Fani *,,10 6,98,1881 Capacelli - Il vero libro dei sogni
Fani *,funghi,17,98,1881 Capacelli - Il vero libro dei sogni
Fanale,,50,98,1881 Capacelli - Il vero libro dei sogni
Fanatico,,24,98,1881 Capacelli - Il vero libro dei sogni
Fanatismo,,3,98,1881 Capacelli - Il vero libro dei sogni
Fanciulla,,69,98,1881 Capacelli - Il vero libro dei sogni
Fanciulle,,50,98,1881 Capacelli - Il vero libro dei sogni
Fanciulli,,36,98,1881 Capacelli - Il vero libro dei sogni
Fanciullo,,6,98,1881 Capacelli - Il vero libro dei sogni
Fandonia,,41,98,1881 Capacelli - Il vero libro dei sogni
Fanello,,4,98,1881 Capacelli - Il vero libro dei sogni
Fanga O Fango,,28,98,1881 Capacelli - Il vero libro dei sogni
Fantasma,,59,98,1881 Capacelli - Il vero libro dei sogni
Fantasma,notturni,59,98,1881 Capacelli - Il vero libro dei sogni
Fantastico,,60,98,1881 Capacelli - Il vero libro dei sogni
Fanteria,,14,98,1881 Capacelli - Il vero libro dei sogni
Fantesca,,13,98,1881 Capacelli - Il vero libro dei sogni
Fantino,,90,98,1881 Capacelli - Il vero libro dei sogni
Fantoccio,,2,98,1881 Capacelli - Il vero libro dei sogni
Fantocciata,,60,98,1881 Capacelli - Il vero libro dei sogni
Fardare,,45,98,1881 Capacelli - Il vero libro dei sogni
Far Data,,21,98,1881 Capacelli - Il vero libro dei sogni
Fardello,,36,98,1881 Capacelli - Il vero libro dei sogni
Farfalla,,60,98,1881 Capacelli - Il vero libro dei sogni
Farfalla,che brucia,6,98,1881 Capacelli - Il vero libro dei sogni
Farfalle,,54,98,1881 Capacelli - Il vero libro dei sogni
Farfanicchio,,6,98,1881 Capacelli - Il vero libro dei sogni
Farina,,52,98,1881 Capacelli - Il vero libro dei sogni
Farina,dolce,42,98,1881 Capacelli - Il vero libro dei sogni
Farina,gialla,58,98,1881 Capacelli - Il vero libro dei sogni
Farina,volaria,66,98,1881 Capacelli - Il vero libro dei sogni
Farinaccio,,37,98,1881 Capacelli - Il vero libro dei sogni
Farinaiuolo,,31,98,1881 Capacelli - Il vero libro dei sogni
Farinata,,14,98,1881 Capacelli - Il vero libro dei sogni
Fariseo,,51,98,1881 Capacelli - Il vero libro dei sogni
Farmacia,,1,98,1881 Capacelli - Il vero libro dei sogni
Farmaco,,1,98,1881 Capacelli - Il vero libro dei sogni
"Farro, Grano",,46,98,1881 Capacelli - Il vero libro dei sogni
"Farsa, Commedia",,49,98,1881 Capacelli - Il vero libro dei sogni
Parsa,,84,99,1881 Capacelli - Il vero libro dei sogni
Farsetto,,69,99,1881 Capacelli - Il vero libro dei sogni
Fasce,,39,99,1881 Capacelli - Il vero libro dei sogni
Fascetta Da Collo,,10,99,1881 Capacelli - Il vero libro dei sogni
Fascia,,41,99,1881 Capacelli - Il vero libro dei sogni
Fasciar Bambini,,45,99,1881 Capacelli - Il vero libro dei sogni
Fasciar Bambini,piaghe,24,99,1881 Capacelli - Il vero libro dei sogni
Fasciatori,,20,99,1881 Capacelli - Il vero libro dei sogni
Fasciatura,,16,99,1881 Capacelli - Il vero libro dei sogni
Fascina,,82,99,1881 Capacelli - Il vero libro dei sogni
Fascinaio,,88,99,1881 Capacelli - Il vero libro dei sogni
Fascine,,29,99,1881 Capacelli - Il vero libro dei sogni
Fascio Dvrba,,3,99,1881 Capacelli - Il vero libro dei sogni
Fastidio,,15,99,1881 Capacelli - Il vero libro dei sogni
Fasto,,20,99,1881 Capacelli - Il vero libro dei sogni
Fatalità,,73,99,1881 Capacelli - Il vero libro dei sogni
Fatto,,1,99,1881 Capacelli - Il vero libro dei sogni
Fatto,d'arme,5,99,1881 Capacelli - Il vero libro dei sogni
Fattoressa,,81,99,1881 Capacelli - Il vero libro dei sogni
Fattori Di Poderi,,82,99,1881 Capacelli - Il vero libro dei sogni
Fattoria,,16,99,1881 Capacelli - Il vero libro dei sogni
Fattorino,,44,99,1881 Capacelli - Il vero libro dei sogni
Fattucchiera,,15,99,1881 Capacelli - Il vero libro dei sogni
Fattucchiere,,39,99,1881 Capacelli - Il vero libro dei sogni
Fauci,,37,99,1881 Capacelli - Il vero libro dei sogni
Faudale E Faudali,,32,99,1881 Capacelli - Il vero libro dei sogni
Faudale E Faudali,e faudalini,32,99,1881 Capacelli - Il vero libro dei sogni
Faustina,,87,99,1881 Capacelli - Il vero libro dei sogni
Fauitino,,80,99,1881 Capacelli - Il vero libro dei sogni
Fava E Fave Fresche,,30,99,1881 Capacelli - Il vero libro dei sogni
Fava E Fave Fresche,bianca,19,99,1881 Capacelli - Il vero libro dei sogni
Fava E Fave Fresche,nera,49,99,1881 Capacelli - Il vero libro dei sogni
Favelle,,67,99,1881 Capacelli - Il vero libro dei sogni
Favellare,,37,99,1881 Capacelli - Il vero libro dei sogni
Favetta,,82,99,1881 Capacelli - Il vero libro dei sogni
Favella,,88,99,1881 Capacelli - Il vero libro dei sogni
Faville,,66,99,1881 Capacelli - Il vero libro dei sogni
Favo Di Miele,,73,99,1881 Capacelli - Il vero libro dei sogni
Favola,,5,99,1881 Capacelli - Il vero libro dei sogni
Favotti,,68,99,1881 Capacelli - Il vero libro dei sogni
Fazione,,17,99,1881 Capacelli - Il vero libro dei sogni
Fazzoletti,di seta,60,99,1881 Capacelli - Il vero libro dei sogni
Fazzoletti,bianchi,1,99,1881 Capacelli - Il vero libro dei sogni
Fazzoletti,di colore,76,99,1881 Capacelli - Il vero libro dei sogni
Fazzoletti,di naso,11,99,1881 Capacelli - Il vero libro dei sogni
Fazzoletti,di filo e cotone,76,99,1881 Capacelli - Il vero libro dei sogni
Fazzoletti,di mussolina,78,99,1881 Capacelli - Il vero libro dei sogni
Fazzoletti,grandi da donna,69,99,1881 Capacelli - Il vero libro dei sogni
Fea,,66,99,1881 Capacelli - Il vero libro dei sogni
Febbre,,66,99,1881 Capacelli - Il vero libro dei sogni
Febbricitante,,55,99,1881 Capacelli - Il vero libro dei sogni
Fecce,,72,99,1881 Capacelli - Il vero libro dei sogni
Fecondità,,39,99,1881 Capacelli - Il vero libro dei sogni
Fede,,4,99,1881 Capacelli - Il vero libro dei sogni
Fedele,,5,99,1881 Capacelli - Il vero libro dei sogni
Fedeltà,,37,99,1881 Capacelli - Il vero libro dei sogni
Federa,,1,99,1881 Capacelli - Il vero libro dei sogni
Fegatelli,,37,99,1881 Capacelli - Il vero libro dei sogni
Fegato,,45,99,1881 Capacelli - Il vero libro dei sogni
Fegato,di porco,52,99,1881 Capacelli - Il vero libro dei sogni
Felice,,48,99,1881 Capacelli - Il vero libro dei sogni
Fellone,e fellonia,5,99,1881 Capacelli - Il vero libro dei sogni
Felpa,,29,99,1881 Capacelli - Il vero libro dei sogni
Feluca,,9,99,1881 Capacelli - Il vero libro dei sogni
Feltro,,46,99,1881 Capacelli - Il vero libro dei sogni
Femmina,,11,99,1881 Capacelli - Il vero libro dei sogni
Fenice,,40,99,1881 Capacelli - Il vero libro dei sogni
Fenomeno,,39,99,1881 Capacelli - Il vero libro dei sogni
Feretro,,58,99,1881 Capacelli - Il vero libro dei sogni
Feria Qualunque,,55,99,1881 Capacelli - Il vero libro dei sogni
Feriato,,62,99,1881 Capacelli - Il vero libro dei sogni
Ferimento,,68,99,1881 Capacelli - Il vero libro dei sogni
Ferita,,46,99,1881 Capacelli - Il vero libro dei sogni
Feritore,,84,99,1881 Capacelli - Il vero libro dei sogni
Feroce,,7,100,1881 Capacelli - Il vero libro dei sogni
Ferra Cavalli,,25,100,1881 Capacelli - Il vero libro dei sogni
Ferrarocchi,,77,100,1881 Capacelli - Il vero libro dei sogni
Ferraiuoli,,88,100,1881 Capacelli - Il vero libro dei sogni
Ferraiuolo,,50,100,1881 Capacelli - Il vero libro dei sogni
Ferravecchio,,71,100,1881 Capacelli - Il vero libro dei sogni
Ferramazzi,,47,100,1881 Capacelli - Il vero libro dei sogni
Ferrara,,80,100,1881 Capacelli - Il vero libro dei sogni
Ferrare,,40,100,1881 Capacelli - Il vero libro dei sogni
Ferrata E Ferro,,88,100,1881 Capacelli - Il vero libro dei sogni
Ferri E Ferro Qual,,58,100,1881 Capacelli - Il vero libro dei sogni
Ferri E Ferro Qual,da calze,5,100,1881 Capacelli - Il vero libro dei sogni
Ferri E Ferro Qual,da cavallo,67,100,1881 Capacelli - Il vero libro dei sogni
Ferri E Ferro Qual,da salda,11,100,1881 Capacelli - Il vero libro dei sogni
Ferri E Ferro Qual,da sopressare,49,100,1881 Capacelli - Il vero libro dei sogni
Ferri E Ferro Qual,da rido,59,100,1881 Capacelli - Il vero libro dei sogni
Ferri E Ferro Qual,da arricciare i ca pelli,24,100,1881 Capacelli - Il vero libro dei sogni
Fertilità,,18,100,1881 Capacelli - Il vero libro dei sogni
Fesso,,76,100,1881 Capacelli - Il vero libro dei sogni
Fessura,,83,100,1881 Capacelli - Il vero libro dei sogni
Festa,,20,100,1881 Capacelli - Il vero libro dei sogni
Festa,grande,79,100,1881 Capacelli - Il vero libro dei sogni
Festa,piccola,32,100,1881 Capacelli - Il vero libro dei sogni
Festa,da giuoco,20,100,1881 Capacelli - Il vero libro dei sogni
Festa,da nozze,76,100,1881 Capacelli - Il vero libro dei sogni
Festicciuole,,40,100,1881 Capacelli - Il vero libro dei sogni
Festino,,48,100,1881 Capacelli - Il vero libro dei sogni
Festonare,,7,100,1881 Capacelli - Il vero libro dei sogni
Festone,,89,100,1881 Capacelli - Il vero libro dei sogni
Feto,,31,100,1881 Capacelli - Il vero libro dei sogni
Fetore,,48,100,1881 Capacelli - Il vero libro dei sogni
Fetta,,53,100,1881 Capacelli - Il vero libro dei sogni
Fettuccia Di Castr,,76,100,1881 Capacelli - Il vero libro dei sogni
Fettuccia Di Castr,di pesce,9,100,1881 Capacelli - Il vero libro dei sogni
Fettuccia Di Castr,di porco,64,100,1881 Capacelli - Il vero libro dei sogni
Fettuccia Di Castr,di vitello,14,100,1881 Capacelli - Il vero libro dei sogni
Fettuccia Di Vitella,,77,100,1881 Capacelli - Il vero libro dei sogni
Fettuciaro,,26,100,1881 Capacelli - Il vero libro dei sogni
Fettuccic,,15,100,1881 Capacelli - Il vero libro dei sogni
Feudatario,,21,100,1881 Capacelli - Il vero libro dei sogni
Feudo,,52,100,1881 Capacelli - Il vero libro dei sogni
Fiaccato,,90,100,1881 Capacelli - Il vero libro dei sogni
Fiacchezza,,2,100,1881 Capacelli - Il vero libro dei sogni
"Fiacco, Rifinito",,66,100,1881 Capacelli - Il vero libro dei sogni
"Fiacco, Rifinito",e fiacca,21,100,1881 Capacelli - Il vero libro dei sogni
Fiaccola,,49,100,1881 Capacelli - Il vero libro dei sogni
Fiamma,,89,100,1881 Capacelli - Il vero libro dei sogni
Fiamme,,54,100,1881 Capacelli - Il vero libro dei sogni
Fiascara,,7,100,1881 Capacelli - Il vero libro dei sogni
Fiascaro,,31,100,1881 Capacelli - Il vero libro dei sogni
Fiaschetto,,74,100,1881 Capacelli - Il vero libro dei sogni
Fiaschi,,37,100,1881 Capacelli - Il vero libro dei sogni
Fiaschi,pieni di vino,45,100,1881 Capacelli - Il vero libro dei sogni
Fiasco,,47,100,1881 Capacelli - Il vero libro dei sogni
Fiascone,,87,100,1881 Capacelli - Il vero libro dei sogni
Fiato,,1,100,1881 Capacelli - Il vero libro dei sogni
Fibbiaro,,19,100,1881 Capacelli - Il vero libro dei sogni
Fibbie,,3,100,1881 Capacelli - Il vero libro dei sogni
Ficaio,,56,100,1881 Capacelli - Il vero libro dei sogni
Ficare,,22,100,1881 Capacelli - Il vero libro dei sogni
Fichi,,56,100,1881 Capacelli - Il vero libro dei sogni
Fichi,distaccati dall' al bero,7,100,1881 Capacelli - Il vero libro dei sogni
Fichi,freschi,6,100,1881 Capacelli - Il vero libro dei sogni
Fichi,secchi,16,100,1881 Capacelli - Il vero libro dei sogni
Fidare,,50,100,1881 Capacelli - Il vero libro dei sogni
Fidecomisso,,31,100,1881 Capacelli - Il vero libro dei sogni
Fiducia,,6,100,1881 Capacelli - Il vero libro dei sogni
Fiele,,54,100,1881 Capacelli - Il vero libro dei sogni
Fienarola,,62,100,1881 Capacelli - Il vero libro dei sogni
Fienarolo,,17,100,1881 Capacelli - Il vero libro dei sogni
Fienile,,53,100,1881 Capacelli - Il vero libro dei sogni
Fieno,,26,100,1881 Capacelli - Il vero libro dei sogni
■jr^vrr Fiera,,63,101,1881 Capacelli - Il vero libro dei sogni
Figlio,,90,101,1881 Capacelli - Il vero libro dei sogni
Figlio,tenuti al batt,26,101,1881 Capacelli - Il vero libro dei sogni
Figliastra,,49,101,1881 Capacelli - Il vero libro dei sogni
Figliastro,,29,101,1881 Capacelli - Il vero libro dei sogni
Figlie,,11,101,1881 Capacelli - Il vero libro dei sogni
Figliuolo,,23,101,1881 Capacelli - Il vero libro dei sogni
Figura Di Gesso,,34,101,1881 Capacelli - Il vero libro dei sogni
Figura Di Gesso,qualunque,41,101,1881 Capacelli - Il vero libro dei sogni
Figura,,81,101,1881 Capacelli - Il vero libro dei sogni
Figurina,,56,101,1881 Capacelli - Il vero libro dei sogni
Filare,,3,101,1881 Capacelli - Il vero libro dei sogni
Filare,lino o rista,6,101,1881 Capacelli - Il vero libro dei sogni
Filare,bambagia o seta,78,101,1881 Capacelli - Il vero libro dei sogni
Filigine,,38,101,1881 Capacelli - Il vero libro dei sogni
Filato,,49,101,1881 Capacelli - Il vero libro dei sogni
Filetto,,2,101,1881 Capacelli - Il vero libro dei sogni
Filo Qualunque,,46,101,1881 Capacelli - Il vero libro dei sogni
Filo Qualunque,d'argento,35,101,1881 Capacelli - Il vero libro dei sogni
Filo Qualunque,d'oro,32,101,1881 Capacelli - Il vero libro dei sogni
Filo Qualunque,d'ottone,77,101,1881 Capacelli - Il vero libro dei sogni
Filo Qualunque,di ferro,22,101,1881 Capacelli - Il vero libro dei sogni
Filo Qualunque,di Fiandra,88,101,1881 Capacelli - Il vero libro dei sogni
Filosofare,,33,101,1881 Capacelli - Il vero libro dei sogni
Filosofia,,44,101,1881 Capacelli - Il vero libro dei sogni
Filosofo,,48,101,1881 Capacelli - Il vero libro dei sogni
Filze Di Finocchio,,40,101,1881 Capacelli - Il vero libro dei sogni
Finale,,70,101,1881 Capacelli - Il vero libro dei sogni
Finestra,,4,101,1881 Capacelli - Il vero libro dei sogni
Finestra,inferiata,78,101,1881 Capacelli - Il vero libro dei sogni
Finestra,chiusa,54,101,1881 Capacelli - Il vero libro dei sogni
Finestre,,59,101,1881 Capacelli - Il vero libro dei sogni
Finestrino,,10,101,1881 Capacelli - Il vero libro dei sogni
Finestrino,gioie,90,101,1881 Capacelli - Il vero libro dei sogni
Finestrino,di trine,1,101,1881 Capacelli - Il vero libro dei sogni
Finocchi,,31,101,1881 Capacelli - Il vero libro dei sogni
Finocchini,,19,101,1881 Capacelli - Il vero libro dei sogni
Finocchio,,2,101,1881 Capacelli - Il vero libro dei sogni
Finocchio,di vigna,5,101,1881 Capacelli - Il vero libro dei sogni
Fingere E Finta,,89,101,1881 Capacelli - Il vero libro dei sogni
Finta Di Capelli,,13,101,1881 Capacelli - Il vero libro dei sogni
Finto,,24,101,1881 Capacelli - Il vero libro dei sogni
Finto,qualunque,17,101,1881 Capacelli - Il vero libro dei sogni
Fioccaggine,,11,101,1881 Capacelli - Il vero libro dei sogni
Fioccaie,,73,101,1881 Capacelli - Il vero libro dei sogni
Fioccaro,,59,101,1881 Capacelli - Il vero libro dei sogni
Fiocchi,,33,101,1881 Capacelli - Il vero libro dei sogni
Fioraia,,68,101,1881 Capacelli - Il vero libro dei sogni
Fioraio,,1,101,1881 Capacelli - Il vero libro dei sogni
Fiorati,,51,101,1881 Capacelli - Il vero libro dei sogni
Fioravanti,,3,101,1881 Capacelli - Il vero libro dei sogni
Fiore Fresco,,50,101,1881 Capacelli - Il vero libro dei sogni
Fiore Fresco,d'avandrio,37,101,1881 Capacelli - Il vero libro dei sogni
Fiore Fresco,di melangoli,73,101,1881 Capacelli - Il vero libro dei sogni
Fiore Fresco,di sambuco,12,101,1881 Capacelli - Il vero libro dei sogni
Fiore Fresco,diversi,81,101,1881 Capacelli - Il vero libro dei sogni
Finti Secchi Di,seta,81,101,1881 Capacelli - Il vero libro dei sogni
Fiori Gialli Di Monte,,19,101,1881 Capacelli - Il vero libro dei sogni
Fiori Gialli Di Monte,di prato,72,101,1881 Capacelli - Il vero libro dei sogni
Fiori Gialli Di Monte,di frutti,5,101,1881 Capacelli - Il vero libro dei sogni
Fioribelli,,20,101,1881 Capacelli - Il vero libro dei sogni
Fiorino,,70,101,1881 Capacelli - Il vero libro dei sogni
Fiorire,,8,101,1881 Capacelli - Il vero libro dei sogni
Fiorita,,19,101,1881 Capacelli - Il vero libro dei sogni
Firmam,,42,101,1881 Capacelli - Il vero libro dei sogni
Fiscale,,49,101,1881 Capacelli - Il vero libro dei sogni
Fischi,,60,101,1881 Capacelli - Il vero libro dei sogni
Fischiare,,11,101,1881 Capacelli - Il vero libro dei sogni
Fischiata,,55,101,1881 Capacelli - Il vero libro dei sogni
Fischietto,,7,101,1881 Capacelli - Il vero libro dei sogni
Fisico,e fisica,37,102,1881 Capacelli - Il vero libro dei sogni
Fisonomia,,57,102,1881 Capacelli - Il vero libro dei sogni
Fistola,,8,102,1881 Capacelli - Il vero libro dei sogni
Fitto E Fittare,,2,102,1881 Capacelli - Il vero libro dei sogni
Fitto E Fittare,pagare,14,102,1881 Capacelli - Il vero libro dei sogni
Fiume Corrente,,12,102,1881 Capacelli - Il vero libro dei sogni
Fiume Corrente,con roba,8,102,1881 Capacelli - Il vero libro dei sogni
Fiume Corrente,qualunque,20,102,1881 Capacelli - Il vero libro dei sogni
Fiume Corrente,passare,8,102,1881 Capacelli - Il vero libro dei sogni
Fiunaicello,,61,102,1881 Capacelli - Il vero libro dei sogni
Fiutare,,42,102,1881 Capacelli - Il vero libro dei sogni
Flagellazione,,18,102,1881 Capacelli - Il vero libro dei sogni
Flagello,,5,102,1881 Capacelli - Il vero libro dei sogni
Flatario,,35 57,102,1881 Capacelli - Il vero libro dei sogni
Flattarsi J Flambò Accesi,,76,102,1881 Capacelli - Il vero libro dei sogni
Flauto,,68,102,1881 Capacelli - Il vero libro dei sogni
Flebotonista,,79,102,1881 Capacelli - Il vero libro dei sogni
Flemma,,3,102,1881 Capacelli - Il vero libro dei sogni
Flemmatico,,29,102,1881 Capacelli - Il vero libro dei sogni
Flosico,,2,102,1881 Capacelli - Il vero libro dei sogni
Flotta,,14,102,1881 Capacelli - Il vero libro dei sogni
Fludio,,25,102,1881 Capacelli - Il vero libro dei sogni
Flussione,,42,102,1881 Capacelli - Il vero libro dei sogni
Flusso,,58,102,1881 Capacelli - Il vero libro dei sogni
Flusso,di sangue,35,102,1881 Capacelli - Il vero libro dei sogni
Flusso,di corpo,7,102,1881 Capacelli - Il vero libro dei sogni
Flusso,di mare,66,102,1881 Capacelli - Il vero libro dei sogni
Flutto,,63,102,1881 Capacelli - Il vero libro dei sogni
Focaccia,,3,102,1881 Capacelli - Il vero libro dei sogni
Foce,,3,102,1881 Capacelli - Il vero libro dei sogni
Foco,,10,102,1881 Capacelli - Il vero libro dei sogni
Focolare O Camino,,8,102,1881 Capacelli - Il vero libro dei sogni
Focone,,24,102,1881 Capacelli - Il vero libro dei sogni
Focoso,,42,102,1881 Capacelli - Il vero libro dei sogni
Foderai Ara,,29,102,1881 Capacelli - Il vero libro dei sogni
Fodero Di Si.u.da,,1,102,1881 Capacelli - Il vero libro dei sogni
Fodero Di Travi,,5,102,1881 Capacelli - Il vero libro dei sogni
Foglia,,1,102,1881 Capacelli - Il vero libro dei sogni
Foglia,d'albero,30,102,1881 Capacelli - Il vero libro dei sogni
Foglia,di tabacco,89,102,1881 Capacelli - Il vero libro dei sogni
Fogliame,,60,102,1881 Capacelli - Il vero libro dei sogni
Foglio Da Scrivere,,35,102,1881 Capacelli - Il vero libro dei sogni
Foglio Da Scrivere,colorato,18,102,1881 Capacelli - Il vero libro dei sogni
Foglio Da Scrivere,dorato,4,102,1881 Capacelli - Il vero libro dei sogni
Foglio Da Scrivere,d'argento,4,102,1881 Capacelli - Il vero libro dei sogni
Foglio Da Scrivere,scritto,16,102,1881 Capacelli - Il vero libro dei sogni
Fogna,,56,102,1881 Capacelli - Il vero libro dei sogni
"Folaga, Uccello",,27,102,1881 Capacelli - Il vero libro dei sogni
Folgore,,80 66,102,1881 Capacelli - Il vero libro dei sogni
Folla Di Popolo,,90,102,1881 Capacelli - Il vero libro dei sogni
Follare Ova,,4,102,1881 Capacelli - Il vero libro dei sogni
Folle,,46,102,1881 Capacelli - Il vero libro dei sogni
"Folletto, Spirito",,44,102,1881 Capacelli - Il vero libro dei sogni
Folligine,,38,102,1881 Capacelli - Il vero libro dei sogni
Fondaco,,64,102,1881 Capacelli - Il vero libro dei sogni
Fondamento,,90,102,1881 Capacelli - Il vero libro dei sogni
Fondatore O Fondaz. C,,8,102,1881 Capacelli - Il vero libro dei sogni
Fondare,,12,102,1881 Capacelli - Il vero libro dei sogni
Fonder Metallo,,82,102,1881 Capacelli - Il vero libro dei sogni
Fonder Metallo,butirro,53,102,1881 Capacelli - Il vero libro dei sogni
Fonderia,,25,102,1881 Capacelli - Il vero libro dei sogni
Fonditore,,5,102,1881 Capacelli - Il vero libro dei sogni
Fontana,,50,102,1881 Capacelli - Il vero libro dei sogni
Fontana,di s. Barbara,8,102,1881 Capacelli - Il vero libro dei sogni
Fentauella,,72,102,1881 Capacelli - Il vero libro dei sogni
Fontaniere,,47,102,1881 Capacelli - Il vero libro dei sogni
Fontanieri,,77,102,1881 Capacelli - Il vero libro dei sogni
Fonte,,33,102,1881 Capacelli - Il vero libro dei sogni
Foraggiare :),,5,102,1881 Capacelli - Il vero libro dei sogni
Foraggio,,58,102,1881 Capacelli - Il vero libro dei sogni
Foramento,,13,102,1881 Capacelli - Il vero libro dei sogni
Forare,,82,102,1881 Capacelli - Il vero libro dei sogni
Forbici,,8,102,1881 Capacelli - Il vero libro dei sogni
■iim Forca,,39,103,1881 Capacelli - Il vero libro dei sogni
■iim Forca,cercolaio,49,103,1881 Capacelli - Il vero libro dei sogni
Forchetta,,33,103,1881 Capacelli - Il vero libro dei sogni
Forchette,,23,103,1881 Capacelli - Il vero libro dei sogni
Forcina,e fora,23,103,1881 Capacelli - Il vero libro dei sogni
Forcina* E,,88,103,1881 Capacelli - Il vero libro dei sogni
Forcone,,7,103,1881 Capacelli - Il vero libro dei sogni
Foresta,bosco,35,103,1881 Capacelli - Il vero libro dei sogni
Forestiero,e forep,89,103,1881 Capacelli - Il vero libro dei sogni
Foeiera O 'oriero,,22,103,1881 Capacelli - Il vero libro dei sogni
Forma Di Far Pasta,,10,103,1881 Capacelli - Il vero libro dei sogni
Forma Di Far Pasta,di scarpe,66,103,1881 Capacelli - Il vero libro dei sogni
Forma Di Far Pasta,da cacio,10,103,1881 Capacelli - Il vero libro dei sogni
Forma Di Far Pasta,da calze,7,103,1881 Capacelli - Il vero libro dei sogni
Forma Di Far Pasta,da cappelli,61,103,1881 Capacelli - Il vero libro dei sogni
Formaggiaio Qual,,30,103,1881 Capacelli - Il vero libro dei sogni
Formaf.' -io,,5,103,1881 Capacelli - Il vero libro dei sogni
Formaf.' -io,j- pan: iiriano,28,103,1881 Capacelli - Il vero libro dei sogni
Formaf.' -io,nostrale,68,103,1881 Capacelli - Il vero libro dei sogni
Formaf.' -io,j- di grivera,32,103,1881 Capacelli - Il vero libro dei sogni
Formaf.' -io,grattato,6,103,1881 Capacelli - Il vero libro dei sogni
Fomento,t>,8,103,1881 Capacelli - Il vero libro dei sogni
Forme Oiie,,67,103,1881 Capacelli - Il vero libro dei sogni
Formicaio,,18,103,1881 Capacelli - Il vero libro dei sogni
Formiche,,57,103,1881 Capacelli - Il vero libro dei sogni
Formico One,,23,103,1881 Capacelli - Il vero libro dei sogni
Fornace Con Pane,,73,103,1881 Capacelli - Il vero libro dei sogni
Fornace Con Pane,con pietre,55,103,1881 Capacelli - Il vero libro dei sogni
Fornace Con Pane,t ornaci a io,83,103,1881 Capacelli - Il vero libro dei sogni
Fornara :i,,3,103,1881 Capacelli - Il vero libro dei sogni
Fornara :i,che inforna pane,20,103,1881 Capacelli - Il vero libro dei sogni
Fornaro Che Impas,,74,103,1881 Capacelli - Il vero libro dei sogni
?ornell',,88,103,1881 Capacelli - Il vero libro dei sogni
?ornell',torni,88,103,1881 Capacelli - Il vero libro dei sogni
?ornell',fornicazione,34,103,1881 Capacelli - Il vero libro dei sogni
?ornell',forno K,9,103,1881 Capacelli - Il vero libro dei sogni
Fortezza,,45,103,1881 Capacelli - Il vero libro dei sogni
Fortezza,assediata,54,103,1881 Capacelli - Il vero libro dei sogni
Fortificazione,,18,103,1881 Capacelli - Il vero libro dei sogni
Fortino,,29,103,1881 Capacelli - Il vero libro dei sogni
Fortuna Sulla Ruota,,90,103,1881 Capacelli - Il vero libro dei sogni
Fortunata,,69,103,1881 Capacelli - Il vero libro dei sogni
Fortunato,,74,103,1881 Capacelli - Il vero libro dei sogni
Forza,,46,103,1881 Capacelli - Il vero libro dei sogni
Forza,d' Ercole,69,103,1881 Capacelli - Il vero libro dei sogni
Forzato,,40,103,1881 Capacelli - Il vero libro dei sogni
Fossa,,62,103,1881 Capacelli - Il vero libro dei sogni
Fossa,di morti,34,103,1881 Capacelli - Il vero libro dei sogni
Fossa,d'acqua,5,103,1881 Capacelli - Il vero libro dei sogni
Fossa,d'acqua corr,84,103,1881 Capacelli - Il vero libro dei sogni
Fossa,d'acqua torbida,7,103,1881 Capacelli - Il vero libro dei sogni
Fossa,da passare,3,103,1881 Capacelli - Il vero libro dei sogni
Fossale,,67,103,1881 Capacelli - Il vero libro dei sogni
Fossarolo,,61,103,1881 Capacelli - Il vero libro dei sogni
Fossati,,59,103,1881 Capacelli - Il vero libro dei sogni
Fosse Di Campagna,,56,103,1881 Capacelli - Il vero libro dei sogni
Fracassan,ento,22,103,1881 Capacelli - Il vero libro dei sogni
Fracassare,,30,103,1881 Capacelli - Il vero libro dei sogni
Fracasso,,58,103,1881 Capacelli - Il vero libro dei sogni
Fradicio,,52,103,1881 Capacelli - Il vero libro dei sogni
Fradiciume,,63,103,1881 Capacelli - Il vero libro dei sogni
Fragole,,80,103,1881 Capacelli - Il vero libro dei sogni
Francese O Francesi,,8,103,1881 Capacelli - Il vero libro dei sogni
Framassoni,,67,103,1881 Capacelli - Il vero libro dei sogni
Franchi,monete,30,103,1881 Capacelli - Il vero libro dei sogni
Franco,,14,103,1881 Capacelli - Il vero libro dei sogni
"Francolino, Uccello",,80,103,1881 Capacelli - Il vero libro dei sogni
Frangere,,22,103,1881 Capacelli - Il vero libro dei sogni
Frangie,,21,103,1881 Capacelli - Il vero libro dei sogni
Frangie,d'oro o d'argento,77,103,1881 Capacelli - Il vero libro dei sogni
Frasche,,3,103,1881 Capacelli - Il vero libro dei sogni
Frase,,60,103,1881 Capacelli - Il vero libro dei sogni
"Frassino, Albero",,9,103,1881 Capacelli - Il vero libro dei sogni
"Frassino, Albero",iBJB^,1,103,1881 Capacelli - Il vero libro dei sogni
Fratelli,,89,104,1881 Capacelli - Il vero libro dei sogni
Fratello,,55,104,1881 Capacelli - Il vero libro dei sogni
Fratricidio,,21,104,1881 Capacelli - Il vero libro dei sogni
Fravola,,10,104,1881 Capacelli - Il vero libro dei sogni
Fravole,,73,104,1881 Capacelli - Il vero libro dei sogni
Freccia,,83,104,1881 Capacelli - Il vero libro dei sogni
Frecciatore,,14,104,1881 Capacelli - Il vero libro dei sogni
"Freidolini, Fiori",,32,104,1881 Capacelli - Il vero libro dei sogni
Erenacavoli,,24,104,1881 Capacelli - Il vero libro dei sogni
Freno,,23,104,1881 Capacelli - Il vero libro dei sogni
Fregare Fregagione,,83,104,1881 Capacelli - Il vero libro dei sogni
Fresco,,78,104,1881 Capacelli - Il vero libro dei sogni
Fretta,,87,104,1881 Capacelli - Il vero libro dei sogni
Fricassata Qualunq,,77,104,1881 Capacelli - Il vero libro dei sogni
Fricassata Qualunq,di fagioletti,89,104,1881 Capacelli - Il vero libro dei sogni
Friggere,,80,104,1881 Capacelli - Il vero libro dei sogni
Fringuello,,33,104,1881 Capacelli - Il vero libro dei sogni
Frittata,,44,104,1881 Capacelli - Il vero libro dei sogni
Frittella E Frittelle,,79,104,1881 Capacelli - Il vero libro dei sogni
Frittura,,81,104,1881 Capacelli - Il vero libro dei sogni
Frittura,di funghi,63,104,1881 Capacelli - Il vero libro dei sogni
Frittura,di pesci,3,104,1881 Capacelli - Il vero libro dei sogni
Frizzare,,66,104,1881 Capacelli - Il vero libro dei sogni
Fronda E Fronde,,4,104,1881 Capacelli - Il vero libro dei sogni
Frollaro,,66,104,1881 Capacelli - Il vero libro dei sogni
Frugnolo,,34,104,1881 Capacelli - Il vero libro dei sogni
Frullone Buratto,,41,104,1881 Capacelli - Il vero libro dei sogni
Frusta,,83,104,1881 Capacelli - Il vero libro dei sogni
Frustato,,56,104,1881 Capacelli - Il vero libro dei sogni
Fruttajuola,,22,104,1881 Capacelli - Il vero libro dei sogni
Fruttajuolo,,5,104,1881 Capacelli - Il vero libro dei sogni
Frutti,,16,104,1881 Capacelli - Il vero libro dei sogni
Frutti,di mare,35,104,1881 Capacelli - Il vero libro dei sogni
Frutti,confetti,22,104,1881 Capacelli - Il vero libro dei sogni
Frutto Qualunque,,20,104,1881 Capacelli - Il vero libro dei sogni
Fucilare,,50,104,1881 Capacelli - Il vero libro dei sogni
Fucile,,61,104,1881 Capacelli - Il vero libro dei sogni
Fucina,,67,104,1881 Capacelli - Il vero libro dei sogni
Fuggiasco,,90,104,1881 Capacelli - Il vero libro dei sogni
Fuggire,e fuga,89,104,1881 Capacelli - Il vero libro dei sogni
Fulminare,,12,104,1881 Capacelli - Il vero libro dei sogni
Fulmine,,20,104,1881 Capacelli - Il vero libro dei sogni
Fumajuolo,,63,104,1881 Capacelli - Il vero libro dei sogni
Fumare,,36,104,1881 Capacelli - Il vero libro dei sogni
Fumata,,61,104,1881 Capacelli - Il vero libro dei sogni
Fumata,di tabacco,49,104,1881 Capacelli - Il vero libro dei sogni
Fumo,,78,104,1881 Capacelli - Il vero libro dei sogni
Fune,,9,104,1881 Capacelli - Il vero libro dei sogni
Funerale,,6,104,1881 Capacelli - Il vero libro dei sogni
Fungo Ovale,,24,104,1881 Capacelli - Il vero libro dei sogni
Fungo Ovale,porcino,4,104,1881 Capacelli - Il vero libro dei sogni
Funghi,,45,104,1881 Capacelli - Il vero libro dei sogni
Fuoco,,20,104,1881 Capacelli - Il vero libro dei sogni
Fuoco,di brace,3,104,1881 Capacelli - Il vero libro dei sogni
Furberia,,1,104,1881 Capacelli - Il vero libro dei sogni
Furbo,,41,104,1881 Capacelli - Il vero libro dei sogni
Furfante,,35,104,1881 Capacelli - Il vero libro dei sogni
Furia Di Popolo,,57,104,1881 Capacelli - Il vero libro dei sogni
Furia Di Popolo,infernale,70,104,1881 Capacelli - Il vero libro dei sogni
Furiere,,57,104,1881 Capacelli - Il vero libro dei sogni
Furore,,68,104,1881 Capacelli - Il vero libro dei sogni
Furto,,63,104,1881 Capacelli - Il vero libro dei sogni
Fusaglia,,30,104,1881 Capacelli - Il vero libro dei sogni
Fusagliare,,22,104,1881 Capacelli - Il vero libro dei sogni
Fusajuolo,,1,104,1881 Capacelli - Il vero libro dei sogni
Fusaro,,76,104,1881 Capacelli - Il vero libro dei sogni
Fusellino Da Cappelli,,1,104,1881 Capacelli - Il vero libro dei sogni
Fusello,,71,104,1881 Capacelli - Il vero libro dei sogni
Fusi,,36,104,1881 Capacelli - Il vero libro dei sogni
Fusione,,25,104,1881 Capacelli - Il vero libro dei sogni
Fuso Da Filare,,85,104,1881 Capacelli - Il vero libro dei sogni
Fuso Da Filare,pieno,33,104,1881 Capacelli - Il vero libro dei sogni
Fuso Da Filare,vuoto,3,104,1881 Capacelli - Il vero libro dei sogni
Fusto,,79,104,1881 Capacelli - Il vero libro dei sogni
Gabbanella,,90,105,1881 Capacelli - Il vero libro dei sogni
Gabbano,,31,105,1881 Capacelli - Il vero libro dei sogni
Gabbare,,66,105,1881 Capacelli - Il vero libro dei sogni
Gabbia,,83,105,1881 Capacelli - Il vero libro dei sogni
Con Grillo,,37,105,1881 Capacelli - Il vero libro dei sogni
Con Grillo,con uccelli,6,105,1881 Capacelli - Il vero libro dei sogni
Con Grillo,da mulo,83,105,1881 Capacelli - Il vero libro dei sogni
Gabbiara,,82,105,1881 Capacelli - Il vero libro dei sogni
Gabbiaro,,85,105,1881 Capacelli - Il vero libro dei sogni
Gabbie,,6,105,1881 Capacelli - Il vero libro dei sogni
Gabella,,80,105,1881 Capacelli - Il vero libro dei sogni
Gabelliere,,67,105,1881 Capacelli - Il vero libro dei sogni
Gabinetto,,73,105,1881 Capacelli - Il vero libro dei sogni
Gaggia,,38,105,1881 Capacelli - Il vero libro dei sogni
Gaggie Molte,,8,105,1881 Capacelli - Il vero libro dei sogni
Gallnara,,48,105,1881 Capacelli - Il vero libro dei sogni
Gallinaro,,29,105,1881 Capacelli - Il vero libro dei sogni
Galline,,25,105,1881 Capacelli - Il vero libro dei sogni
Gallino,,14,105,1881 Capacelli - Il vero libro dei sogni
Gallo,,6,105,1881 Capacelli - Il vero libro dei sogni
Galloni D'argento,,54,105,1881 Capacelli - Il vero libro dei sogni
Galloni D'argento,d'oro,62,105,1881 Capacelli - Il vero libro dei sogni
Galloni D'argento,di seta,86,105,1881 Capacelli - Il vero libro dei sogni
Galoppare,,29,105,1881 Capacelli - Il vero libro dei sogni
Galoppata,,7,105,1881 Capacelli - Il vero libro dei sogni
Gallozzole Di Quercia,,80,105,1881 Capacelli - Il vero libro dei sogni
Gamba,,5,105,1881 Capacelli - Il vero libro dei sogni
Gambari,,55,105,1881 Capacelli - Il vero libro dei sogni
Gambaro Solo,,14,105,1881 Capacelli - Il vero libro dei sogni
Gambe,,11,105,1881 Capacelli - Il vero libro dei sogni
Gagliardo,,2,105,1881 Capacelli - Il vero libro dei sogni
Gaglio,,78,105,1881 Capacelli - Il vero libro dei sogni
"Galano , Vedi Na",,15,105,1881 Capacelli - Il vero libro dei sogni
"Galano , Vedi Na",stro,83,105,1881 Capacelli - Il vero libro dei sogni
Galante,,66,105,1881 Capacelli - Il vero libro dei sogni
Galanteria,,41,105,1881 Capacelli - Il vero libro dei sogni
Galantuomo,,24,105,1881 Capacelli - Il vero libro dei sogni
Galera,,53,105,1881 Capacelli - Il vero libro dei sogni
Galleggiare,,59,105,1881 Capacelli - Il vero libro dei sogni
Galleria,,79,105,1881 Capacelli - Il vero libro dei sogni
Gàllerino,,23,105,1881 Capacelli - Il vero libro dei sogni
Gallerie,,5,105,1881 Capacelli - Il vero libro dei sogni
Galletti,,65,105,1881 Capacelli - Il vero libro dei sogni
Galli,,45,105,1881 Capacelli - Il vero libro dei sogni
Galli,che cantano,78,105,1881 Capacelli - Il vero libro dei sogni
Gallicano,,48,105,1881 Capacelli - Il vero libro dei sogni
Gallina,,32,105,1881 Capacelli - Il vero libro dei sogni
Gallina,che fa l'uovo,74,105,1881 Capacelli - Il vero libro dei sogni
Gallinaccio,,28,105,1881 Capacelli - Il vero libro dei sogni
Gallinaccio,rossi,39,105,1881 Capacelli - Il vero libro dei sogni
Gambi,,3,105,1881 Capacelli - Il vero libro dei sogni
Ganascia,,42,105,1881 Capacelli - Il vero libro dei sogni
Gancio,,10,105,1881 Capacelli - Il vero libro dei sogni
Ganghero,,26,105,1881 Capacelli - Il vero libro dei sogni
Garde Di Calzetti,,88,105,1881 Capacelli - Il vero libro dei sogni
Ganzare,,53,105,1881 Capacelli - Il vero libro dei sogni
Gara,,10,105,1881 Capacelli - Il vero libro dei sogni
Gargarizzare,,86,105,1881 Capacelli - Il vero libro dei sogni
Garita,di soldati,67,105,1881 Capacelli - Il vero libro dei sogni
"Garitole, Funghi",,24,105,1881 Capacelli - Il vero libro dei sogni
"Garofani, Viole",,2,105,1881 Capacelli - Il vero libro dei sogni
"Garofani, Viole",droghe,40,105,1881 Capacelli - Il vero libro dei sogni
Garofolini,,24,105,1881 Capacelli - Il vero libro dei sogni
Gorofolo E Garofani,fiori,2 53,105,1881 Capacelli - Il vero libro dei sogni
Garza,,2,105,1881 Capacelli - Il vero libro dei sogni
Garzini,,22,105,1881 Capacelli - Il vero libro dei sogni
Garzone,,36,106,1881 Capacelli - Il vero libro dei sogni
Garzone,di bottega,26,106,1881 Capacelli - Il vero libro dei sogni
Gastigo,,39,106,1881 Capacelli - Il vero libro dei sogni
Gatta Con Gatti,,4,106,1881 Capacelli - Il vero libro dei sogni
Gattajo,,21,106,1881 Capacelli - Il vero libro dei sogni
Gatti Bianchi,,19,106,1881 Capacelli - Il vero libro dei sogni
Gatti Bianchi,neri,74,106,1881 Capacelli - Il vero libro dei sogni
Gattini,,9,106,1881 Capacelli - Il vero libro dei sogni
Gatto,,3,106,1881 Capacelli - Il vero libro dei sogni
Gatto,bigio,59,106,1881 Capacelli - Il vero libro dei sogni
Gatto,con topo Ì,5,106,1881 Capacelli - Il vero libro dei sogni
Gatto,con cane,65,106,1881 Capacelli - Il vero libro dei sogni
Gatto,con gatta,26,106,1881 Capacelli - Il vero libro dei sogni
Gatto,nero i,8,106,1881 Capacelli - Il vero libro dei sogni
Gatto,rosso,43,106,1881 Capacelli - Il vero libro dei sogni
Gatto,soriano,30,106,1881 Capacelli - Il vero libro dei sogni
Gatto,arrabbiato,45,106,1881 Capacelli - Il vero libro dei sogni
Gattoni,,87,106,1881 Capacelli - Il vero libro dei sogni
Gazza,,35,106,1881 Capacelli - Il vero libro dei sogni
Gazzere,,35,106,1881 Capacelli - Il vero libro dei sogni
Gazzeria,,52,106,1881 Capacelli - Il vero libro dei sogni
Gazzetta,,35,106,1881 Capacelli - Il vero libro dei sogni
Gelatine,,3,106,1881 Capacelli - Il vero libro dei sogni
Gelo,,71,106,1881 Capacelli - Il vero libro dei sogni
Gelosa,,54,106,1881 Capacelli - Il vero libro dei sogni
Gelosia Delle Finest,,42,106,1881 Capacelli - Il vero libro dei sogni
Gelosissimo,,6,106,1881 Capacelli - Il vero libro dei sogni
Geloso,,44,106,1881 Capacelli - Il vero libro dei sogni
Gelsomini,,2,106,1881 Capacelli - Il vero libro dei sogni
Gelsomino,,56,106,1881 Capacelli - Il vero libro dei sogni
Gemelli >,,2,106,1881 Capacelli - Il vero libro dei sogni
Gemere,,79,106,1881 Capacelli - Il vero libro dei sogni
Gemito,e,8,106,1881 Capacelli - Il vero libro dei sogni
Gemma,,35,106,1881 Capacelli - Il vero libro dei sogni
Gemme,,72,106,1881 Capacelli - Il vero libro dei sogni
Genealogia,,55,106,1881 Capacelli - Il vero libro dei sogni
Genealogia,d'armata,90,106,1881 Capacelli - Il vero libro dei sogni
Generazione,,77,106,1881 Capacelli - Il vero libro dei sogni
Genero,,6,106,1881 Capacelli - Il vero libro dei sogni
Generosità,,40,106,1881 Capacelli - Il vero libro dei sogni
Gengiva O Gengive,,45,106,1881 Capacelli - Il vero libro dei sogni
Geniale,,3,106,1881 Capacelli - Il vero libro dei sogni
Genio,,71,106,1881 Capacelli - Il vero libro dei sogni
Genovese,,87,106,1881 Capacelli - Il vero libro dei sogni
Gensole,,25,106,1881 Capacelli - Il vero libro dei sogni
Gentaglia,,80,106,1881 Capacelli - Il vero libro dei sogni
Gente Molta,,50,106,1881 Capacelli - Il vero libro dei sogni
Gente Molta,che fugge,85,106,1881 Capacelli - Il vero libro dei sogni
Gentildonna,,27,106,1881 Capacelli - Il vero libro dei sogni
Gentildonne,,81,106,1881 Capacelli - Il vero libro dei sogni
Gentile,,27,106,1881 Capacelli - Il vero libro dei sogni
Gentilezza,,78,106,1881 Capacelli - Il vero libro dei sogni
Gentiluomini,,85,106,1881 Capacelli - Il vero libro dei sogni
Gentiluomo,,61,106,1881 Capacelli - Il vero libro dei sogni
Genufiessione,,7,106,1881 Capacelli - Il vero libro dei sogni
Geografia,,90,106,1881 Capacelli - Il vero libro dei sogni
Geografo,,14,106,1881 Capacelli - Il vero libro dei sogni
Geometria,,46,106,1881 Capacelli - Il vero libro dei sogni
Gerlo Da Pane,,8,106,1881 Capacelli - Il vero libro dei sogni
Gerlo Da Pane,da frutta,67,106,1881 Capacelli - Il vero libro dei sogni
Germano,,42,106,1881 Capacelli - Il vero libro dei sogni
Germani Più,,75,106,1881 Capacelli - Il vero libro dei sogni
Germano,solo,72,106,1881 Capacelli - Il vero libro dei sogni
Gesso,,19,106,1881 Capacelli - Il vero libro dei sogni
Gettar Pietra S,,3,106,1881 Capacelli - Il vero libro dei sogni
Gettar Pietra S,via,86,106,1881 Capacelli - Il vero libro dei sogni
Getto D'acqua,,1,106,1881 Capacelli - Il vero libro dei sogni
Gnetto,,43,106,1881 Capacelli - Il vero libro dei sogni
Ghiacciaja,,64,106,1881 Capacelli - Il vero libro dei sogni
Ghiaccio,,3,106,1881 Capacelli - Il vero libro dei sogni
Ghiandaja,,71,106,1881 Capacelli - Il vero libro dei sogni
Ghiande,,2,107,1881 Capacelli - Il vero libro dei sogni
Ghiandone,d'odri,35,107,1881 Capacelli - Il vero libro dei sogni
Ghigliottina,,25,107,1881 Capacelli - Il vero libro dei sogni
Ghigno,,36,107,1881 Capacelli - Il vero libro dei sogni
Ghiotto,r. Goloso,40,107,1881 Capacelli - Il vero libro dei sogni
Ghiozzo,,90,107,1881 Capacelli - Il vero libro dei sogni
Ghirlandajo,,3,107,1881 Capacelli - Il vero libro dei sogni
Ghiriande,,76,107,1881 Capacelli - Il vero libro dei sogni
Ghiro,,77,107,1881 Capacelli - Il vero libro dei sogni
Ghirindone Per Fil,,11,107,1881 Capacelli - Il vero libro dei sogni
Ghitarra,,77,107,1881 Capacelli - Il vero libro dei sogni
Giacere,,79,107,1881 Capacelli - Il vero libro dei sogni
Giacinti,,79,107,1881 Capacelli - Il vero libro dei sogni
Giacinto,,1,107,1881 Capacelli - Il vero libro dei sogni
Giaco,,8,107,1881 Capacelli - Il vero libro dei sogni
"Giallo, Colore",,2,107,1881 Capacelli - Il vero libro dei sogni
Giambone,,29,107,1881 Capacelli - Il vero libro dei sogni
Giandarme,,90,107,1881 Capacelli - Il vero libro dei sogni
Giansenista,,7,107,1881 Capacelli - Il vero libro dei sogni
Gianini,,4,107,1881 Capacelli - Il vero libro dei sogni
Giapponese,,90,107,1881 Capacelli - Il vero libro dei sogni
Giara,,20,107,1881 Capacelli - Il vero libro dei sogni
Giardiniera,,77,107,1881 Capacelli - Il vero libro dei sogni
Giardin Ere Uel Giar,dino,52,107,1881 Capacelli - Il vero libro dei sogni
Giardini,,72,107,1881 Capacelli - Il vero libro dei sogni
Giardino,,8,107,1881 Capacelli - Il vero libro dei sogni
Giardino,solo,5,107,1881 Capacelli - Il vero libro dei sogni
Gìardinone,,48,107,1881 Capacelli - Il vero libro dei sogni
Gigante,,57,107,1881 Capacelli - Il vero libro dei sogni
Gigantessa,,3,107,1881 Capacelli - Il vero libro dei sogni
Gigli Bianchi,,1,107,1881 Capacelli - Il vero libro dei sogni
Gigli Bianchi,d'oro,55,107,1881 Capacelli - Il vero libro dei sogni
Giglio Solo,,47,107,1881 Capacelli - Il vero libro dei sogni
Gingot,i o di montone,4,107,1881 Capacelli - Il vero libro dei sogni
Ginepro Coccole,,80,107,1881 Capacelli - Il vero libro dei sogni
"Ginestra, Fiori",,5,107,1881 Capacelli - Il vero libro dei sogni
Ginocchi,,2,107,1881 Capacelli - Il vero libro dei sogni
Ginocchio,,68,107,1881 Capacelli - Il vero libro dei sogni
Giocare,e gioco,5,107,1881 Capacelli - Il vero libro dei sogni
Giocare,a mancalda,53,107,1881 Capacelli - Il vero libro dei sogni
Giocare,a dadi,65,107,1881 Capacelli - Il vero libro dei sogni
Giocare,alla dama,80,107,1881 Capacelli - Il vero libro dei sogni
Giocare,al pallone,30,107,1881 Capacelli - Il vero libro dei sogni
Giocare,a scacchi,69,107,1881 Capacelli - Il vero libro dei sogni
Giocare,al Lotto,69,107,1881 Capacelli - Il vero libro dei sogni
Giocare,alla lotteria,87,107,1881 Capacelli - Il vero libro dei sogni
Giocare,a pegni,55,107,1881 Capacelli - Il vero libro dei sogni
Giocare,alla bassetta,69,107,1881 Capacelli - Il vero libro dei sogni
Giocare,a primiera,54,107,1881 Capacelli - Il vero libro dei sogni
Giocare,a tarocchi,4,107,1881 Capacelli - Il vero libro dei sogni
Giocare,a tresette,2,107,1881 Capacelli - Il vero libro dei sogni
Giocare,a bazzica,8,107,1881 Capacelli - Il vero libro dei sogni
Giocatore,,22,107,1881 Capacelli - Il vero libro dei sogni
Giocatore,di bandiera,38,107,1881 Capacelli - Il vero libro dei sogni
Giocatore,di pallone,90,107,1881 Capacelli - Il vero libro dei sogni
Giocatore,di palle,71,107,1881 Capacelli - Il vero libro dei sogni
Giocatore,di catte in gen,81,107,1881 Capacelli - Il vero libro dei sogni
Giocatore,di bigliardo,6,107,1881 Capacelli - Il vero libro dei sogni
Giocatore,di bussolotti,11,107,1881 Capacelli - Il vero libro dei sogni
Giuoco Qualunque,,19,107,1881 Capacelli - Il vero libro dei sogni
Giogo Da Bovi,,37,107,1881 Capacelli - Il vero libro dei sogni
Gioja,da petto,45,107,1881 Capacelli - Il vero libro dei sogni
Gioja,qualunque,42,107,1881 Capacelli - Il vero libro dei sogni
Gioje,,52,107,1881 Capacelli - Il vero libro dei sogni
Giojelliera,,60,107,1881 Capacelli - Il vero libro dei sogni
Gioielliere,,69,107,1881 Capacelli - Il vero libro dei sogni
Giojello,,20,107,1881 Capacelli - Il vero libro dei sogni
Giorno,,48,107,1881 Capacelli - Il vero libro dei sogni
Giostra,,22,107,1881 Capacelli - Il vero libro dei sogni
Giostrare O Oiostr,,31,107,1881 Capacelli - Il vero libro dei sogni
Giostile,,69,107,1881 Capacelli - Il vero libro dei sogni
Giovenco,e giovenca,53,107,1881 Capacelli - Il vero libro dei sogni
Giovine,,21,108,1881 Capacelli - Il vero libro dei sogni
Giovine,,3,108,1881 Capacelli - Il vero libro dei sogni
Giovine,di studio,61,108,1881 Capacelli - Il vero libro dei sogni
Giovinotto,,52,108,1881 Capacelli - Il vero libro dei sogni
Girandolo,,57,108,1881 Capacelli - Il vero libro dei sogni
Girandala,,70,108,1881 Capacelli - Il vero libro dei sogni
Girasole,,47,108,1881 Capacelli - Il vero libro dei sogni
Giravolta,,81,108,1881 Capacelli - Il vero libro dei sogni
Girella,,10,108,1881 Capacelli - Il vero libro dei sogni
Girelli,,88,108,1881 Capacelli - Il vero libro dei sogni
"Gironi, Persona Di Ma",rionette,58,108,1881 Capacelli - Il vero libro dei sogni
Gittoni,,35,108,1881 Capacelli - Il vero libro dei sogni
Giubba,,62,108,1881 Capacelli - Il vero libro dei sogni
Giubbileo,,49,108,1881 Capacelli - Il vero libro dei sogni
Giubbonaio,,4,108,1881 Capacelli - Il vero libro dei sogni
Giubbone,,48,108,1881 Capacelli - Il vero libro dei sogni
Giudaismo,,32,108,1881 Capacelli - Il vero libro dei sogni
Giudicare E Giudiz,,59,108,1881 Capacelli - Il vero libro dei sogni
Giudicazione,,54,108,1881 Capacelli - Il vero libro dei sogni
Giudice,,30,108,1881 Capacelli - Il vero libro dei sogni
Giudici Adunati,,72,108,1881 Capacelli - Il vero libro dei sogni
Giudei,,88,108,1881 Capacelli - Il vero libro dei sogni
Giudeo,,39,108,1881 Capacelli - Il vero libro dei sogni
Giudizio Universale,,89,108,1881 Capacelli - Il vero libro dei sogni
Giuggiole,,49,108,1881 Capacelli - Il vero libro dei sogni
Giuggiolo,,56,108,1881 Capacelli - Il vero libro dei sogni
Giulebbo,,67,108,1881 Capacelli - Il vero libro dei sogni
Giuncata,,1,108,1881 Capacelli - Il vero libro dei sogni
Giuncataro,,47,108,1881 Capacelli - Il vero libro dei sogni
Giuncato,,1,108,1881 Capacelli - Il vero libro dei sogni
Giunchiglie,,8,108,1881 Capacelli - Il vero libro dei sogni
Giunco E Giunchi,,71,108,1881 Capacelli - Il vero libro dei sogni
Giusto Qualunque,,80,108,1881 Capacelli - Il vero libro dei sogni
Giuramento,,16,108,1881 Capacelli - Il vero libro dei sogni
Giuramento,falso,73,108,1881 Capacelli - Il vero libro dei sogni
Giurisdizione,,82,108,1881 Capacelli - Il vero libro dei sogni
Giustacuore,,22,108,1881 Capacelli - Il vero libro dei sogni
Giustizia,,14,108,1881 Capacelli - Il vero libro dei sogni
Giustiziare,,11,108,1881 Capacelli - Il vero libro dei sogni
Giustiziato,,88,108,1881 Capacelli - Il vero libro dei sogni
"Givo, Insetto",,50,108,1881 Capacelli - Il vero libro dei sogni
Gladiatore,,1,108,1881 Capacelli - Il vero libro dei sogni
Globo,,25,108,1881 Capacelli - Il vero libro dei sogni
"Gloria, Glorioso",,84,108,1881 Capacelli - Il vero libro dei sogni
Patri,,49,108,1881 Capacelli - Il vero libro dei sogni
Gobba,,35,108,1881 Capacelli - Il vero libro dei sogni
Gobbi Più,,47,108,1881 Capacelli - Il vero libro dei sogni
Gobbi,,4,108,1881 Capacelli - Il vero libro dei sogni
Gobbo,,34,108,1881 Capacelli - Il vero libro dei sogni
Godimento,,60,108,1881 Capacelli - Il vero libro dei sogni
Goffo,,40,108,1881 Capacelli - Il vero libro dei sogni
Gogna,,81,108,1881 Capacelli - Il vero libro dei sogni
Gola,,8,108,1881 Capacelli - Il vero libro dei sogni
Goletta,,50,108,1881 Capacelli - Il vero libro dei sogni
Golfo,,5,108,1881 Capacelli - Il vero libro dei sogni
Golino,,43,108,1881 Capacelli - Il vero libro dei sogni
Goioso,,40,108,1881 Capacelli - Il vero libro dei sogni
Gomena E Gomina,,75,108,1881 Capacelli - Il vero libro dei sogni
Gomene,,33,108,1881 Capacelli - Il vero libro dei sogni
Gomitata,,57,108,1881 Capacelli - Il vero libro dei sogni
Gomito,,68,108,1881 Capacelli - Il vero libro dei sogni
Gomitoli Più,,8,108,1881 Capacelli - Il vero libro dei sogni
Gomitolo,,10,108,1881 Capacelli - Il vero libro dei sogni
Gomma,,72,108,1881 Capacelli - Il vero libro dei sogni
Gondola,,77,108,1881 Capacelli - Il vero libro dei sogni
Gondoliere,,66,108,1881 Capacelli - Il vero libro dei sogni
Gonne,,69,108,1881 Capacelli - Il vero libro dei sogni
Gonnella,,70,108,1881 Capacelli - Il vero libro dei sogni
Gonnellino,,14,108,1881 Capacelli - Il vero libro dei sogni
Gonfiamento,,23,108,1881 Capacelli - Il vero libro dei sogni
Gonfio E Gonfiare,,10,108,1881 Capacelli - Il vero libro dei sogni
Gonfalone,,60,108,1881 Capacelli - Il vero libro dei sogni
Gonfaloniere,,1,108,1881 Capacelli - Il vero libro dei sogni
Gora,,37,109,1881 Capacelli - Il vero libro dei sogni
Gota,,50,109,1881 Capacelli - Il vero libro dei sogni
Gotta,,68,109,1881 Capacelli - Il vero libro dei sogni
Gottoso,,17,109,1881 Capacelli - Il vero libro dei sogni
Governante,,82,109,1881 Capacelli - Il vero libro dei sogni
Governatore,,76,109,1881 Capacelli - Il vero libro dei sogni
Governatrice,,77,109,1881 Capacelli - Il vero libro dei sogni
Governo,,23,109,1881 Capacelli - Il vero libro dei sogni
Gozzo,,73,109,1881 Capacelli - Il vero libro dei sogni
Gozzuto,,36,109,1881 Capacelli - Il vero libro dei sogni
Gracchiare,,2,109,1881 Capacelli - Il vero libro dei sogni
Gradire,,13,109,1881 Capacelli - Il vero libro dei sogni
Graffiare,,41,109,1881 Capacelli - Il vero libro dei sogni
Graffio,,24,109,1881 Capacelli - Il vero libro dei sogni
Graffioni,,66,109,1881 Capacelli - Il vero libro dei sogni
Gragnuola O Grandi,ne,88,109,1881 Capacelli - Il vero libro dei sogni
Gramigna,,8,109,1881 Capacelli - Il vero libro dei sogni
Grammatica,,14,109,1881 Capacelli - Il vero libro dei sogni
Gramola,,9,109,1881 Capacelli - Il vero libro dei sogni
Gramolata,,11,109,1881 Capacelli - Il vero libro dei sogni
Granajo,,60,109,1881 Capacelli - Il vero libro dei sogni
Granajo,o biadajolo,24,109,1881 Capacelli - Il vero libro dei sogni
Granata Qualunque,,5,109,1881 Capacelli - Il vero libro dei sogni
Granata Qualunque,di saggina,33,109,1881 Capacelli - Il vero libro dei sogni
Granate,,5,109,1881 Capacelli - Il vero libro dei sogni
Granati,,38,109,1881 Capacelli - Il vero libro dei sogni
Granatiere,,33,109,1881 Capacelli - Il vero libro dei sogni
Gràncevoia,,2,109,1881 Capacelli - Il vero libro dei sogni
Granchiare,,32,109,1881 Capacelli - Il vero libro dei sogni
Granchi O Grancì,,3,109,1881 Capacelli - Il vero libro dei sogni
Granchio,solo,76,109,1881 Capacelli - Il vero libro dei sogni
Gran-contestabile,,37,109,1881 Capacelli - Il vero libro dei sogni
Grandinare,,77,109,1881 Capacelli - Il vero libro dei sogni
Granduca,,25,109,1881 Capacelli - Il vero libro dei sogni
Granduchessa,,35,109,1881 Capacelli - Il vero libro dei sogni
Grande Di Spagna,,57,109,1881 Capacelli - Il vero libro dei sogni
Grandezza Straordina,ria,90,109,1881 Capacelli - Il vero libro dei sogni
Granelli,,90,109,1881 Capacelli - Il vero libro dei sogni
Granelli,d'uva,26,109,1881 Capacelli - Il vero libro dei sogni
Granelli,frutti,82,109,1881 Capacelli - Il vero libro dei sogni
Granfallo,,49,109,1881 Capacelli - Il vero libro dei sogni
Gran Principe,,48,109,1881 Capacelli - Il vero libro dei sogni
Gran Principe,sultano,89,109,1881 Capacelli - Il vero libro dei sogni
Gran Principe,priore,60,109,1881 Capacelli - Il vero libro dei sogni
Gran Principe,siciliano,16,109,1881 Capacelli - Il vero libro dei sogni
Gran Principe,maresciallo,88,109,1881 Capacelli - Il vero libro dei sogni
Gran Principe,maestro,36,109,1881 Capacelli - Il vero libro dei sogni
Grano Turco,,80,109,1881 Capacelli - Il vero libro dei sogni
Grappoli D'uva,,20,109,1881 Capacelli - Il vero libro dei sogni
Grassa,,33,109,1881 Capacelli - Il vero libro dei sogni
Grassezza,,15,109,1881 Capacelli - Il vero libro dei sogni
Grasso,,80,109,1881 Capacelli - Il vero libro dei sogni
Grata,,6,109,1881 Capacelli - Il vero libro dei sogni
Gratella,,13,109,1881 Capacelli - Il vero libro dei sogni
Graticcio,,3,109,1881 Capacelli - Il vero libro dei sogni
Graticola,,28,109,1881 Capacelli - Il vero libro dei sogni
Graticolare,,28,109,1881 Capacelli - Il vero libro dei sogni
Graticoli,,76,109,1881 Capacelli - Il vero libro dei sogni
Gratitudine,,90,109,1881 Capacelli - Il vero libro dei sogni
Grato,,5,109,1881 Capacelli - Il vero libro dei sogni
Grattatura,,82,109,1881 Capacelli - Il vero libro dei sogni
Grattugia,,28,109,1881 Capacelli - Il vero libro dei sogni
Grattuggiare,,24,109,1881 Capacelli - Il vero libro dei sogni
Gravamento,,2,109,1881 Capacelli - Il vero libro dei sogni
Gravezza,,14,109,1881 Capacelli - Il vero libro dei sogni
Gravida,,50,109,1881 Capacelli - Il vero libro dei sogni
Gravidanza,,89,109,1881 Capacelli - Il vero libro dei sogni
Grazia,e grazie,77,109,1881 Capacelli - Il vero libro dei sogni
Graziosa,,34,109,1881 Capacelli - Il vero libro dei sogni
Greca,,34,109,1881 Capacelli - Il vero libro dei sogni
Grecatolo,,77,109,1881 Capacelli - Il vero libro dei sogni
Greco,,71,109,1881 Capacelli - Il vero libro dei sogni
Grembiale Da Donna Guanciali,,17,110,1881 Capacelli - Il vero libro dei sogni
Grembiale Da Donna Guanciali,da cucire,70,110,1881 Capacelli - Il vero libro dei sogni
Grembiale Da Donna Guanciali,da nomo,65,110,1881 Capacelli - Il vero libro dei sogni
Grembialini,,67,110,1881 Capacelli - Il vero libro dei sogni
Grido,,25,110,1881 Capacelli - Il vero libro dei sogni
Grifo,,54,110,1881 Capacelli - Il vero libro dei sogni
Griffe D'animale Grillanda,,22,110,1881 Capacelli - Il vero libro dei sogni
Grilletto,,2,110,1881 Capacelli - Il vero libro dei sogni
Grilli,,28,110,1881 Capacelli - Il vero libro dei sogni
Grillo Che Canta,,69,110,1881 Capacelli - Il vero libro dei sogni
"Guanciata , Schiaffo",,81,110,1881 Capacelli - Il vero libro dei sogni
Guantara,,40,110,1881 Capacelli - Il vero libro dei sogni
Guantaro,,4,110,1881 Capacelli - Il vero libro dei sogni
Guanti,,2,110,1881 Capacelli - Il vero libro dei sogni
Guanto,solo,30,110,1881 Capacelli - Il vero libro dei sogni
Guarda-portone,,5,110,1881 Capacelli - Il vero libro dei sogni
Guardaroba,,67,110,1881 Capacelli - Il vero libro dei sogni
Guardia,,16,110,1881 Capacelli - Il vero libro dei sogni
Guardia,di spada,40,110,1881 Capacelli - Il vero libro dei sogni
Guardiano Di Pecore,,12,110,1881 Capacelli - Il vero libro dei sogni
Grimelle Di Melone,di pegni,73,110,1881 Capacelli - Il vero libro dei sogni
Grimelle Di Melone,qualunque,27,110,1881 Capacelli - Il vero libro dei sogni
Griotte,,72,110,1881 Capacelli - Il vero libro dei sogni
"Griso, Colore",,44,110,1881 Capacelli - Il vero libro dei sogni
Grispino,,85,110,1881 Capacelli - Il vero libro dei sogni
Grive,vedi Tordi,69,110,1881 Capacelli - Il vero libro dei sogni
Grondaia,,75,110,1881 Capacelli - Il vero libro dei sogni
Grosso,,5,110,1881 Capacelli - Il vero libro dei sogni
Grotta,,64,110,1881 Capacelli - Il vero libro dei sogni
Grua O Grue,,74,110,1881 Capacelli - Il vero libro dei sogni
Grua O Grue,di donne,67,110,1881 Capacelli - Il vero libro dei sogni
Grua O Grue,di animali,4,110,1881 Capacelli - Il vero libro dei sogni
Grua O Grue,di boschi,88,110,1881 Capacelli - Il vero libro dei sogni
Guardinfante,,79,110,1881 Capacelli - Il vero libro dei sogni
Guarnelletto,,61,110,1881 Capacelli - Il vero libro dei sogni
Guarnello,,66,110,1881 Capacelli - Il vero libro dei sogni
Guarnigione Di Sold,,77,110,1881 Capacelli - Il vero libro dei sogni
Guarnitore,,10,110,1881 Capacelli - Il vero libro dei sogni
Guarnizione Di Seta,,16,110,1881 Capacelli - Il vero libro dei sogni
Gruccia O Gruccie,d'oro,15,110,1881 Capacelli - Il vero libro dei sogni
Grufolare,,81,110,1881 Capacelli - Il vero libro dei sogni
Gruma,di botte,45,110,1881 Capacelli - Il vero libro dei sogni
Grumato,fungo,3,110,1881 Capacelli - Il vero libro dei sogni
Grumolo,,68,110,1881 Capacelli - Il vero libro dei sogni
Gruppo,,26,110,1881 Capacelli - Il vero libro dei sogni
Gruppiera,,4,110,1881 Capacelli - Il vero libro dei sogni
Gruppiere,,29,110,1881 Capacelli - Il vero libro dei sogni
Gruppone,,60,110,1881 Capacelli - Il vero libro dei sogni
Guadagno,,80,110,1881 Capacelli - Il vero libro dei sogni
Guado,,9,110,1881 Capacelli - Il vero libro dei sogni
Gualdrappa,,61,110,1881 Capacelli - Il vero libro dei sogni
Guancia,,3,110,1881 Capacelli - Il vero libro dei sogni
Guanciale,,31,110,1881 Capacelli - Il vero libro dei sogni
"Guanciali , Guancia",,38,110,1881 Capacelli - Il vero libro dei sogni
"Guanciali , Guancia",letti,81,110,1881 Capacelli - Il vero libro dei sogni
"Guanciali , Guancia",qualunque,17,110,1881 Capacelli - Il vero libro dei sogni
Guastatore,,62,110,1881 Capacelli - Il vero libro dei sogni
Guastar Qualcuno,,90,110,1881 Capacelli - Il vero libro dei sogni
Guastar Qualcuno,oggetto qual,55,110,1881 Capacelli - Il vero libro dei sogni
Guattero Di Cucina <,,2,110,1881 Capacelli - Il vero libro dei sogni
Guazzo,,17,110,1881 Capacelli - Il vero libro dei sogni
Guazzare,,71,110,1881 Capacelli - Il vero libro dei sogni
Guercio,,89,110,1881 Capacelli - Il vero libro dei sogni
Guerra,,56,110,1881 Capacelli - Il vero libro dei sogni
Guerrieri,,76,110,1881 Capacelli - Il vero libro dei sogni
Guerriero,,78,110,1881 Capacelli - Il vero libro dei sogni
Gufo,,6,110,1881 Capacelli - Il vero libro dei sogni
Guglia E Guglie,,16,110,1881 Capacelli - Il vero libro dei sogni
Guida,,45,110,1881 Capacelli - Il vero libro dei sogni
Guinzaglio,,28,111,1881 Capacelli - Il vero libro dei sogni
Guscio,,52,111,1881 Capacelli - Il vero libro dei sogni
Gustare,,79,111,1881 Capacelli - Il vero libro dei sogni
Gusto,,65,111,1881 Capacelli - Il vero libro dei sogni
"Iadaja, Uccello",,71,111,1881 Capacelli - Il vero libro dei sogni
"Iadaja, Uccello",lande,2 23,111,1881 Capacelli - Il vero libro dei sogni
Iandina D'acqua Della,regina,8,111,1881 Capacelli - Il vero libro dei sogni
Iandino Di Balsamo,,33,111,1881 Capacelli - Il vero libro dei sogni
Idiota,,89,111,1881 Capacelli - Il vero libro dei sogni
Idolatra,,78,111,1881 Capacelli - Il vero libro dei sogni
Idolatria,,61,111,1881 Capacelli - Il vero libro dei sogni
Idoli,,22,111,1881 Capacelli - Il vero libro dei sogni
Idolo,,69,111,1881 Capacelli - Il vero libro dei sogni
"Idra, Serpente",,7,111,1881 Capacelli - Il vero libro dei sogni
Idropico,,34,111,1881 Capacelli - Il vero libro dei sogni
Idropisia,,19,111,1881 Capacelli - Il vero libro dei sogni
Ignominia,,18,111,1881 Capacelli - Il vero libro dei sogni
Ignominioso,,46,111,1881 Capacelli - Il vero libro dei sogni
Ignorante,,28,111,1881 Capacelli - Il vero libro dei sogni
Ignoranza,,33,111,1881 Capacelli - Il vero libro dei sogni
Ignudo O Ignudi,,18,111,1881 Capacelli - Il vero libro dei sogni
Illuminazione,,20,111,1881 Capacelli - Il vero libro dei sogni
Imbaccucato,,90,111,1881 Capacelli - Il vero libro dei sogni
Imbalsamare,,13,111,1881 Capacelli - Il vero libro dei sogni
Imbalsamato,,4,111,1881 Capacelli - Il vero libro dei sogni
Imbandire,,90,111,1881 Capacelli - Il vero libro dei sogni
Imbarcar,roba *,1,111,1881 Capacelli - Il vero libro dei sogni
Imbarcar,vino,16,111,1881 Capacelli - Il vero libro dei sogni
Imbarcar,legna,60,111,1881 Capacelli - Il vero libro dei sogni
Imbarcar,grano,70,111,1881 Capacelli - Il vero libro dei sogni
Imbarcar,qualunque cosa,80,111,1881 Capacelli - Il vero libro dei sogni
Imbarcarsi Ed Imbarco,,75 87,111,1881 Capacelli - Il vero libro dei sogni
Imbasciata,,8,111,1881 Capacelli - Il vero libro dei sogni
Imbasciatore,,30,111,1881 Capacelli - Il vero libro dei sogni
Imbastire,,3,111,1881 Capacelli - Il vero libro dei sogni
Imbastitura,,14,111,1881 Capacelli - Il vero libro dei sogni
Imbeccare,,47,111,1881 Capacelli - Il vero libro dei sogni
Imbevuto,,15,111,1881 Capacelli - Il vero libro dei sogni
Imbiancar Panni,,55,111,1881 Capacelli - Il vero libro dei sogni
Imbiancar Panni,casa,55,111,1881 Capacelli - Il vero libro dei sogni
Imbiancatore,,7,111,1881 Capacelli - Il vero libro dei sogni
Imboccare Alcuno,,69,111,1881 Capacelli - Il vero libro dei sogni
Imbolsito,,80,111,1881 Capacelli - Il vero libro dei sogni
Imbottar Vino,,20,111,1881 Capacelli - Il vero libro dei sogni
Imbroglio,,11,111,1881 Capacelli - Il vero libro dei sogni
Imbuto,,75,111,1881 Capacelli - Il vero libro dei sogni
Immaginazione,,66,111,1881 Capacelli - Il vero libro dei sogni
Immagine Qualunq,,60,111,1881 Capacelli - Il vero libro dei sogni
Immobile,,66,111,1881 Capacelli - Il vero libro dei sogni
Immodesto Ed Immo Desta,,12,111,1881 Capacelli - Il vero libro dei sogni
Immortale,,2,111,1881 Capacelli - Il vero libro dei sogni
Impaccio,,67,111,1881 Capacelli - Il vero libro dei sogni
Impallidire,,82,111,1881 Capacelli - Il vero libro dei sogni
Impannata,,68,111,1881 Capacelli - Il vero libro dei sogni
Impannate,,86,111,1881 Capacelli - Il vero libro dei sogni
Imparare,,11,111,1881 Capacelli - Il vero libro dei sogni
Impastare,,57,111,1881 Capacelli - Il vero libro dei sogni
Impastar Pane,,53,111,1881 Capacelli - Il vero libro dei sogni
Impaurito,,68,111,1881 Capacelli - Il vero libro dei sogni
Impazienza,,38,111,1881 Capacelli - Il vero libro dei sogni
Impazzato,,83,111,1881 Capacelli - Il vero libro dei sogni
Impenitente,,49,111,1881 Capacelli - Il vero libro dei sogni
"Impegnare, Far Pegni",,1,111,1881 Capacelli - Il vero libro dei sogni
Impellicciato,,12,112,1881 Capacelli - Il vero libro dei sogni
Imperare,,50,112,1881 Capacelli - Il vero libro dei sogni
Imperatore,,64,112,1881 Capacelli - Il vero libro dei sogni
Imperatrice,,41,112,1881 Capacelli - Il vero libro dei sogni
Imperio,,66,112,1881 Capacelli - Il vero libro dei sogni
Imperiale,,81,112,1881 Capacelli - Il vero libro dei sogni
Impertinente,,23,112,1881 Capacelli - Il vero libro dei sogni
Impertinenza,,37,112,1881 Capacelli - Il vero libro dei sogni
Impiallacoiare,,19,112,1881 Capacelli - Il vero libro dei sogni
Impiallacciatura,,5,112,1881 Capacelli - Il vero libro dei sogni
Impiastrare,,6,112,1881 Capacelli - Il vero libro dei sogni
Impiastro,,59,112,1881 Capacelli - Il vero libro dei sogni
Impiccare,,14,112,1881 Capacelli - Il vero libro dei sogni
Impiccato,,5,112,1881 Capacelli - Il vero libro dei sogni
Impidocchito,,84,112,1881 Capacelli - Il vero libro dei sogni
Impiegato,,73,112,1881 Capacelli - Il vero libro dei sogni
Impietrito,,6,112,1881 Capacelli - Il vero libro dei sogni
Impinguare,,39,112,1881 Capacelli - Il vero libro dei sogni
Impiombare,,34,112,1881 Capacelli - Il vero libro dei sogni
Imporre,,40,112,1881 Capacelli - Il vero libro dei sogni
Importuno,,13,112,1881 Capacelli - Il vero libro dei sogni
Imposizione,,36,112,1881 Capacelli - Il vero libro dei sogni
Imposta,,3,112,1881 Capacelli - Il vero libro dei sogni
Impostore,,64,112,1881 Capacelli - Il vero libro dei sogni
Impotente,,78,112,1881 Capacelli - Il vero libro dei sogni
Impotenza,,25,112,1881 Capacelli - Il vero libro dei sogni
Imprecazione,,21,112,1881 Capacelli - Il vero libro dei sogni
Impresa,,67,112,1881 Capacelli - Il vero libro dei sogni
Impresario,,1,112,1881 Capacelli - Il vero libro dei sogni
Imprestanza,,5,112,1881 Capacelli - Il vero libro dei sogni
Impronta,,17,112,1881 Capacelli - Il vero libro dei sogni
Improvvisare,,5,112,1881 Capacelli - Il vero libro dei sogni
Improvvisatori,,30,112,1881 Capacelli - Il vero libro dei sogni
Improvviso,,89,112,1881 Capacelli - Il vero libro dei sogni
Imprudente,,80,112,1881 Capacelli - Il vero libro dei sogni
Imprudenza,,59,112,1881 Capacelli - Il vero libro dei sogni
Impudicizia,,74,112,1881 Capacelli - Il vero libro dei sogni
Impugnatura,,44,112,1881 Capacelli - Il vero libro dei sogni
Impunità,,3,112,1881 Capacelli - Il vero libro dei sogni
Impurità,,14,112,1881 Capacelli - Il vero libro dei sogni
Imputridito,,25,112,1881 Capacelli - Il vero libro dei sogni
Inalberar Bandiera,,34,112,1881 Capacelli - Il vero libro dei sogni
Inalberar Bandiera,arme,20,112,1881 Capacelli - Il vero libro dei sogni
"Inamidare, Dar Tarn",,89,112,1881 Capacelli - Il vero libro dei sogni
Inanellare,,86,112,1881 Capacelli - Il vero libro dei sogni
Inappetenza,,75,112,1881 Capacelli - Il vero libro dei sogni
Inasinare,,63,112,1881 Capacelli - Il vero libro dei sogni
Inasprire,,79,112,1881 Capacelli - Il vero libro dei sogni
Inasprito,,26,112,1881 Capacelli - Il vero libro dei sogni
Inaudito,,32,112,1881 Capacelli - Il vero libro dei sogni
Incadaverito,,17,112,1881 Capacelli - Il vero libro dei sogni
Incallito,,43,112,1881 Capacelli - Il vero libro dei sogni
Incantesimo,,46,112,1881 Capacelli - Il vero libro dei sogni
Incanto,,43,112,1881 Capacelli - Il vero libro dei sogni
Incanutito,,46,112,1881 Capacelli - Il vero libro dei sogni
Incarnato Colore,,16,112,1881 Capacelli - Il vero libro dei sogni
Incartocciar Quale,,27,112,1881 Capacelli - Il vero libro dei sogni
Incatenar,cane,62,112,1881 Capacelli - Il vero libro dei sogni
Incatenar,gente,34,112,1881 Capacelli - Il vero libro dei sogni
Incatenar,corone,16,112,1881 Capacelli - Il vero libro dei sogni
Incendio,,17,112,1881 Capacelli - Il vero libro dei sogni
Incenerito,,77,112,1881 Capacelli - Il vero libro dei sogni
Incensare,,28,112,1881 Capacelli - Il vero libro dei sogni
Incensatura,,30,112,1881 Capacelli - Il vero libro dei sogni
Incenso,,61,112,1881 Capacelli - Il vero libro dei sogni
Incesto,,24,112,1881 Capacelli - Il vero libro dei sogni
Inchino,,7,112,1881 Capacelli - Il vero libro dei sogni
Inchiodare,,55,112,1881 Capacelli - Il vero libro dei sogni
Inchiostrare,,5,112,1881 Capacelli - Il vero libro dei sogni
Inchiostro,,29,112,1881 Capacelli - Il vero libro dei sogni
Incidere,,28,112,1881 Capacelli - Il vero libro dei sogni
Incinta,,50,112,1881 Capacelli - Il vero libro dei sogni
Incipriarsi,,43,112,1881 Capacelli - Il vero libro dei sogni
Incisione In Legno,,56,112,1881 Capacelli - Il vero libro dei sogni
Incisione In Marmo,,25,113,1881 Capacelli - Il vero libro dei sogni
Incisione In Marmo,in rame,1,113,1881 Capacelli - Il vero libro dei sogni
Incisione In Marmo,qualunque,89,113,1881 Capacelli - Il vero libro dei sogni
Inciviltà,,52,113,1881 Capacelli - Il vero libro dei sogni
Inclinazione,,6,113,1881 Capacelli - Il vero libro dei sogni
Inclusiva,,60,113,1881 Capacelli - Il vero libro dei sogni
Incluso,,62,113,1881 Capacelli - Il vero libro dei sogni
Incollare,,21,113,1881 Capacelli - Il vero libro dei sogni
Incordare Strumen,,47,113,1881 Capacelli - Il vero libro dei sogni
Incoronare,,44,113,1881 Capacelli - Il vero libro dei sogni
Incoronazione,,55,113,1881 Capacelli - Il vero libro dei sogni
Incostanza,,57,113,1881 Capacelli - Il vero libro dei sogni
Incredulo,,9,113,1881 Capacelli - Il vero libro dei sogni
Incudine,,56,113,1881 Capacelli - Il vero libro dei sogni
Indaco,,85,113,1881 Capacelli - Il vero libro dei sogni
Indagare,,35,113,1881 Capacelli - Il vero libro dei sogni
Indebitato,,10,113,1881 Capacelli - Il vero libro dei sogni
Indebolito,,21,113,1881 Capacelli - Il vero libro dei sogni
Indecenza,,49,113,1881 Capacelli - Il vero libro dei sogni
Indegno,,32,113,1881 Capacelli - Il vero libro dei sogni
Indemoniato,,55,113,1881 Capacelli - Il vero libro dei sogni
Indiani,,39,113,1881 Capacelli - Il vero libro dei sogni
"Indicare, Indicazione",,4,113,1881 Capacelli - Il vero libro dei sogni
Indifferenza,,5,113,1881 Capacelli - Il vero libro dei sogni
Indigestione,,9,113,1881 Capacelli - Il vero libro dei sogni
Indipendenza,,56,113,1881 Capacelli - Il vero libro dei sogni
Indoratore,,28,113,1881 Capacelli - Il vero libro dei sogni
Indovinello,,46,113,1881 Capacelli - Il vero libro dei sogni
Indovino,,46,113,1881 Capacelli - Il vero libro dei sogni
Indulgenza,,37,113,1881 Capacelli - Il vero libro dei sogni
Indulto,,38,113,1881 Capacelli - Il vero libro dei sogni
Inedia,,18,113,1881 Capacelli - Il vero libro dei sogni
Infamare,,62,113,1881 Capacelli - Il vero libro dei sogni
Infante,,72,113,1881 Capacelli - Il vero libro dei sogni
Infanteria,,14,113,1881 Capacelli - Il vero libro dei sogni
Infanticidio ),,18,113,1881 Capacelli - Il vero libro dei sogni
Infarinare,,74,113,1881 Capacelli - Il vero libro dei sogni
Infarinare,frittura,39,113,1881 Capacelli - Il vero libro dei sogni
Infastidito,,3,113,1881 Capacelli - Il vero libro dei sogni
Infatuato,,14,113,1881 Capacelli - Il vero libro dei sogni
Infedeltà,,42,113,1881 Capacelli - Il vero libro dei sogni
Infelice,,25,113,1881 Capacelli - Il vero libro dei sogni
Infelicità,,34,113,1881 Capacelli - Il vero libro dei sogni
Infermeria,,11,113,1881 Capacelli - Il vero libro dei sogni
Infermiere,,11,113,1881 Capacelli - Il vero libro dei sogni
Infermità,,19,113,1881 Capacelli - Il vero libro dei sogni
Infermo,,46,113,1881 Capacelli - Il vero libro dei sogni
Inferno,,90,113,1881 Capacelli - Il vero libro dei sogni
Inferocito,,60,113,1881 Capacelli - Il vero libro dei sogni
Inferriata,,86,113,1881 Capacelli - Il vero libro dei sogni
Infiammazione,,4,113,1881 Capacelli - Il vero libro dei sogni
Infiascar Vino,,45,113,1881 Capacelli - Il vero libro dei sogni
Qualunque,cosa,30,113,1881 Capacelli - Il vero libro dei sogni
Infilzare,,26,113,1881 Capacelli - Il vero libro dei sogni
Infilzatura,,42,113,1881 Capacelli - Il vero libro dei sogni
Infingardo,,20,113,1881 Capacelli - Il vero libro dei sogni
Infiuenza,,35,113,1881 Capacelli - Il vero libro dei sogni
Infocato,,61,113,1881 Capacelli - Il vero libro dei sogni
Infornare,,87,113,1881 Capacelli - Il vero libro dei sogni
Infornata Qualunque' ©,,4,113,1881 Capacelli - Il vero libro dei sogni
Infornatore,,20,113,1881 Capacelli - Il vero libro dei sogni
Infornatrice,,76,113,1881 Capacelli - Il vero libro dei sogni
Infradiciare,,17,113,1881 Capacelli - Il vero libro dei sogni
Infradiciato,,5,113,1881 Capacelli - Il vero libro dei sogni
Infrantura,,55,113,1881 Capacelli - Il vero libro dei sogni
Infrascato,,27,113,1881 Capacelli - Il vero libro dei sogni
Infreddato,,51,113,1881 Capacelli - Il vero libro dei sogni
Infreddatura,,62,113,1881 Capacelli - Il vero libro dei sogni
Infuriato,,88,113,1881 Capacelli - Il vero libro dei sogni
Infusione,,77,113,1881 Capacelli - Il vero libro dei sogni
Infusione,qualunque,6,113,1881 Capacelli - Il vero libro dei sogni
Inganno,,44,113,1881 Capacelli - Il vero libro dei sogni
Ingaggio E Ingaggiat,,52,113,1881 Capacelli - Il vero libro dei sogni
Ingegnere,,73,113,1881 Capacelli - Il vero libro dei sogni
Ingegno Elevato,,80,114,1881 Capacelli - Il vero libro dei sogni
Ingenuità,,33,114,1881 Capacelli - Il vero libro dei sogni
Inginocchiatoio,,15,114,1881 Capacelli - Il vero libro dei sogni
Inginocchiazioni,,90,114,1881 Capacelli - Il vero libro dei sogni
Ingiuria,,46,114,1881 Capacelli - Il vero libro dei sogni
Ingiuriare,,16,114,1881 Capacelli - Il vero libro dei sogni
Ingiustizia,,9,114,1881 Capacelli - Il vero libro dei sogni
Inglese,,68,114,1881 Capacelli - Il vero libro dei sogni
Ingojare,,78,114,1881 Capacelli - Il vero libro dei sogni
Ingordo,,7,114,1881 Capacelli - Il vero libro dei sogni
Ingrassato,,56,114,1881 Capacelli - Il vero libro dei sogni
Ingratitudine,,19,114,1881 Capacelli - Il vero libro dei sogni
Ingrato,,49,114,1881 Capacelli - Il vero libro dei sogni
Ingravidare,,65,114,1881 Capacelli - Il vero libro dei sogni
Ingresso,,1,114,1881 Capacelli - Il vero libro dei sogni
Inibire,,48,114,1881 Capacelli - Il vero libro dei sogni
Inibitoria,,53,114,1881 Capacelli - Il vero libro dei sogni
Inimicizia,,17,114,1881 Capacelli - Il vero libro dei sogni
Inimico Ed Inimica,,50,114,1881 Capacelli - Il vero libro dei sogni
Iniquità,,19,114,1881 Capacelli - Il vero libro dei sogni
Inafflare,,53,114,1881 Capacelli - Il vero libro dei sogni
Inaffiatojo,,64,114,1881 Capacelli - Il vero libro dei sogni
Innamoramento,,55,114,1881 Capacelli - Il vero libro dei sogni
Innamorata,,46,114,1881 Capacelli - Il vero libro dei sogni
Innamorato,,80,114,1881 Capacelli - Il vero libro dei sogni
Innaspare,,90,114,1881 Capacelli - Il vero libro dei sogni
Innestare,,65,114,1881 Capacelli - Il vero libro dei sogni
Innesto Di Fratti,,8,114,1881 Capacelli - Il vero libro dei sogni
Innesto Di Fratti,di vajuoio,19,114,1881 Capacelli - Il vero libro dei sogni
Innocente Condan,,69,114,1881 Capacelli - Il vero libro dei sogni
Innocenza Ed Innocen,te,30,114,1881 Capacelli - Il vero libro dei sogni
Innondazione,,62,114,1881 Capacelli - Il vero libro dei sogni
Inquietudine,,90,114,1881 Capacelli - Il vero libro dei sogni
Inquisizione,,71,114,1881 Capacelli - Il vero libro dei sogni
Insalata,,15,114,1881 Capacelli - Il vero libro dei sogni
Insalatare,,16,114,1881 Capacelli - Il vero libro dei sogni
Insalato,,70,114,1881 Capacelli - Il vero libro dei sogni
Insensibile,,49,114,1881 Capacelli - Il vero libro dei sogni
Insegna Qualunque,,4,114,1881 Capacelli - Il vero libro dei sogni
Insegnare,,8,114,1881 Capacelli - Il vero libro dei sogni
Insanguinato,,80,114,1881 Capacelli - Il vero libro dei sogni
Inseguire,,8,114,1881 Capacelli - Il vero libro dei sogni
Insetto,,48,114,1881 Capacelli - Il vero libro dei sogni
Insidiatore,,83,114,1881 Capacelli - Il vero libro dei sogni
Insidie,,72,114,1881 Capacelli - Il vero libro dei sogni
Insinuatore,,28,114,1881 Capacelli - Il vero libro dei sogni
Insinuazione,,9,114,1881 Capacelli - Il vero libro dei sogni
Instituto,,79,114,1881 Capacelli - Il vero libro dei sogni
Insulto Ed Insultare,,14,114,1881 Capacelli - Il vero libro dei sogni
Intaglio,,8,114,1881 Capacelli - Il vero libro dei sogni
Intagliare,,20,114,1881 Capacelli - Il vero libro dei sogni
Intagliatore,,30,114,1881 Capacelli - Il vero libro dei sogni
Intarlato,,79,114,1881 Capacelli - Il vero libro dei sogni
Intenerito,,22,114,1881 Capacelli - Il vero libro dei sogni
Intercessione,,50,114,1881 Capacelli - Il vero libro dei sogni
Interiore Della Casa,,5,114,1881 Capacelli - Il vero libro dei sogni
Interiore Della Casa,qualunque,45,114,1881 Capacelli - Il vero libro dei sogni
Interprete,,33,114,1881 Capacelli - Il vero libro dei sogni
Intervenienti,,21,114,1881 Capacelli - Il vero libro dei sogni
Intimare,,66,114,1881 Capacelli - Il vero libro dei sogni
Intimazione,,6,114,1881 Capacelli - Il vero libro dei sogni
Intimorire,,51,114,1881 Capacelli - Il vero libro dei sogni
Intimorito,,90,114,1881 Capacelli - Il vero libro dei sogni
Intingolo,,29,114,1881 Capacelli - Il vero libro dei sogni
Intirizzito,,83,114,1881 Capacelli - Il vero libro dei sogni
Intisichito,,1,114,1881 Capacelli - Il vero libro dei sogni
Intonacato,,12,114,1881 Capacelli - Il vero libro dei sogni
Intonazione,,40,114,1881 Capacelli - Il vero libro dei sogni
Intoppo,,23,114,1881 Capacelli - Il vero libro dei sogni
Intridire,,84,114,1881 Capacelli - Il vero libro dei sogni
Intrigo D'amore T,,2,114,1881 Capacelli - Il vero libro dei sogni
Intorbidare,,37,114,1881 Capacelli - Il vero libro dei sogni
Intormentito,,58,114,1881 Capacelli - Il vero libro dei sogni
Intormentito,nvaghirsi,72,115,1881 Capacelli - Il vero libro dei sogni
Invalido,,26,115,1881 Capacelli - Il vero libro dei sogni
Invalido,invaligiare,1,115,1881 Capacelli - Il vero libro dei sogni
Invalido,invasato,4,115,1881 Capacelli - Il vero libro dei sogni
Invasione,,70,115,1881 Capacelli - Il vero libro dei sogni
Invecchiato,,13,115,1881 Capacelli - Il vero libro dei sogni
Inveire,,54,115,1881 Capacelli - Il vero libro dei sogni
Invelenato,,30,115,1881 Capacelli - Il vero libro dei sogni
Inventario,,41,115,1881 Capacelli - Il vero libro dei sogni
Inventore,,24,115,1881 Capacelli - Il vero libro dei sogni
Invenzione,,24,115,1881 Capacelli - Il vero libro dei sogni
Invermitato,,38,115,1881 Capacelli - Il vero libro dei sogni
Inverniciare,,59,115,1881 Capacelli - Il vero libro dei sogni
Inuerno,,86,115,1881 Capacelli - Il vero libro dei sogni
Invetriata,,66,115,1881 Capacelli - Il vero libro dei sogni
Invetriato Vaso,,23,115,1881 Capacelli - Il vero libro dei sogni
Inviamento,,38,115,1881 Capacelli - Il vero libro dei sogni
Inviare,,28,115,1881 Capacelli - Il vero libro dei sogni
Inviato,,38,115,1881 Capacelli - Il vero libro dei sogni
Invidia,,35,115,1881 Capacelli - Il vero libro dei sogni
Invidioso,,48,115,1881 Capacelli - Il vero libro dei sogni
Invigilare,,74,115,1881 Capacelli - Il vero libro dei sogni
Inviluppato,,89,115,1881 Capacelli - Il vero libro dei sogni
Inviperire,,89,115,1881 Capacelli - Il vero libro dei sogni
Invito Qualunque,,90,115,1881 Capacelli - Il vero libro dei sogni
Invocazione,,54,115,1881 Capacelli - Il vero libro dei sogni
Involto E Involtare,,60,115,1881 Capacelli - Il vero libro dei sogni
Inumano,,42,115,1881 Capacelli - Il vero libro dei sogni
Inzuccherare,,29,115,1881 Capacelli - Il vero libro dei sogni
"Inzuppare, Inzuppato",,43,115,1881 Capacelli - Il vero libro dei sogni
Ipocrita Ed Ipocrisia,,13,115,1881 Capacelli - Il vero libro dei sogni
Ipocondriaco,,15,115,1881 Capacelli - Il vero libro dei sogni
Ipoteca,,49,115,1881 Capacelli - Il vero libro dei sogni
Ira,,55,115,1881 Capacelli - Il vero libro dei sogni
Iride,,55,115,1881 Capacelli - Il vero libro dei sogni
Ironia,,11,115,1881 Capacelli - Il vero libro dei sogni
Irresoluto,,2,115,1881 Capacelli - Il vero libro dei sogni
Irritato,,67,115,1881 Capacelli - Il vero libro dei sogni
Irriverenza,,61,115,1881 Capacelli - Il vero libro dei sogni
"Ischio, Albero",,17,115,1881 Capacelli - Il vero libro dei sogni
Iscrizione,,31,115,1881 Capacelli - Il vero libro dei sogni
Isola,,39,115,1881 Capacelli - Il vero libro dei sogni
Issopo,erba,57,115,1881 Capacelli - Il vero libro dei sogni
Istorie,,26,115,1881 Capacelli - Il vero libro dei sogni
Istoria,,79,115,1881 Capacelli - Il vero libro dei sogni
Istoriato,,7,115,1881 Capacelli - Il vero libro dei sogni
"Istrice, Animale",,5,115,1881 Capacelli - Il vero libro dei sogni
Istrione,ed istrioni,49,115,1881 Capacelli - Il vero libro dei sogni
Istromento,qualunq,38,115,1881 Capacelli - Il vero libro dei sogni
Istruire,,83,115,1881 Capacelli - Il vero libro dei sogni
Italia,,30,115,1881 Capacelli - Il vero libro dei sogni
Italiano,,59,115,1881 Capacelli - Il vero libro dei sogni
Itinerario,,16,115,1881 Capacelli - Il vero libro dei sogni
Iterizia,,47,115,1881 Capacelli - Il vero libro dei sogni
Labarda,,60,115,1881 Capacelli - Il vero libro dei sogni
Labbro E Labbra,,39,115,1881 Capacelli - Il vero libro dei sogni
Laberinto,,2,115,1881 Capacelli - Il vero libro dei sogni
Lacca Rossa,,2,115,1881 Capacelli - Il vero libro dei sogni
Lacca Rossa,muffa,15,115,1881 Capacelli - Il vero libro dei sogni
Lacchè,o volante,6,115,1881 Capacelli - Il vero libro dei sogni
Lacchetta,,16,115,1881 Capacelli - Il vero libro dei sogni
Lacceti,,72,115,1881 Capacelli - Il vero libro dei sogni
Laccio,,57,115,1881 Capacelli - Il vero libro dei sogni
Lacero,,29,115,1881 Capacelli - Il vero libro dei sogni
Lacerare,,44,115,1881 Capacelli - Il vero libro dei sogni
Lacrima,,69,115,1881 Capacelli - Il vero libro dei sogni
Lacrime,,57,115,1881 Capacelli - Il vero libro dei sogni
Ladro,,60,116,1881 Capacelli - Il vero libro dei sogni
Ladro,di mare,27,116,1881 Capacelli - Il vero libro dei sogni
Ladro,di strada,26,116,1881 Capacelli - Il vero libro dei sogni
Ladro,che fugge,9,116,1881 Capacelli - Il vero libro dei sogni
Ladroncello,,48,116,1881 Capacelli - Il vero libro dei sogni
Ladroneccio,,80,116,1881 Capacelli - Il vero libro dei sogni
Lago,,50,116,1881 Capacelli - Il vero libro dei sogni
Lagrimare,,64,116,1881 Capacelli - Il vero libro dei sogni
Laguna,,80,116,1881 Capacelli - Il vero libro dei sogni
Laidezza,,88,116,1881 Capacelli - Il vero libro dei sogni
Laido,,77,116,1881 Capacelli - Il vero libro dei sogni
Lama Di Ferro,,63,116,1881 Capacelli - Il vero libro dei sogni
Lama Di Ferro,di spada,1,116,1881 Capacelli - Il vero libro dei sogni
Lambicco,,8,116,1881 Capacelli - Il vero libro dei sogni
Lambire,,88,116,1881 Capacelli - Il vero libro dei sogni
Lamentarsi,,2,116,1881 Capacelli - Il vero libro dei sogni
Lamento,,24,116,1881 Capacelli - Il vero libro dei sogni
Lamine,,6,116,1881 Capacelli - Il vero libro dei sogni
Lampade O Lampada,,49,116,1881 Capacelli - Il vero libro dei sogni
Lampane,,6,116,1881 Capacelli - Il vero libro dei sogni
Lampeggiare,,11,116,1881 Capacelli - Il vero libro dei sogni
Lampo,,17,116,1881 Capacelli - Il vero libro dei sogni
Lampreda,,30,116,1881 Capacelli - Il vero libro dei sogni
Lampredotto,,41,116,1881 Capacelli - Il vero libro dei sogni
Lanaja,,74,116,1881 Capacelli - Il vero libro dei sogni
Lanajolo,,74,116,1881 Capacelli - Il vero libro dei sogni
Lanaro,,64,116,1881 Capacelli - Il vero libro dei sogni
Lance,,48,116,1881 Capacelli - Il vero libro dei sogni
Lancetta Da Cavar San,gue,45,116,1881 Capacelli - Il vero libro dei sogni
Lancialo,,2,116,1881 Capacelli - Il vero libro dei sogni
Lanciata,,28,116,1881 Capacelli - Il vero libro dei sogni
Lando,,76,116,1881 Capacelli - Il vero libro dei sogni
Languidezza,,42,116,1881 Capacelli - Il vero libro dei sogni
Languire,,10,116,1881 Capacelli - Il vero libro dei sogni
Lanterna,,54,116,1881 Capacelli - Il vero libro dei sogni
Lanternaio,,83,116,1881 Capacelli - Il vero libro dei sogni
Lanternini,,19,116,1881 Capacelli - Il vero libro dei sogni
Lanternino,,3,116,1881 Capacelli - Il vero libro dei sogni
Lanternoni,,53,116,1881 Capacelli - Il vero libro dei sogni
Lanuggine,,73,116,1881 Capacelli - Il vero libro dei sogni
Lanzo,e pellegrino,75,116,1881 Capacelli - Il vero libro dei sogni
Lapida Qualunque,,8,116,1881 Capacelli - Il vero libro dei sogni
Lapidare,,76,116,1881 Capacelli - Il vero libro dei sogni
Lapidato,,78,116,1881 Capacelli - Il vero libro dei sogni
Lapini,,29,116,1881 Capacelli - Il vero libro dei sogni
Lapislazzuli,,18,116,1881 Capacelli - Il vero libro dei sogni
Lappolla,,46,116,1881 Capacelli - Il vero libro dei sogni
Lardellare,,12,116,1881 Capacelli - Il vero libro dei sogni
Lardelli,,11,116,1881 Capacelli - Il vero libro dei sogni
Lardo,,32,116,1881 Capacelli - Il vero libro dei sogni
Lardone,,32,116,1881 Capacelli - Il vero libro dei sogni
Lasagnaro,,31,116,1881 Capacelli - Il vero libro dei sogni
Lasagne,,44,116,1881 Capacelli - Il vero libro dei sogni
Lasagnone,,48,116,1881 Capacelli - Il vero libro dei sogni
Lascivia,,79,116,1881 Capacelli - Il vero libro dei sogni
Lastra E Lastre,,8,116,1881 Capacelli - Il vero libro dei sogni
Lastricare,,19,116,1881 Capacelli - Il vero libro dei sogni
Lastrico,,47,116,1881 Capacelli - Il vero libro dei sogni
Latino,,32,116,1881 Capacelli - Il vero libro dei sogni
Latore,,36,116,1881 Capacelli - Il vero libro dei sogni
Latrare,,15,116,1881 Capacelli - Il vero libro dei sogni
Latrocinio,,65,116,1881 Capacelli - Il vero libro dei sogni
Latta,,69,116,1881 Capacelli - Il vero libro dei sogni
Lattajo,,43,116,1881 Capacelli - Il vero libro dei sogni
Lattarini,,20,116,1881 Capacelli - Il vero libro dei sogni
Lattarola,,28,116,1881 Capacelli - Il vero libro dei sogni
Latte,,33,116,1881 Capacelli - Il vero libro dei sogni
Latte,fresco,44,116,1881 Capacelli - Il vero libro dei sogni
Latte,amaro,26,116,1881 Capacelli - Il vero libro dei sogni
Latte,di mandorle dolci,53,116,1881 Capacelli - Il vero libro dei sogni
Latte,di capra,1,116,1881 Capacelli - Il vero libro dei sogni
Latte,d'asina,69,116,1881 Capacelli - Il vero libro dei sogni
Latte,alla crema,14,117,1881 Capacelli - Il vero libro dei sogni
Che Esce Dalle Mam,melle,21,117,1881 Capacelli - Il vero libro dei sogni
Lattime Ai Bambini,,58,117,1881 Capacelli - Il vero libro dei sogni
Lattimìele,,18,117,1881 Capacelli - Il vero libro dei sogni
Lattuga,,13,117,1881 Capacelli - Il vero libro dei sogni
Lattughetta,,34,117,1881 Capacelli - Il vero libro dei sogni
Lavagna,,20,117,1881 Capacelli - Il vero libro dei sogni
Lavamano,,44,117,1881 Capacelli - Il vero libro dei sogni
Lavamento,,78,117,1881 Capacelli - Il vero libro dei sogni
"Lavanda, Fiore",,36,117,1881 Capacelli - Il vero libro dei sogni
Lavandaia,,37,117,1881 Capacelli - Il vero libro dei sogni
Lavandaia,che lava,44,117,1881 Capacelli - Il vero libro dei sogni
Lavandari,,59,117,1881 Capacelli - Il vero libro dei sogni
Lavandaro,,66,117,1881 Capacelli - Il vero libro dei sogni
Lavare,,66,117,1881 Capacelli - Il vero libro dei sogni
Lavativo,,3,117,1881 Capacelli - Il vero libro dei sogni
Lavatojo,,76,117,1881 Capacelli - Il vero libro dei sogni
Lavator Di [lana,,60,117,1881 Capacelli - Il vero libro dei sogni
Labeggio Di Rame,,87,117,1881 Capacelli - Il vero libro dei sogni
Labeggio Di Rame,di terra,16,117,1881 Capacelli - Il vero libro dei sogni
Labeggio Di Rame,qualunque,80,117,1881 Capacelli - Il vero libro dei sogni
Lavello,,15,117,1881 Capacelli - Il vero libro dei sogni
Lavorare,,4,117,1881 Capacelli - Il vero libro dei sogni
Lavorare,campi,64,117,1881 Capacelli - Il vero libro dei sogni
Laudemio,,26,117,1881 Capacelli - Il vero libro dei sogni
Laureato,,20,117,1881 Capacelli - Il vero libro dei sogni
Lauro,,8,117,1881 Capacelli - Il vero libro dei sogni
Lazzaretto,,48,117,1881 Capacelli - Il vero libro dei sogni
Lazzerolo,,11,117,1881 Capacelli - Il vero libro dei sogni
"Lebbra, Lebbrosa",,31,117,1881 Capacelli - Il vero libro dei sogni
Leccare,,68,117,1881 Capacelli - Il vero libro dei sogni
Leccio,,81,117,1881 Capacelli - Il vero libro dei sogni
Legaccioli,di calze,33,117,1881 Capacelli - Il vero libro dei sogni
Legaccioli,di seta,11,117,1881 Capacelli - Il vero libro dei sogni
Legale,,80,117,1881 Capacelli - Il vero libro dei sogni
Legato,,11,117,1881 Capacelli - Il vero libro dei sogni
Legare,,70,117,1881 Capacelli - Il vero libro dei sogni
Legata,,26,117,1881 Capacelli - Il vero libro dei sogni
Legatore,,83,117,1881 Capacelli - Il vero libro dei sogni
Legatore,di libri,4,117,1881 Capacelli - Il vero libro dei sogni
Legge,,24,117,1881 Capacelli - Il vero libro dei sogni
Leggendario,,21,117,1881 Capacelli - Il vero libro dei sogni
Leggere,,6,117,1881 Capacelli - Il vero libro dei sogni
Leggerenza,,15,117,1881 Capacelli - Il vero libro dei sogni
Leggiero,,9,117,1881 Capacelli - Il vero libro dei sogni
Leggiajolo,,55,117,1881 Capacelli - Il vero libro dei sogni
Legislatore,,36,117,1881 Capacelli - Il vero libro dei sogni
Legna,e legne,24,117,1881 Capacelli - Il vero libro dei sogni
Legnajuolo,,4,117,1881 Capacelli - Il vero libro dei sogni
Legname,,24,117,1881 Capacelli - Il vero libro dei sogni
Legumi,,78,117,1881 Capacelli - Il vero libro dei sogni
Lendine,,46,117,1881 Capacelli - Il vero libro dei sogni
Lente Da Cannocch,,9,117,1881 Capacelli - Il vero libro dei sogni
Lenti,,89,117,1881 Capacelli - Il vero libro dei sogni
Lenticchia,,41,117,1881 Capacelli - Il vero libro dei sogni
Lenticchie,,9,117,1881 Capacelli - Il vero libro dei sogni
Lentezza,,5,117,1881 Capacelli - Il vero libro dei sogni
Lenzuola,,33,117,1881 Capacelli - Il vero libro dei sogni
Lenzuolo Solo,,3,117,1881 Capacelli - Il vero libro dei sogni
Leoncini,,42,117,1881 Capacelli - Il vero libro dei sogni
Leone,,21,117,1881 Capacelli - Il vero libro dei sogni
Leonessa,,63,117,1881 Capacelli - Il vero libro dei sogni
Leoni,,63,117,1881 Capacelli - Il vero libro dei sogni
Leopardo,,37,117,1881 Capacelli - Il vero libro dei sogni
Lepre Sola,,10,117,1881 Capacelli - Il vero libro dei sogni
Lepri Molte,,23,117,1881 Capacelli - Il vero libro dei sogni
Leprotto,,5,117,1881 Capacelli - Il vero libro dei sogni
Lesina,,37,117,1881 Capacelli - Il vero libro dei sogni
Lesine,,22,117,1881 Capacelli - Il vero libro dei sogni
Lessatura,,71,117,1881 Capacelli - Il vero libro dei sogni
Lesso Qualunque,,73,117,1881 Capacelli - Il vero libro dei sogni
Letamajo,,85,117,1881 Capacelli - Il vero libro dei sogni
Letame,,3,117,1881 Capacelli - Il vero libro dei sogni
Letargo,,60,118,1881 Capacelli - Il vero libro dei sogni
Letizia,,49,118,1881 Capacelli - Il vero libro dei sogni
Lettera,,2,118,1881 Capacelli - Il vero libro dei sogni
Letterato,,80,118,1881 Capacelli - Il vero libro dei sogni
Lettere,,62,118,1881 Capacelli - Il vero libro dei sogni
Lettiga,,44,118,1881 Capacelli - Il vero libro dei sogni
Lettighiera,,29,118,1881 Capacelli - Il vero libro dei sogni
Letto O Letti,,82,118,1881 Capacelli - Il vero libro dei sogni
Letto O Letti,con camerella,68,118,1881 Capacelli - Il vero libro dei sogni
Lettore,,70,118,1881 Capacelli - Il vero libro dei sogni
Levatrice,,49,118,1881 Capacelli - Il vero libro dei sogni
Levriere,,11,118,1881 Capacelli - Il vero libro dei sogni
"Levarsi, Uscirai Etto Limoni",,1 71,118,1881 Capacelli - Il vero libro dei sogni
"Levatojo, Ponte",,82,118,1881 Capacelli - Il vero libro dei sogni
Limosina,,17,118,1881 Capacelli - Il vero libro dei sogni
"Levantino, Vento",,81,118,1881 Capacelli - Il vero libro dei sogni
Limosiniere,,70,118,1881 Capacelli - Il vero libro dei sogni
"Lilla, Colore",,1,118,1881 Capacelli - Il vero libro dei sogni
Lilli O Mughetti,,3,118,1881 Capacelli - Il vero libro dei sogni
Lima,,19,118,1881 Capacelli - Il vero libro dei sogni
Limaro,,19,118,1881 Capacelli - Il vero libro dei sogni
Limarola,,30,118,1881 Capacelli - Il vero libro dei sogni
Limatura,,1,118,1881 Capacelli - Il vero libro dei sogni
Limbo,,12,118,1881 Capacelli - Il vero libro dei sogni
Limonari,,87,118,1881 Capacelli - Il vero libro dei sogni
Limonaro,,10,118,1881 Capacelli - Il vero libro dei sogni
Limonata,,80,118,1881 Capacelli - Il vero libro dei sogni
Limpncelli,,25,118,1881 Capacelli - Il vero libro dei sogni
Limone Qualunque I,,3,118,1881 Capacelli - Il vero libro dei sogni
Limone Qualunque I,qualunque,28,118,1881 Capacelli - Il vero libro dei sogni
"Libeccio, Vento",,50,118,1881 Capacelli - Il vero libro dei sogni
Liberatore,,30,118,1881 Capacelli - Il vero libro dei sogni
Liberazione,,4,118,1881 Capacelli - Il vero libro dei sogni
Libero,,60,118,1881 Capacelli - Il vero libro dei sogni
Libertà,,74,118,1881 Capacelli - Il vero libro dei sogni
Libertino,,41,118,1881 Capacelli - Il vero libro dei sogni
Libertinaggio,,60,118,1881 Capacelli - Il vero libro dei sogni
Libidinoso,,33,118,1881 Capacelli - Il vero libro dei sogni
Librajo,,24,118,1881 Capacelli - Il vero libro dei sogni
Libreria,,40,118,1881 Capacelli - Il vero libro dei sogni
Libri,,7,118,1881 Capacelli - Il vero libro dei sogni
Libro Bianco,,7,118,1881 Capacelli - Il vero libro dei sogni
Libro Bianco,scritto,57,118,1881 Capacelli - Il vero libro dei sogni
Libro Bianco,stampato,40,118,1881 Capacelli - Il vero libro dei sogni
Licenza,,26,118,1881 Capacelli - Il vero libro dei sogni
Licenza,a chiederla,20,118,1881 Capacelli - Il vero libro dei sogni
Linaroli,,68,118,1881 Capacelli - Il vero libro dei sogni
Lince,,40,118,1881 Capacelli - Il vero libro dei sogni
Linea,,33,118,1881 Capacelli - Il vero libro dei sogni
Lingeria In Qualità,,43,118,1881 Capacelli - Il vero libro dei sogni
Lingeria In Qualità,di tavola,75,118,1881 Capacelli - Il vero libro dei sogni
Lingeria In Qualità,di corpo,80,118,1881 Capacelli - Il vero libro dei sogni
Lingua,,27,118,1881 Capacelli - Il vero libro dei sogni
Lingua,d'animale,52,118,1881 Capacelli - Il vero libro dei sogni
Linguacciuto,,23,118,1881 Capacelli - Il vero libro dei sogni
Linguattole,,4,118,1881 Capacelli - Il vero libro dei sogni
Lino,,11,118,1881 Capacelli - Il vero libro dei sogni
Lino,da filare,15,118,1881 Capacelli - Il vero libro dei sogni
Lino,filare,49,118,1881 Capacelli - Il vero libro dei sogni
Linato,,86,118,1881 Capacelli - Il vero libro dei sogni
Linosa,,28,118,1881 Capacelli - Il vero libro dei sogni
Liquore,,37,118,1881 Capacelli - Il vero libro dei sogni
Liquori,,63,118,1881 Capacelli - Il vero libro dei sogni
"Licenziare Servitù Lira, Moneta",,68 48,118,1881 Capacelli - Il vero libro dei sogni
Licei,,4,118,1881 Capacelli - Il vero libro dei sogni
Licei,istrumento,6,118,1881 Capacelli - Il vero libro dei sogni
Lido,,35 53,118,1881 Capacelli - Il vero libro dei sogni
Lisca,,23,118,1881 Capacelli - Il vero libro dei sogni
Lievito,,86,118,1881 Capacelli - Il vero libro dei sogni
Lievito,di lino,84,118,1881 Capacelli - Il vero libro dei sogni
Lisca Di Pesce,,7,119,1881 Capacelli - Il vero libro dei sogni
Liscio,,40,119,1881 Capacelli - Il vero libro dei sogni
Lista Di Barbieri,,12,119,1881 Capacelli - Il vero libro dei sogni
Lista Di Barbieri,di mercante,60,119,1881 Capacelli - Il vero libro dei sogni
Lista Di Barbieri,del bucato,70,119,1881 Capacelli - Il vero libro dei sogni
Lista Di Barbieri,del lotto,18,119,1881 Capacelli - Il vero libro dei sogni
Litigare,,2,119,1881 Capacelli - Il vero libro dei sogni
Litigamento,,26,119,1881 Capacelli - Il vero libro dei sogni
Liuto,,30,119,1881 Capacelli - Il vero libro dei sogni
Lirello,,78,119,1881 Capacelli - Il vero libro dei sogni
Livido,,83,119,1881 Capacelli - Il vero libro dei sogni
Livore,,88,119,1881 Capacelli - Il vero libro dei sogni
Livrea,,48,119,1881 Capacelli - Il vero libro dei sogni
Locanda,,80,119,1881 Capacelli - Il vero libro dei sogni
Locandieri,,39,119,1881 Capacelli - Il vero libro dei sogni
Locazione,,50,119,1881 Capacelli - Il vero libro dei sogni
Lodola O Lodole,,56,119,1881 Capacelli - Il vero libro dei sogni
Lodare E Lodi,,22,119,1881 Capacelli - Il vero libro dei sogni
Loffia,,64,119,1881 Capacelli - Il vero libro dei sogni
Loggetta,,2,119,1881 Capacelli - Il vero libro dei sogni
Loggia,,50,119,1881 Capacelli - Il vero libro dei sogni
Loggiato,,60,119,1881 Capacelli - Il vero libro dei sogni
Loglio,,13,119,1881 Capacelli - Il vero libro dei sogni
Logoro,,41,119,1881 Capacelli - Il vero libro dei sogni
Lombo,,25,119,1881 Capacelli - Il vero libro dei sogni
Lombrico O Lombri,chi,64,119,1881 Capacelli - Il vero libro dei sogni
Lombrigo,,17,119,1881 Capacelli - Il vero libro dei sogni
Lontananza,,38,119,1881 Capacelli - Il vero libro dei sogni
Lonze,,90,119,1881 Capacelli - Il vero libro dei sogni
Lotta,,14,119,1881 Capacelli - Il vero libro dei sogni
Lottatori,,5,119,1881 Capacelli - Il vero libro dei sogni
Lotteria,,5,119,1881 Capacelli - Il vero libro dei sogni
"Lotto, Giuoco",,42,119,1881 Capacelli - Il vero libro dei sogni
Lucchetto,,32,119,1881 Capacelli - Il vero libro dei sogni
"Luccio, Pesce",,17,119,1881 Capacelli - Il vero libro dei sogni
Lucciuola Che Vola,,28,119,1881 Capacelli - Il vero libro dei sogni
Luccio Nero,,7,119,1881 Capacelli - Il vero libro dei sogni
Luccio Nero,rosso,30,119,1881 Capacelli - Il vero libro dei sogni
Lucerna,,68,119,1881 Capacelli - Il vero libro dei sogni
Lucerne D'olio,,61,119,1881 Capacelli - Il vero libro dei sogni
Lucerniere,,1,119,1881 Capacelli - Il vero libro dei sogni
Lucernina,d'argento,5,119,1881 Capacelli - Il vero libro dei sogni
Lucernina,d'ottone,11,119,1881 Capacelli - Il vero libro dei sogni
Lucertola,,5,119,1881 Capacelli - Il vero libro dei sogni
Lucertole,,29,119,1881 Capacelli - Il vero libro dei sogni
Lucherino,uccello,74,119,1881 Capacelli - Il vero libro dei sogni
"Lucifero, Stella",,70,119,1881 Capacelli - Il vero libro dei sogni
"Lucifero, Stella",demonio,15,119,1881 Capacelli - Il vero libro dei sogni
Lucignolo,,25,119,1881 Capacelli - Il vero libro dei sogni
Lugubre,,12,119,1881 Capacelli - Il vero libro dei sogni
"Lui, Uccello",,34,119,1881 Capacelli - Il vero libro dei sogni
Lumaca,,60,119,1881 Capacelli - Il vero libro dei sogni
Lumacone,,8,119,1881 Capacelli - Il vero libro dei sogni
Lume,,73,119,1881 Capacelli - Il vero libro dei sogni
Lume,acceso,35,119,1881 Capacelli - Il vero libro dei sogni
Lumini,,1,119,1881 Capacelli - Il vero libro dei sogni
Luminelli,,46,119,1881 Capacelli - Il vero libro dei sogni
Lumiera E Lumiere,,12,119,1881 Capacelli - Il vero libro dei sogni
Luna,,80,119,1881 Capacelli - Il vero libro dei sogni
Luna,quarto,2,119,1881 Capacelli - Il vero libro dei sogni
Luna,piena,9,119,1881 Capacelli - Il vero libro dei sogni
Luna,mancante,18,119,1881 Capacelli - Il vero libro dei sogni
Lunario,,71,119,1881 Capacelli - Il vero libro dei sogni
Lunatico,,81,119,1881 Capacelli - Il vero libro dei sogni
Lunette,,3,119,1881 Capacelli - Il vero libro dei sogni
Lunghezza,,25 65,119,1881 Capacelli - Il vero libro dei sogni
Luogo Comune,,18,119,1881 Capacelli - Il vero libro dei sogni
Luogotenente,,19,119,1881 Capacelli - Il vero libro dei sogni
Luogotenente,d'armata,29,119,1881 Capacelli - Il vero libro dei sogni
Luogotenente,di polizia,58,119,1881 Capacelli - Il vero libro dei sogni
Lupanare,o chiasso,29,119,1881 Capacelli - Il vero libro dei sogni
Lupinaio,,22,119,1881 Capacelli - Il vero libro dei sogni
Lupi,,32,119,1881 Capacelli - Il vero libro dei sogni
Lupini,,8,120,1881 Capacelli - Il vero libro dei sogni
Lustro Di Cristallo,,21,120,1881 Capacelli - Il vero libro dei sogni
Luposolo,,52,120,1881 Capacelli - Il vero libro dei sogni
Luposolo,qualunque,13,120,1881 Capacelli - Il vero libro dei sogni
Luposolo,cerviero,43,120,1881 Capacelli - Il vero libro dei sogni
Lustrino,,75,120,1881 Capacelli - Il vero libro dei sogni
"Lupolini, Erba",,56,120,1881 Capacelli - Il vero libro dei sogni
Luterano,,28,120,1881 Capacelli - Il vero libro dei sogni
Lusso O Lussuria,,35,120,1881 Capacelli - Il vero libro dei sogni
Lutto,,69,120,1881 Capacelli - Il vero libro dei sogni
Lustrare,,65,120,1881 Capacelli - Il vero libro dei sogni
Maccheronara,,38,120,1881 Capacelli - Il vero libro dei sogni
Madrigale,,44,120,1881 Capacelli - Il vero libro dei sogni
Maccheronaro,,44,120,1881 Capacelli - Il vero libro dei sogni
Maestra,,49,120,1881 Capacelli - Il vero libro dei sogni
Maccheronata,,38,120,1881 Capacelli - Il vero libro dei sogni
Maccheroni,,52,120,1881 Capacelli - Il vero libro dei sogni
Maccheroni,scrivere,43,120,1881 Capacelli - Il vero libro dei sogni
Macchia V,,84,120,1881 Capacelli - Il vero libro dei sogni
Macchia V,di ballo,29,120,1881 Capacelli - Il vero libro dei sogni
Macchia V,siepe,84,120,1881 Capacelli - Il vero libro dei sogni
Macchia V,di casa,62,120,1881 Capacelli - Il vero libro dei sogni
Macchia V,nella veste,72,120,1881 Capacelli - Il vero libro dei sogni
Macchia V,di scherma,23,120,1881 Capacelli - Il vero libro dei sogni
Macchiato,,64,120,1881 Capacelli - Il vero libro dei sogni
Macchiato,di scuola,5 7,120,1881 Capacelli - Il vero libro dei sogni
Macchiavellica,,40,120,1881 Capacelli - Il vero libro dei sogni
Macchiavellica,di lingue,69,120,1881 Capacelli - Il vero libro dei sogni
Macce,,7,120,1881 Capacelli - Il vero libro dei sogni
Macce,di cerimonie,66,120,1881 Capacelli - Il vero libro dei sogni
Maccellaro,,33,120,1881 Capacelli - Il vero libro dei sogni
Maga,,56,120,1881 Capacelli - Il vero libro dei sogni
Macellaio,,10,120,1881 Capacelli - Il vero libro dei sogni
Magazziniera,,57,120,1881 Capacelli - Il vero libro dei sogni
Macelli,,66,120,1881 Capacelli - Il vero libro dei sogni
Magazziniere,,49,120,1881 Capacelli - Il vero libro dei sogni
Macello,,75,120,1881 Capacelli - Il vero libro dei sogni
Magazzino,,33,120,1881 Capacelli - Il vero libro dei sogni
Macerazione,,22,120,1881 Capacelli - Il vero libro dei sogni
"Maggiorana, Erba Odo Macigno",,76,120,1881 Capacelli - Il vero libro dei sogni
"Maggiorana, Erba Odo Macigno",rifera,21,120,1881 Capacelli - Il vero libro dei sogni
Macina E Macine,,4,120,1881 Capacelli - Il vero libro dei sogni
Maggiordomo,,6,120,1881 Capacelli - Il vero libro dei sogni
Macinar Grano,,77,120,1881 Capacelli - Il vero libro dei sogni
Maggiore,,67,120,1881 Capacelli - Il vero libro dei sogni
Maggiore,colori,5,120,1881 Capacelli - Il vero libro dei sogni
Maghero,,6,120,1881 Capacelli - Il vero libro dei sogni
Maghero,tabacco,17,120,1881 Capacelli - Il vero libro dei sogni
Magia,,46,120,1881 Capacelli - Il vero libro dei sogni
Macinatoio,,47,120,1881 Capacelli - Il vero libro dei sogni
Magistrato,,8,120,1881 Capacelli - Il vero libro dei sogni
Madia D'animale,,9,120,1881 Capacelli - Il vero libro dei sogni
Magli,,6,120,1881 Capacelli - Il vero libro dei sogni
Magli,con pane,16,120,1881 Capacelli - Il vero libro dei sogni
Magli,da trucco,5,120,1881 Capacelli - Il vero libro dei sogni
Madonna Dipinta,,8,120,1881 Capacelli - Il vero libro dei sogni
Magli Oli,,36,120,1881 Capacelli - Il vero libro dei sogni
Magli Oli,e suocera,54,120,1881 Capacelli - Il vero libro dei sogni
Magno,,6,120,1881 Capacelli - Il vero libro dei sogni
Madre,,19,120,1881 Capacelli - Il vero libro dei sogni
Magnificenza,,77,120,1881 Capacelli - Il vero libro dei sogni
Madreperla,,80,120,1881 Capacelli - Il vero libro dei sogni
Mago,,44,120,1881 Capacelli - Il vero libro dei sogni
Magre G,,5,121,1881 Capacelli - Il vero libro dei sogni
Magrezza,,45,121,1881 Capacelli - Il vero libro dei sogni
Magri,,60,121,1881 Capacelli - Il vero libro dei sogni
Magro,,26,121,1881 Capacelli - Il vero libro dei sogni
Maiale E Maiali,,11,121,1881 Capacelli - Il vero libro dei sogni
Maiorasco,,45,121,1881 Capacelli - Il vero libro dei sogni
Maiolica,,54,121,1881 Capacelli - Il vero libro dei sogni
Malandrino,,52,121,1881 Capacelli - Il vero libro dei sogni
Malacreanza,,27,121,1881 Capacelli - Il vero libro dei sogni
Maladire,,62,121,1881 Capacelli - Il vero libro dei sogni
Malanno,,63,121,1881 Capacelli - Il vero libro dei sogni
Malato,o malati,75,121,1881 Capacelli - Il vero libro dei sogni
Malattia Qualunque,,46,121,1881 Capacelli - Il vero libro dei sogni
Malaugurio,,40,121,1881 Capacelli - Il vero libro dei sogni
Maledetto,,83,121,1881 Capacelli - Il vero libro dei sogni
Maledizione,,78,121,1881 Capacelli - Il vero libro dei sogni
Maleducato,,52,121,1881 Capacelli - Il vero libro dei sogni
Mal Di Testa,,49,121,1881 Capacelli - Il vero libro dei sogni
Mal Di Testa,di denti,32,121,1881 Capacelli - Il vero libro dei sogni
Mal Di Testa,di stomaco,7,121,1881 Capacelli - Il vero libro dei sogni
Mal Di Testa,d'occhi,79,121,1881 Capacelli - Il vero libro dei sogni
Mal Di Testa,di petto,57,121,1881 Capacelli - Il vero libro dei sogni
Mal Di Testa,venereo,2 80,121,1881 Capacelli - Il vero libro dei sogni
Malfattore,,7,121,1881 Capacelli - Il vero libro dei sogni
Malia,,14,121,1881 Capacelli - Il vero libro dei sogni
Maliardo,,1,121,1881 Capacelli - Il vero libro dei sogni
Maligno,,48,121,1881 Capacelli - Il vero libro dei sogni
Malinconico,,51,121,1881 Capacelli - Il vero libro dei sogni
Malva,,80,121,1881 Capacelli - Il vero libro dei sogni
"Malvasia, O Malvagia",,3 35 49,121,1881 Capacelli - Il vero libro dei sogni
Malvivente,,64,121,1881 Capacelli - Il vero libro dei sogni
Mammana,,44,121,1881 Capacelli - Il vero libro dei sogni
Mammella Sola,,2,121,1881 Capacelli - Il vero libro dei sogni
Mammelle,,5,121,1881 Capacelli - Il vero libro dei sogni
Mammelle,piene di latte,80,121,1881 Capacelli - Il vero libro dei sogni
Manata,,8,121,1881 Capacelli - Il vero libro dei sogni
Mancia,,84,121,1881 Capacelli - Il vero libro dei sogni
Mancino,,90,121,1881 Capacelli - Il vero libro dei sogni
Mandorlato,,60,121,1881 Capacelli - Il vero libro dei sogni
Mandorline,,69,121,1881 Capacelli - Il vero libro dei sogni
Mandorlino,,20,121,1881 Capacelli - Il vero libro dei sogni
Mandorlo,,9,121,1881 Capacelli - Il vero libro dei sogni
Mandra,,59,121,1881 Capacelli - Il vero libro dei sogni
Maneggiar Effetti,,77,121,1881 Capacelli - Il vero libro dei sogni
Manescalca,,80,121,1881 Capacelli - Il vero libro dei sogni
Manescalco,,4,121,1881 Capacelli - Il vero libro dei sogni
Manette,,35,121,1881 Capacelli - Il vero libro dei sogni
Mangaaatore,,83,121,1881 Capacelli - Il vero libro dei sogni
Mangiare,,58,121,1881 Capacelli - Il vero libro dei sogni
Mangiare,carne,39,121,1881 Capacelli - Il vero libro dei sogni
Mangiare,pane ed altro,6,121,1881 Capacelli - Il vero libro dei sogni
Mangiare,formaggio,32,121,1881 Capacelli - Il vero libro dei sogni
Mangiare,frutta od insal,18,121,1881 Capacelli - Il vero libro dei sogni
Mangiatoia,,30,121,1881 Capacelli - Il vero libro dei sogni
Mani Fredde,,83,121,1881 Capacelli - Il vero libro dei sogni
Mania,,69,121,1881 Capacelli - Il vero libro dei sogni
Manichetti,,37,121,1881 Capacelli - Il vero libro dei sogni
Manichini,,31,121,1881 Capacelli - Il vero libro dei sogni
Manicottara E Manicot- Taro,,64,121,1881 Capacelli - Il vero libro dei sogni
Manicotti,,73,121,1881 Capacelli - Il vero libro dei sogni
Manicotto,,10,121,1881 Capacelli - Il vero libro dei sogni
Manicotto,di pelo,69,121,1881 Capacelli - Il vero libro dei sogni
Manicotto,di velluto,80,121,1881 Capacelli - Il vero libro dei sogni
Manicotto,di seta,6,121,1881 Capacelli - Il vero libro dei sogni
Maniglie,,7,121,1881 Capacelli - Il vero libro dei sogni
Manigoldo,,7,121,1881 Capacelli - Il vero libro dei sogni
Manina,,54,121,1881 Capacelli - Il vero libro dei sogni
Manipolare,,48,121,1881 Capacelli - Il vero libro dei sogni
Manipolo,,10,121,1881 Capacelli - Il vero libro dei sogni
Manizza,,40,121,1881 Capacelli - Il vero libro dei sogni
Manizzino,,59,121,1881 Capacelli - Il vero libro dei sogni
Mano E Mani Lav,,18,121,1881 Capacelli - Il vero libro dei sogni
"Manna, Purga",,40,122,1881 Capacelli - Il vero libro dei sogni
Mannaia,,6,122,1881 Capacelli - Il vero libro dei sogni
Mannarino,,7,122,1881 Capacelli - Il vero libro dei sogni
Manoscritto,,49,122,1881 Capacelli - Il vero libro dei sogni
Manovale,,2,122,1881 Capacelli - Il vero libro dei sogni
Mantecca,,38,122,1881 Capacelli - Il vero libro dei sogni
Mantellinoda Donna,,73,122,1881 Capacelli - Il vero libro dei sogni
Mantellini,,44,122,1881 Capacelli - Il vero libro dei sogni
Manto,,1 76,122,1881 Capacelli - Il vero libro dei sogni
Manto,imperiale,62,122,1881 Capacelli - Il vero libro dei sogni
Manto,reale,4,122,1881 Capacelli - Il vero libro dei sogni
Mantello,,59,122,1881 Capacelli - Il vero libro dei sogni
Mantello,con pelliccia,52,122,1881 Capacelli - Il vero libro dei sogni
Mantice,,89,122,1881 Capacelli - Il vero libro dei sogni
Manzo,,22,122,1881 Capacelli - Il vero libro dei sogni
Mantiglia,,15,122,1881 Capacelli - Il vero libro dei sogni
Mantiglione,,30,122,1881 Capacelli - Il vero libro dei sogni
Mappamondo,,17,122,1881 Capacelli - Il vero libro dei sogni
Mappe Di Melica,,18,122,1881 Capacelli - Il vero libro dei sogni
"Marasche , Vedi Ci",,46,122,1881 Capacelli - Il vero libro dei sogni
"Marasche , Vedi Ci",liege Maraviglia,72,122,1881 Capacelli - Il vero libro dei sogni
"Marasche , Vedi Ci","di Spagna , fiore",26,122,1881 Capacelli - Il vero libro dei sogni
Maraviglioso,,11,122,1881 Capacelli - Il vero libro dei sogni
Marca,,18,122,1881 Capacelli - Il vero libro dei sogni
Marca,d'oro,59,122,1881 Capacelli - Il vero libro dei sogni
Marca,d'argento,69,122,1881 Capacelli - Il vero libro dei sogni
Marca,di rame,79,122,1881 Capacelli - Il vero libro dei sogni
Marcare,,31,122,1881 Capacelli - Il vero libro dei sogni
Marchesa,,4,122,1881 Capacelli - Il vero libro dei sogni
Marchesato,,55,122,1881 Capacelli - Il vero libro dei sogni
Marchesi,,7,122,1881 Capacelli - Il vero libro dei sogni
Marchio,,66,122,1881 Capacelli - Il vero libro dei sogni
Marchio,ai malviventi,16,122,1881 Capacelli - Il vero libro dei sogni
Marcia,,70,122,1881 Capacelli - Il vero libro dei sogni
Marciare Con Proni,,5,122,1881 Capacelli - Il vero libro dei sogni
Marciare Al Rovescio Od,a rinculone,71,122,1881 Capacelli - Il vero libro dei sogni
Marciare Al Rovescio Od,a tentone,72,122,1881 Capacelli - Il vero libro dei sogni
Marciare Al Rovescio Od,sull'acqua,81,122,1881 Capacelli - Il vero libro dei sogni
Marciare Al Rovescio Od,colle stampelle,63,122,1881 Capacelli - Il vero libro dei sogni
Marciume,,70,122,1881 Capacelli - Il vero libro dei sogni
Marciume,verminoso,2,122,1881 Capacelli - Il vero libro dei sogni
Mare,,5,122,1881 Capacelli - Il vero libro dei sogni
Mare,burrascoso,58,122,1881 Capacelli - Il vero libro dei sogni
Marelle Di Filo,,12,122,1881 Capacelli - Il vero libro dei sogni
Marelle Di Filo,di seta,19,122,1881 Capacelli - Il vero libro dei sogni
Marelle Di Filo,qualunque,31,122,1881 Capacelli - Il vero libro dei sogni
Maremma,,21,122,1881 Capacelli - Il vero libro dei sogni
Maresciallo,,46,122,1881 Capacelli - Il vero libro dei sogni
Maresciallo,ferrante,7,122,1881 Capacelli - Il vero libro dei sogni
Maresciallo,d'armata,90,122,1881 Capacelli - Il vero libro dei sogni
Margara,,36,122,1881 Capacelli - Il vero libro dei sogni
"Margaritini, Fiori",,56,122,1881 Capacelli - Il vero libro dei sogni
Margaro,,87,122,1881 Capacelli - Il vero libro dei sogni
Margherita,,21,122,1881 Capacelli - Il vero libro dei sogni
"Margherite, Pietre Pre",ziose,60,122,1881 Capacelli - Il vero libro dei sogni
Margotto,,1,122,1881 Capacelli - Il vero libro dei sogni
Marignani,,7,122,1881 Capacelli - Il vero libro dei sogni
Marina O Veduta Di Ma,re,70 82,122,1881 Capacelli - Il vero libro dei sogni
Marinaro Qualunque,,88,122,1881 Capacelli - Il vero libro dei sogni
Mariniera,,32,122,1881 Capacelli - Il vero libro dei sogni
Marionette,,77,122,1881 Capacelli - Il vero libro dei sogni
Marionette,che ballano,65,122,1881 Capacelli - Il vero libro dei sogni
Maritaggio,,65,122,1881 Capacelli - Il vero libro dei sogni
Mariti D'ottone,,41,122,1881 Capacelli - Il vero libro dei sogni
Mariti D'ottone,di rame,87,122,1881 Capacelli - Il vero libro dei sogni
Mariti D'ottone,di terra,10,122,1881 Capacelli - Il vero libro dei sogni
Marito,,6,122,1881 Capacelli - Il vero libro dei sogni
Marito,di nome,87,122,1881 Capacelli - Il vero libro dei sogni
Marito,e moglie,63,122,1881 Capacelli - Il vero libro dei sogni
Marmaglia,,56,123,1881 Capacelli - Il vero libro dei sogni
Marmellata,,88,123,1881 Capacelli - Il vero libro dei sogni
Marmitta,,11,123,1881 Capacelli - Il vero libro dei sogni
Marmitta,che bolle,66,123,1881 Capacelli - Il vero libro dei sogni
Marmo Qualunque,,3,123,1881 Capacelli - Il vero libro dei sogni
Marmoreggiato,,9,123,1881 Capacelli - Il vero libro dei sogni
Marmotta,,11,123,1881 Capacelli - Il vero libro dei sogni
Marmotte,,88,123,1881 Capacelli - Il vero libro dei sogni
Marocchino,,58,123,1881 Capacelli - Il vero libro dei sogni
Marra,,71,123,1881 Capacelli - Il vero libro dei sogni
Marroni,,36,123,1881 Capacelli - Il vero libro dei sogni
Marroni,secche,8,123,1881 Capacelli - Il vero libro dei sogni
Martellata,,82,123,1881 Capacelli - Il vero libro dei sogni
Martello,,7,123,1881 Capacelli - Il vero libro dei sogni
Martinaccio,,21,123,1881 Capacelli - Il vero libro dei sogni
Martiri,,74,123,1881 Capacelli - Il vero libro dei sogni
Martirio,,86,123,1881 Capacelli - Il vero libro dei sogni
Martirizzare,,30,123,1881 Capacelli - Il vero libro dei sogni
Martora,,22,123,1881 Capacelli - Il vero libro dei sogni
Marzapane,,43,123,1881 Capacelli - Il vero libro dei sogni
Masca,e masche,56,123,1881 Capacelli - Il vero libro dei sogni
Mascaroni,,86,123,1881 Capacelli - Il vero libro dei sogni
Mascarpa,,10,123,1881 Capacelli - Il vero libro dei sogni
Maschera,,26,123,1881 Capacelli - Il vero libro dei sogni
Mascherala,,53,123,1881 Capacelli - Il vero libro dei sogni
Mascherato,,69,123,1881 Capacelli - Il vero libro dei sogni
Maschere,,19,123,1881 Capacelli - Il vero libro dei sogni
Maschio,,68,123,1881 Capacelli - Il vero libro dei sogni
Mascone,,75,123,1881 Capacelli - Il vero libro dei sogni
Massacrare,,34,123,1881 Capacelli - Il vero libro dei sogni
Massai,,35,123,1881 Capacelli - Il vero libro dei sogni
Massari,,2,123,1881 Capacelli - Il vero libro dei sogni
Massaro,,48,123,1881 Capacelli - Il vero libro dei sogni
Masserizie,,12,123,1881 Capacelli - Il vero libro dei sogni
Mastino Cane,,12,123,1881 Capacelli - Il vero libro dei sogni
Mastrillo,,14,123,1881 Capacelli - Il vero libro dei sogni
Matassa Di Seta,,18,123,1881 Capacelli - Il vero libro dei sogni
Matassa,di lino,31,123,1881 Capacelli - Il vero libro dei sogni
Materassa,,52,123,1881 Capacelli - Il vero libro dei sogni
Materassara,,75,123,1881 Capacelli - Il vero libro dei sogni
Materassaro,,2,123,1881 Capacelli - Il vero libro dei sogni
Materasso,,25,123,1881 Capacelli - Il vero libro dei sogni
Matematico,,37,123,1881 Capacelli - Il vero libro dei sogni
Materia,,55,123,1881 Capacelli - Il vero libro dei sogni
Materello Da Paste,,1,123,1881 Capacelli - Il vero libro dei sogni
Mattino,o mattutino,53,123,1881 Capacelli - Il vero libro dei sogni
Matricale,,59,123,1881 Capacelli - Il vero libro dei sogni
Matrice,,16,123,1881 Capacelli - Il vero libro dei sogni
Matricida,,48,123,1881 Capacelli - Il vero libro dei sogni
Matricolato,,69,123,1881 Capacelli - Il vero libro dei sogni
Matrimonio,,18,123,1881 Capacelli - Il vero libro dei sogni
Matrigna,,58,123,1881 Capacelli - Il vero libro dei sogni
Matrona,,73,123,1881 Capacelli - Il vero libro dei sogni
Matto,,36,123,1881 Capacelli - Il vero libro dei sogni
Mattone,,53,123,1881 Capacelli - Il vero libro dei sogni
Mattonare,,2,123,1881 Capacelli - Il vero libro dei sogni
Mausoleo,,3,123,1881 Capacelli - Il vero libro dei sogni
Mazza,,90,123,1881 Capacelli - Il vero libro dei sogni
Mazzata,,41,123,1881 Capacelli - Il vero libro dei sogni
Mazzette Qualunque,,72,123,1881 Capacelli - Il vero libro dei sogni
Mazzette Qualunque,di lino,41,123,1881 Capacelli - Il vero libro dei sogni
Mazzette Qualunque,di rista,26,123,1881 Capacelli - Il vero libro dei sogni
Mazzette Qualunque,di Terde qual,58,123,1881 Capacelli - Il vero libro dei sogni
Mazzi Di Bucato O Lisci,va,46,123,1881 Capacelli - Il vero libro dei sogni
Mazziere E Mazzieri,,12,123,1881 Capacelli - Il vero libro dei sogni
Mazzo,,54,123,1881 Capacelli - Il vero libro dei sogni
Mazzolini Di Seta,,81,123,1881 Capacelli - Il vero libro dei sogni
Mazzolini Di Seta,di fiori,40,123,1881 Capacelli - Il vero libro dei sogni
Meccanico,,87,123,1881 Capacelli - Il vero libro dei sogni
Medaglia,,6,124,1881 Capacelli - Il vero libro dei sogni
Medaglia,d'oro,59,124,1881 Capacelli - Il vero libro dei sogni
Medaglia,di rame,64,124,1881 Capacelli - Il vero libro dei sogni
Medaglia,qualunque,39,124,1881 Capacelli - Il vero libro dei sogni
Medagliaro,,55,124,1881 Capacelli - Il vero libro dei sogni
Medaglie,,47,124,1881 Capacelli - Il vero libro dei sogni
Medaglione,,3,124,1881 Capacelli - Il vero libro dei sogni
Mediatore,,14,124,1881 Capacelli - Il vero libro dei sogni
Medicare,,77,124,1881 Capacelli - Il vero libro dei sogni
Medicare,una piaga,7,124,1881 Capacelli - Il vero libro dei sogni
Medicazione,,46,124,1881 Capacelli - Il vero libro dei sogni
Medici,,13,124,1881 Capacelli - Il vero libro dei sogni
Medici,in consulta,27,124,1881 Capacelli - Il vero libro dei sogni
Medicina Qualunq,,85,124,1881 Capacelli - Il vero libro dei sogni
Medico,,59,124,1881 Capacelli - Il vero libro dei sogni
Medico,che visita malato,13 52,124,1881 Capacelli - Il vero libro dei sogni
"Medicare, Meditazione",,4,124,1881 Capacelli - Il vero libro dei sogni
Mediatore E Mediatrice,,14 42,124,1881 Capacelli - Il vero libro dei sogni
Meta,,2 77,124,1881 Capacelli - Il vero libro dei sogni
Melange Colore,,57,124,1881 Capacelli - Il vero libro dei sogni
Melacotegna,,15,124,1881 Capacelli - Il vero libro dei sogni
Melagrana,,30,124,1881 Capacelli - Il vero libro dei sogni
Melagrano,,57,124,1881 Capacelli - Il vero libro dei sogni
Melangolaro *,,4,124,1881 Capacelli - Il vero libro dei sogni
Melangoli,,12,124,1881 Capacelli - Il vero libro dei sogni
Melerancio,,15,124,1881 Capacelli - Il vero libro dei sogni
Mele Qualunque,,22,124,1881 Capacelli - Il vero libro dei sogni
Mele Qualunque,rosse,37,124,1881 Capacelli - Il vero libro dei sogni
Meliache,,69,124,1881 Capacelli - Il vero libro dei sogni
Meliga,,80,124,1881 Capacelli - Il vero libro dei sogni
"Melissa, Spirito",,20,124,1881 Capacelli - Il vero libro dei sogni
Melonare,,11,124,1881 Capacelli - Il vero libro dei sogni
Melone,,33,124,1881 Capacelli - Il vero libro dei sogni
Meloni,,50,124,1881 Capacelli - Il vero libro dei sogni
Meluccie E Meluaz,,89,124,1881 Capacelli - Il vero libro dei sogni
Membrana,,14,124,1881 Capacelli - Il vero libro dei sogni
Membro,del corpo,28,124,1881 Capacelli - Il vero libro dei sogni
Membro,della donna,14,124,1881 Capacelli - Il vero libro dei sogni
Membro,qualunque,90,124,1881 Capacelli - Il vero libro dei sogni
Memoria,,20,124,1881 Capacelli - Il vero libro dei sogni
Memoriale,,38,124,1881 Capacelli - Il vero libro dei sogni
Menarrosto,,8,124,1881 Capacelli - Il vero libro dei sogni
Menatoio,,81,124,1881 Capacelli - Il vero libro dei sogni
Mendace,,3,124,1881 Capacelli - Il vero libro dei sogni
Mendicare,,17,124,1881 Capacelli - Il vero libro dei sogni
Mendico,,2,124,1881 Capacelli - Il vero libro dei sogni
"Menta, Erba",,5,124,1881 Capacelli - Il vero libro dei sogni
Mensola,,68,124,1881 Capacelli - Il vero libro dei sogni
Mente,,10,124,1881 Capacelli - Il vero libro dei sogni
Menteccato,,4,124,1881 Capacelli - Il vero libro dei sogni
Mento Qualunque,,33,124,1881 Capacelli - Il vero libro dei sogni
Menzogna,,31,124,1881 Capacelli - Il vero libro dei sogni
Menzognero,,44,124,1881 Capacelli - Il vero libro dei sogni
"Merangoli, Fiori",,47,124,1881 Capacelli - Il vero libro dei sogni
Mercante Qualunque,,3,124,1881 Capacelli - Il vero libro dei sogni
Mercante Qualunque,di sapone,78,124,1881 Capacelli - Il vero libro dei sogni
Mercante Qualunque,di grano,71,124,1881 Capacelli - Il vero libro dei sogni
Mercante Qualunque,di vino,72,124,1881 Capacelli - Il vero libro dei sogni
Mercante Qualunque,di legna,26,124,1881 Capacelli - Il vero libro dei sogni
Mercante Qualunque,di chincaglieria,69,124,1881 Capacelli - Il vero libro dei sogni
Mercante Qualunque,di cioccolatta,43,124,1881 Capacelli - Il vero libro dei sogni
Mercante Qualunque,di formaggio,28,124,1881 Capacelli - Il vero libro dei sogni
Mercante Qualunque,di calzette,1,124,1881 Capacelli - Il vero libro dei sogni
Mercante Qualunque,di candele,50,124,1881 Capacelli - Il vero libro dei sogni
Mercante Qualunque,di cappelli,2,124,1881 Capacelli - Il vero libro dei sogni
Mercante Qualunque,di coltelli,5,124,1881 Capacelli - Il vero libro dei sogni
Mercanzia,,3,124,1881 Capacelli - Il vero libro dei sogni
Mereantina,,14,124,1881 Capacelli - Il vero libro dei sogni
Mercantino,,72,124,1881 Capacelli - Il vero libro dei sogni
Mercato,,63,124,1881 Capacelli - Il vero libro dei sogni
Mercato,viveri,88,124,1881 Capacelli - Il vero libro dei sogni
Mercenario,,28,124,1881 Capacelli - Il vero libro dei sogni
Merci,,10,125,1881 Capacelli - Il vero libro dei sogni
Mereiaio,,26,125,1881 Capacelli - Il vero libro dei sogni
Mercurio,,32,125,1881 Capacelli - Il vero libro dei sogni
Mercurizzato,,3,125,1881 Capacelli - Il vero libro dei sogni
Merda,,9,125,1881 Capacelli - Il vero libro dei sogni
Merenda E Merende,,10,125,1881 Capacelli - Il vero libro dei sogni
Meretrice,,78,125,1881 Capacelli - Il vero libro dei sogni
Meriggio,,45,125,1881 Capacelli - Il vero libro dei sogni
Merla,,68,125,1881 Capacelli - Il vero libro dei sogni
Merlano,,77,125,1881 Capacelli - Il vero libro dei sogni
Merlettare,,3,125,1881 Capacelli - Il vero libro dei sogni
Merletti,,22,125,1881 Capacelli - Il vero libro dei sogni
Merli,,14,125,1881 Capacelli - Il vero libro dei sogni
Merlo,,4 14,125,1881 Capacelli - Il vero libro dei sogni
Merlotti,,76,125,1881 Capacelli - Il vero libro dei sogni
Merluzzi,,5,125,1881 Capacelli - Il vero libro dei sogni
Merluzzo,,5,125,1881 Capacelli - Il vero libro dei sogni
Mescere,,89,125,1881 Capacelli - Il vero libro dei sogni
Mescolamento,,34,125,1881 Capacelli - Il vero libro dei sogni
Messa,,26,125,1881 Capacelli - Il vero libro dei sogni
Messa,cantata,34,125,1881 Capacelli - Il vero libro dei sogni
Messaggere,,19,125,1881 Capacelli - Il vero libro dei sogni
Messale,,6,125,1881 Capacelli - Il vero libro dei sogni
Messo,,84,125,1881 Capacelli - Il vero libro dei sogni
Mesticatore,,16,125,1881 Capacelli - Il vero libro dei sogni
Mestola Da Giuocar Alla,palla,8,125,1881 Capacelli - Il vero libro dei sogni
Mestruo,,5,125,1881 Capacelli - Il vero libro dei sogni
Meta,o mete,9,125,1881 Capacelli - Il vero libro dei sogni
Metà O Mettaria,,17,125,1881 Capacelli - Il vero libro dei sogni
Metallo Qualunque,,5,125,1881 Capacelli - Il vero libro dei sogni
Mezzalana,,80,125,1881 Capacelli - Il vero libro dei sogni
Mezzano Di Cambi,,79,125,1881 Capacelli - Il vero libro dei sogni
Mezzano Di Cambi,d'amore,9,125,1881 Capacelli - Il vero libro dei sogni
Mezzanotte,,12,125,1881 Capacelli - Il vero libro dei sogni
Mezzina,,26,125,1881 Capacelli - Il vero libro dei sogni
Mezzogiorno D,,7,125,1881 Capacelli - Il vero libro dei sogni
Mezzule,,76,125,1881 Capacelli - Il vero libro dei sogni
Miagolare,,8,125,1881 Capacelli - Il vero libro dei sogni
Miccio,,26,125,1881 Capacelli - Il vero libro dei sogni
Micchie,,10,125,1881 Capacelli - Il vero libro dei sogni
Miccione,,82,125,1881 Capacelli - Il vero libro dei sogni
Micotti,,6,125,1881 Capacelli - Il vero libro dei sogni
Microscopio,,47,125,1881 Capacelli - Il vero libro dei sogni
Midollo,,39,125,1881 Capacelli - Il vero libro dei sogni
Miele,,22,125,1881 Capacelli - Il vero libro dei sogni
Mietitore,,3,125,1881 Capacelli - Il vero libro dei sogni
Migliaia Qualunque,,90,125,1881 Capacelli - Il vero libro dei sogni
Migliacci,,10,125,1881 Capacelli - Il vero libro dei sogni
Migliaccio,,20,125,1881 Capacelli - Il vero libro dei sogni
Miglia,,13,125,1881 Capacelli - Il vero libro dei sogni
Mignatta,,3,125,1881 Capacelli - Il vero libro dei sogni
Milanese,,13,125,1881 Capacelli - Il vero libro dei sogni
Militare,,87,125,1881 Capacelli - Il vero libro dei sogni
Militari,,2 65,125,1881 Capacelli - Il vero libro dei sogni
Milordi,,40,125,1881 Capacelli - Il vero libro dei sogni
Milza,,65,125,1881 Capacelli - Il vero libro dei sogni
Mina,,44,125,1881 Capacelli - Il vero libro dei sogni
Minaccia,,73,125,1881 Capacelli - Il vero libro dei sogni
Minare,,15,125,1881 Capacelli - Il vero libro dei sogni
Minerale,,34,125,1881 Capacelli - Il vero libro dei sogni
Minestra Qualun' ;;?,,7,125,1881 Capacelli - Il vero libro dei sogni
Minestra Qualun' ;;?,di pasta,75,125,1881 Capacelli - Il vero libro dei sogni
Mingrana,,9,125,1881 Capacelli - Il vero libro dei sogni
Miniare,,78,125,1881 Capacelli - Il vero libro dei sogni
Miniatore,,69,125,1881 Capacelli - Il vero libro dei sogni
Miniatrice,,33,125,1881 Capacelli - Il vero libro dei sogni
Miniera,,78,125,1881 Capacelli - Il vero libro dei sogni
"Minio, Colore Ministro",,5,125,1881 Capacelli - Il vero libro dei sogni
Miracolo,,4,125,1881 Capacelli - Il vero libro dei sogni
Mirra,,39,126,1881 Capacelli - Il vero libro dei sogni
Monaca,,13,126,1881 Capacelli - Il vero libro dei sogni
"Mirto, Albero",,48,126,1881 Capacelli - Il vero libro dei sogni
Monaco,,43,126,1881 Capacelli - Il vero libro dei sogni
Miscie,,31,126,1881 Capacelli - Il vero libro dei sogni
Monarca,,23,126,1881 Capacelli - Il vero libro dei sogni
Miserabile,,15,126,1881 Capacelli - Il vero libro dei sogni
Monastero,,66,126,1881 Capacelli - Il vero libro dei sogni
Miseria,,55,126,1881 Capacelli - Il vero libro dei sogni
Monata,,69,126,1881 Capacelli - Il vero libro dei sogni
Misericordia O Compas Moncenisio,,89,126,1881 Capacelli - Il vero libro dei sogni
Misericordia O Compas Moncenisio,sione,1,126,1881 Capacelli - Il vero libro dei sogni
Mondar,cose,53,126,1881 Capacelli - Il vero libro dei sogni
Misfatto,,66,126,1881 Capacelli - Il vero libro dei sogni
Mondizie,,79,126,1881 Capacelli - Il vero libro dei sogni
Missionario E Missione Mondo,,85,126,1881 Capacelli - Il vero libro dei sogni
Moneta D'argento,,73,126,1881 Capacelli - Il vero libro dei sogni
Mistero O Misteri,,71,126,1881 Capacelli - Il vero libro dei sogni
Mistero O Misteri,d'oro,25,126,1881 Capacelli - Il vero libro dei sogni
Mistero O Misteri,lunque,88,126,1881 Capacelli - Il vero libro dei sogni
Mistero O Misteri,qualunque,26,126,1881 Capacelli - Il vero libro dei sogni
Mitra,,18,126,1881 Capacelli - Il vero libro dei sogni
Monestiere,,53,126,1881 Capacelli - Il vero libro dei sogni
Mitrato,,49,126,1881 Capacelli - Il vero libro dei sogni
Monile,,2,126,1881 Capacelli - Il vero libro dei sogni
Misererò,,50,126,1881 Capacelli - Il vero libro dei sogni
Monna,r. Scimia,17,126,1881 Capacelli - Il vero libro dei sogni
Mistura Qualunque,,39,126,1881 Capacelli - Il vero libro dei sogni
Monoccolo,,48,126,1881 Capacelli - Il vero libro dei sogni
"Mitrade, Rimedio",,73,126,1881 Capacelli - Il vero libro dei sogni
Monpariglie Paste,,59,126,1881 Capacelli - Il vero libro dei sogni
Mobiglia,,39,126,1881 Capacelli - Il vero libro dei sogni
Montagna,,75,126,1881 Capacelli - Il vero libro dei sogni
Mocchette,,60,126,1881 Capacelli - Il vero libro dei sogni
Montagne,,19,126,1881 Capacelli - Il vero libro dei sogni
Moccio,,16,126,1881 Capacelli - Il vero libro dei sogni
Montanara E Mont,,41,126,1881 Capacelli - Il vero libro dei sogni
Moccolaia,,71,126,1881 Capacelli - Il vero libro dei sogni
"Montanello, Uccello",,47,126,1881 Capacelli - Il vero libro dei sogni
Moccoli,,44,126,1881 Capacelli - Il vero libro dei sogni
Montanino,,45,126,1881 Capacelli - Il vero libro dei sogni
Moccolo,,86,126,1881 Capacelli - Il vero libro dei sogni
Montatorio,,16,126,1881 Capacelli - Il vero libro dei sogni
Moda Andare,,90,126,1881 Capacelli - Il vero libro dei sogni
Monte,,52,126,1881 Capacelli - Il vero libro dei sogni
Modano,,71,126,1881 Capacelli - Il vero libro dei sogni
Modano,pio,16,126,1881 Capacelli - Il vero libro dei sogni
Modellare,,69,126,1881 Capacelli - Il vero libro dei sogni
Montinbanco,,54,126,1881 Capacelli - Il vero libro dei sogni
Modello,,7,126,1881 Capacelli - Il vero libro dei sogni
Montone,,90,126,1881 Capacelli - Il vero libro dei sogni
Moggio,,32,126,1881 Capacelli - Il vero libro dei sogni
Montuoso,,13,126,1881 Capacelli - Il vero libro dei sogni
Mogli,,3,126,1881 Capacelli - Il vero libro dei sogni
Monumento,,41,126,1881 Capacelli - Il vero libro dei sogni
Monumento,é marito,39,126,1881 Capacelli - Il vero libro dei sogni
Monviso,,90,126,1881 Capacelli - Il vero libro dei sogni
Moella,,48,126,1881 Capacelli - Il vero libro dei sogni
Mora O More,,18,126,1881 Capacelli - Il vero libro dei sogni
Molla,,22,126,1881 Capacelli - Il vero libro dei sogni
Morbido Moli Qualunque,,21,126,1881 Capacelli - Il vero libro dei sogni
Morbo,,59,126,1881 Capacelli - Il vero libro dei sogni
Morbo,da fuoco e moiette Morchia,85,126,1881 Capacelli - Il vero libro dei sogni
Mordere,,74,126,1881 Capacelli - Il vero libro dei sogni
Molioui,,83,126,1881 Capacelli - Il vero libro dei sogni
More Bianche,,70,126,1881 Capacelli - Il vero libro dei sogni
More Bianche,hte More di bruni,5,127,1881 Capacelli - Il vero libro dei sogni
More Bianche,nere suddette,5,127,1881 Capacelli - Il vero libro dei sogni
Morellini,funghi,31,127,1881 Capacelli - Il vero libro dei sogni
Moresca,,80 81,127,1881 Capacelli - Il vero libro dei sogni
Mori,,22,127,1881 Capacelli - Il vero libro dei sogni
Moria,,39,127,1881 Capacelli - Il vero libro dei sogni
Moribondi,,77,127,1881 Capacelli - Il vero libro dei sogni
Morionte,,12 47,127,1881 Capacelli - Il vero libro dei sogni
Morino,,1,127,1881 Capacelli - Il vero libro dei sogni
Morione,,3,127,1881 Capacelli - Il vero libro dei sogni
Morire,,14 38,127,1881 Capacelli - Il vero libro dei sogni
Mormorazione,,52,127,1881 Capacelli - Il vero libro dei sogni
"Moro, Albergo",,73,127,1881 Capacelli - Il vero libro dei sogni
Moro,,18 47,127,1881 Capacelli - Il vero libro dei sogni
Morse E Morsette,,11,127,1881 Capacelli - Il vero libro dei sogni
Morsicato,,9,127,1881 Capacelli - Il vero libro dei sogni
Morsicatura,,6,127,1881 Capacelli - Il vero libro dei sogni
Morso,,6,127,1881 Capacelli - Il vero libro dei sogni
Morso,da cavalli,75,127,1881 Capacelli - Il vero libro dei sogni
Morta,,33,127,1881 Capacelli - Il vero libro dei sogni
Mortadella,,6 24,127,1881 Capacelli - Il vero libro dei sogni
Mortaio,,42 78,127,1881 Capacelli - Il vero libro dei sogni
Mortali,,14,127,1881 Capacelli - Il vero libro dei sogni
Morte,,27 47,127,1881 Capacelli - Il vero libro dei sogni
Morte,improvvisa,67 90,127,1881 Capacelli - Il vero libro dei sogni
Mortella,,26,127,1881 Capacelli - Il vero libro dei sogni
Morti Più,,13 66,127,1881 Capacelli - Il vero libro dei sogni
Mortificazione,,15,127,1881 Capacelli - Il vero libro dei sogni
Morto Baciare,,12,127,1881 Capacelli - Il vero libro dei sogni
Morto Che Cammina,,79,127,1881 Capacelli - Il vero libro dei sogni
Morto Che Cammina,che parla,47,127,1881 Capacelli - Il vero libro dei sogni
Morto Che Cammina,dissoterrato,43 47,127,1881 Capacelli - Il vero libro dei sogni
Morto Che Cammina,nella bara,4 84,127,1881 Capacelli - Il vero libro dei sogni
Morto Che Cammina,risuscitato,37,127,1881 Capacelli - Il vero libro dei sogni
Morto Che Cammina,sepolto,1,127,1881 Capacelli - Il vero libro dei sogni
Morto Che Cammina,solo,50,127,1881 Capacelli - Il vero libro dei sogni
Mortorio,,16,127,1881 Capacelli - Il vero libro dei sogni
Morvigitone,,69,127,1881 Capacelli - Il vero libro dei sogni
Mosaico,,60,127,1881 Capacelli - Il vero libro dei sogni
Mosca,sola,24,127,1881 Capacelli - Il vero libro dei sogni
Moscaroli Di Sorci,,89,127,1881 Capacelli - Il vero libro dei sogni
Moscatello,,6,127,1881 Capacelli - Il vero libro dei sogni
Moscato,,57,127,1881 Capacelli - Il vero libro dei sogni
Mosche,,29 75,127,1881 Capacelli - Il vero libro dei sogni
Mosche,al viso,40,127,1881 Capacelli - Il vero libro dei sogni
Moscherini,,87,127,1881 Capacelli - Il vero libro dei sogni
Moscherini,bianchi,79,127,1881 Capacelli - Il vero libro dei sogni
Moschea,,7,127,1881 Capacelli - Il vero libro dei sogni
Moschettare,,86,127,1881 Capacelli - Il vero libro dei sogni
Moschiame,,89,127,1881 Capacelli - Il vero libro dei sogni
Mosconi,,71 79,127,1881 Capacelli - Il vero libro dei sogni
Mossa,,20 26,127,1881 Capacelli - Il vero libro dei sogni
Mosse Di Barberi,,15,127,1881 Capacelli - Il vero libro dei sogni
Mostarda,,13 72,127,1881 Capacelli - Il vero libro dei sogni
Mosto,,89,127,1881 Capacelli - Il vero libro dei sogni
Mostra,,7,127,1881 Capacelli - Il vero libro dei sogni
Mostra,d'oriolo,50,127,1881 Capacelli - Il vero libro dei sogni
Mostro,,62,127,1881 Capacelli - Il vero libro dei sogni
Mostro,qualunque,27 51,127,1881 Capacelli - Il vero libro dei sogni
Mota,,24 66,127,1881 Capacelli - Il vero libro dei sogni
Motte,,43 55,127,1881 Capacelli - Il vero libro dei sogni
Mozzare,,77,127,1881 Capacelli - Il vero libro dei sogni
Muffa,,65,127,1881 Capacelli - Il vero libro dei sogni
Muffato,,82,127,1881 Capacelli - Il vero libro dei sogni
Mughetti,,3,127,1881 Capacelli - Il vero libro dei sogni
Muggire Mugg,,58 63,127,1881 Capacelli - Il vero libro dei sogni
Mugine,,42 47,127,1881 Capacelli - Il vero libro dei sogni
Mugnaja O Mulinara,,35,127,1881 Capacelli - Il vero libro dei sogni
Mugnaja O Mulinara,mulinare,15,127,1881 Capacelli - Il vero libro dei sogni
Mugolio,,78,127,1881 Capacelli - Il vero libro dei sogni
Mula,,77,127,1881 Capacelli - Il vero libro dei sogni
Mulattiera,,88,127,1881 Capacelli - Il vero libro dei sogni
Mulattiere,,15 61,127,1881 Capacelli - Il vero libro dei sogni
Muletti,,2,128,1881 Capacelli - Il vero libro dei sogni
Multato,,7,128,1881 Capacelli - Il vero libro dei sogni
Mulino,,85,128,1881 Capacelli - Il vero libro dei sogni
Mulino,a vento,37,128,1881 Capacelli - Il vero libro dei sogni
Mulo,e muli,77,128,1881 Capacelli - Il vero libro dei sogni
Mummia,,49,128,1881 Capacelli - Il vero libro dei sogni
Munger Capre,,33,128,1881 Capacelli - Il vero libro dei sogni
Munger Capre,vacche,63,128,1881 Capacelli - Il vero libro dei sogni
Munger Capre,pecore,89,128,1881 Capacelli - Il vero libro dei sogni
Munger Capre,asine,80,128,1881 Capacelli - Il vero libro dei sogni
Munizione,,29,128,1881 Capacelli - Il vero libro dei sogni
Mura,,20,128,1881 Capacelli - Il vero libro dei sogni
Murare,,39,128,1881 Capacelli - Il vero libro dei sogni
Muratore,,24,128,1881 Capacelli - Il vero libro dei sogni
Muratori,,80,128,1881 Capacelli - Il vero libro dei sogni
"Murena, Pesce",,53,128,1881 Capacelli - Il vero libro dei sogni
Muro,,11,128,1881 Capacelli - Il vero libro dei sogni
Muro,rovinato,90,128,1881 Capacelli - Il vero libro dei sogni
Muscio,,1,128,1881 Capacelli - Il vero libro dei sogni
Musco,,60,128,1881 Capacelli - Il vero libro dei sogni
Muscoli,,52,128,1881 Capacelli - Il vero libro dei sogni
Musica,,2,128,1881 Capacelli - Il vero libro dei sogni
Musico,,11,128,1881 Capacelli - Il vero libro dei sogni
Muso,,15,128,1881 Capacelli - Il vero libro dei sogni
Mussolina,,20,128,1881 Capacelli - Il vero libro dei sogni
Mutar Casa,,24,128,1881 Capacelli - Il vero libro dei sogni
Mutarsi,,59,128,1881 Capacelli - Il vero libro dei sogni
Muto,o mutoli,79,128,1881 Capacelli - Il vero libro dei sogni
Naechere,,3,128,1881 Capacelli - Il vero libro dei sogni
Nanchino,,25,128,1881 Capacelli - Il vero libro dei sogni
Nano E Nani,,15,128,1881 Capacelli - Il vero libro dei sogni
Napolitano,,47,128,1881 Capacelli - Il vero libro dei sogni
Nappo,,8,128,1881 Capacelli - Il vero libro dei sogni
Narici,,54,128,1881 Capacelli - Il vero libro dei sogni
"Nardo, Sbigo",,30,128,1881 Capacelli - Il vero libro dei sogni
"Narciso, Fiore",,8,128,1881 Capacelli - Il vero libro dei sogni
Nascita,,80,128,1881 Capacelli - Il vero libro dei sogni
Nascita,felice,78,128,1881 Capacelli - Il vero libro dei sogni
Nascita,infelice,78,128,1881 Capacelli - Il vero libro dei sogni
Nascondere,,6,128,1881 Capacelli - Il vero libro dei sogni
Nascondersi,,14,128,1881 Capacelli - Il vero libro dei sogni
Naso,,16,128,1881 Capacelli - Il vero libro dei sogni
Nastrato,,6,128,1881 Capacelli - Il vero libro dei sogni
Nastri,,15,128,1881 Capacelli - Il vero libro dei sogni
Nastri,qualsiasi,65,128,1881 Capacelli - Il vero libro dei sogni
Nastro,,26,128,1881 Capacelli - Il vero libro dei sogni
Natte,,56,128,1881 Capacelli - Il vero libro dei sogni
Natura Di Donna,,15,128,1881 Capacelli - Il vero libro dei sogni
Naufragare E Naufra Gio,,2 82,128,1881 Capacelli - Il vero libro dei sogni
Nausea,,10,128,1881 Capacelli - Il vero libro dei sogni
Nautica,,21,128,1881 Capacelli - Il vero libro dei sogni
Nave,,73,128,1881 Capacelli - Il vero libro dei sogni
Nave,mercantili,47,128,1881 Capacelli - Il vero libro dei sogni
Nave,di carico,74,128,1881 Capacelli - Il vero libro dei sogni
Nave,da trasporto,26,128,1881 Capacelli - Il vero libro dei sogni
Nave,da guerra,53,128,1881 Capacelli - Il vero libro dei sogni
Navi,,21,128,1881 Capacelli - Il vero libro dei sogni
Navicella Da Incenso I,,8,128,1881 Capacelli - Il vero libro dei sogni
Navicellajo,,75,128,1881 Capacelli - Il vero libro dei sogni
Navicello,,65,128,1881 Capacelli - Il vero libro dei sogni
Navigare,,54,128,1881 Capacelli - Il vero libro dei sogni
Nebbia,e nebbie,2,128,1881 Capacelli - Il vero libro dei sogni
Nebbioni,,11,129,1881 Capacelli - Il vero libro dei sogni
Necessario,,42,129,1881 Capacelli - Il vero libro dei sogni
Necessità,,62,129,1881 Capacelli - Il vero libro dei sogni
Negare,,64,129,1881 Capacelli - Il vero libro dei sogni
Negativa,,12,129,1881 Capacelli - Il vero libro dei sogni
Negligenza,,31,129,1881 Capacelli - Il vero libro dei sogni
"Negoziante, Negozio",,1,129,1881 Capacelli - Il vero libro dei sogni
Negra,,46,129,1881 Capacelli - Il vero libro dei sogni
Negri,,17,129,1881 Capacelli - Il vero libro dei sogni
Negro,,9,129,1881 Capacelli - Il vero libro dei sogni
Negromante,,1,129,1881 Capacelli - Il vero libro dei sogni
Nemici,,17,129,1881 Capacelli - Il vero libro dei sogni
Nemico,,8,129,1881 Capacelli - Il vero libro dei sogni
Nemiccoli,,83,129,1881 Capacelli - Il vero libro dei sogni
Neo,,70,129,1881 Capacelli - Il vero libro dei sogni
Neofilo,,55,129,1881 Capacelli - Il vero libro dei sogni
Nerbare,,5,129,1881 Capacelli - Il vero libro dei sogni
Nerbata,,71,129,1881 Capacelli - Il vero libro dei sogni
Nerbo O Nervo,,4,129,1881 Capacelli - Il vero libro dei sogni
"Nero, Colore",,62,129,1881 Capacelli - Il vero libro dei sogni
Nespola,,38,129,1881 Capacelli - Il vero libro dei sogni
Nespole,,90,129,1881 Capacelli - Il vero libro dei sogni
Nespolo Solo,,33,129,1881 Capacelli - Il vero libro dei sogni
Nettare O Nettatura,,7,129,1881 Capacelli - Il vero libro dei sogni
Nevaio,,64,129,1881 Capacelli - Il vero libro dei sogni
Nevarola,,21,129,1881 Capacelli - Il vero libro dei sogni
Nevarolo,,53,129,1881 Capacelli - Il vero libro dei sogni
Neve,,53,129,1881 Capacelli - Il vero libro dei sogni
Neve,che cade,22,129,1881 Capacelli - Il vero libro dei sogni
Nevicare,,83,129,1881 Capacelli - Il vero libro dei sogni
Nibbii,,82,129,1881 Capacelli - Il vero libro dei sogni
Nibbio,,25,129,1881 Capacelli - Il vero libro dei sogni
Nicchia Con Fonte,,62,129,1881 Capacelli - Il vero libro dei sogni
Nicchia Con Fonte,qualunque,51,129,1881 Capacelli - Il vero libro dei sogni
Nidi,,81,129,1881 Capacelli - Il vero libro dei sogni
Nido,,48,129,1881 Capacelli - Il vero libro dei sogni
Nido,di rondine,85,129,1881 Capacelli - Il vero libro dei sogni
Nido,con pulcini,4,129,1881 Capacelli - Il vero libro dei sogni
Nido,con uova,1,129,1881 Capacelli - Il vero libro dei sogni
Nido,qualunque,80,129,1881 Capacelli - Il vero libro dei sogni
Ninfa,,7,129,1881 Capacelli - Il vero libro dei sogni
Ninnare,,3,129,1881 Capacelli - Il vero libro dei sogni
Nipote E Nipotini,,38,129,1881 Capacelli - Il vero libro dei sogni
Nitrire,,13,129,1881 Capacelli - Il vero libro dei sogni
Nitro,,45,129,1881 Capacelli - Il vero libro dei sogni
Nobile E Nobiltà,,2,129,1881 Capacelli - Il vero libro dei sogni
Nocchiero,,63,129,1881 Capacelli - Il vero libro dei sogni
Nocciole,,60,129,1881 Capacelli - Il vero libro dei sogni
Noccioli,,4,129,1881 Capacelli - Il vero libro dei sogni
Nocciolo,,4,129,1881 Capacelli - Il vero libro dei sogni
Noce,,6,129,1881 Capacelli - Il vero libro dei sogni
Noce,confetta,37,129,1881 Capacelli - Il vero libro dei sogni
Noce,moscata,12,129,1881 Capacelli - Il vero libro dei sogni
Noci Più,,24,129,1881 Capacelli - Il vero libro dei sogni
Nodi,o nodo,83,129,1881 Capacelli - Il vero libro dei sogni
Noja,,10,129,1881 Capacelli - Il vero libro dei sogni
Nojoso,,52,129,1881 Capacelli - Il vero libro dei sogni
Nolo Qualunque,,17,129,1881 Capacelli - Il vero libro dei sogni
Nomi,,45,129,1881 Capacelli - Il vero libro dei sogni
Nonna,,76,129,1881 Capacelli - Il vero libro dei sogni
Nonno,,17,129,1881 Capacelli - Il vero libro dei sogni
Norcino,,27,129,1881 Capacelli - Il vero libro dei sogni
Nota Di Musica,,16,129,1881 Capacelli - Il vero libro dei sogni
Nota Di Musica,di roba,80,129,1881 Capacelli - Il vero libro dei sogni
Nota Di Musica,della lotteria,67,129,1881 Capacelli - Il vero libro dei sogni
Notajo Civile,,25,129,1881 Capacelli - Il vero libro dei sogni
Notajo Civile,criminale,3,129,1881 Capacelli - Il vero libro dei sogni
Notaro,,2,129,1881 Capacelli - Il vero libro dei sogni
Notari,,17,129,1881 Capacelli - Il vero libro dei sogni
Notificazione,,42,129,1881 Capacelli - Il vero libro dei sogni
Notte,,38,129,1881 Capacelli - Il vero libro dei sogni
"Nottola, Uccello",,31,129,1881 Capacelli - Il vero libro dei sogni
Nottole O Nottolini,,7,129,1881 Capacelli - Il vero libro dei sogni
Novella,,18,129,1881 Capacelli - Il vero libro dei sogni
Novità,,71,130,1881 Capacelli - Il vero libro dei sogni
Noviziato,,25,130,1881 Capacelli - Il vero libro dei sogni
Nozze,,19,130,1881 Capacelli - Il vero libro dei sogni
Nube,,8,130,1881 Capacelli - Il vero libro dei sogni
Nubile,,33,130,1881 Capacelli - Il vero libro dei sogni
Nuda,,16,130,1881 Capacelli - Il vero libro dei sogni
Nudi,,18,130,1881 Capacelli - Il vero libro dei sogni
Nudità,,83,130,1881 Capacelli - Il vero libro dei sogni
Nudo,,16,130,1881 Capacelli - Il vero libro dei sogni
Nullità,,53,130,1881 Capacelli - Il vero libro dei sogni
Nume,,31,130,1881 Capacelli - Il vero libro dei sogni
Nume,qualunque,66,130,1881 Capacelli - Il vero libro dei sogni
Nunziatura,,60,130,1881 Capacelli - Il vero libro dei sogni
Nunzio,,71,130,1881 Capacelli - Il vero libro dei sogni
Nunzio,di città,17,130,1881 Capacelli - Il vero libro dei sogni
Nuotatore,,11,130,1881 Capacelli - Il vero libro dei sogni
Nuotatore,che affoga,13,130,1881 Capacelli - Il vero libro dei sogni
Nuoto,,54,130,1881 Capacelli - Il vero libro dei sogni
Nuova,,37,130,1881 Capacelli - Il vero libro dei sogni
Nuova,di case f 'lalunuuè,55 56,130,1881 Capacelli - Il vero libro dei sogni
Nuova,di morte,48,130,1881 Capacelli - Il vero libro dei sogni
Nuova,di guerra,14,130,1881 Capacelli - Il vero libro dei sogni
Nuova,di lotteria,50,130,1881 Capacelli - Il vero libro dei sogni
Nuova,qualunque,5,130,1881 Capacelli - Il vero libro dei sogni
Nutrice,,44,130,1881 Capacelli - Il vero libro dei sogni
Nutrire,,62,130,1881 Capacelli - Il vero libro dei sogni
Nutrirsi,,32,130,1881 Capacelli - Il vero libro dei sogni
Nutritura Qualunque,,1,130,1881 Capacelli - Il vero libro dei sogni
Nuvola,,5,130,1881 Capacelli - Il vero libro dei sogni
Nuvole,,60,130,1881 Capacelli - Il vero libro dei sogni
Obbedienza Ed Obbe,dire,56,130,1881 Capacelli - Il vero libro dei sogni
Obbligante,,6,130,1881 Capacelli - Il vero libro dei sogni
Obbligar Qualcuno,,6,130,1881 Capacelli - Il vero libro dei sogni
Obbligo Scritto,,25,130,1881 Capacelli - Il vero libro dei sogni
Obbrobrio,,76,130,1881 Capacelli - Il vero libro dei sogni
Obelisco,,14,130,1881 Capacelli - Il vero libro dei sogni
"Oboe, Str. Di Suono",,19,130,1881 Capacelli - Il vero libro dei sogni
"Oca, Giuoco",,9,130,1881 Capacelli - Il vero libro dei sogni
"Oca, Giuoco",uccello,9,130,1881 Capacelli - Il vero libro dei sogni
Occasione,,82,130,1881 Capacelli - Il vero libro dei sogni
Occhiajo,,80,130,1881 Capacelli - Il vero libro dei sogni
Occhiale,,8,130,1881 Capacelli - Il vero libro dei sogni
Occhiali,,53,130,1881 Capacelli - Il vero libro dei sogni
Occhialone,pesce,75,130,1881 Capacelli - Il vero libro dei sogni
Occhialoni,,82,130,1881 Capacelli - Il vero libro dei sogni
Occhio Ed Occhi,,15,130,1881 Capacelli - Il vero libro dei sogni
Occupazione,,72,130,1881 Capacelli - Il vero libro dei sogni
Oche,,12,130,1881 Capacelli - Il vero libro dei sogni
Oculista,,11,130,1881 Capacelli - Il vero libro dei sogni
Ode,,5,130,1881 Capacelli - Il vero libro dei sogni
Odiato,,71,130,1881 Capacelli - Il vero libro dei sogni
Odio,,88,130,1881 Capacelli - Il vero libro dei sogni
Odorare,,15,130,1881 Capacelli - Il vero libro dei sogni
Odore Qualunque,,35,130,1881 Capacelli - Il vero libro dei sogni
Offella Ed Orfella,,15,130,1881 Capacelli - Il vero libro dei sogni
Offensore,,60,130,1881 Capacelli - Il vero libro dei sogni
Offerta,,88,130,1881 Capacelli - Il vero libro dei sogni
Offesa,,80,130,1881 Capacelli - Il vero libro dei sogni
Offrir Prese Di Tab,,5,130,1881 Capacelli - Il vero libro dei sogni
Oliare,,7,130,1881 Capacelli - Il vero libro dei sogni
Oliato,,7,130,1881 Capacelli - Il vero libro dei sogni
Olio Santo,,8,131,1881 Capacelli - Il vero libro dei sogni
Olio Santo,cotto,23,131,1881 Capacelli - Il vero libro dei sogni
Olio Santo,di lino,32,131,1881 Capacelli - Il vero libro dei sogni
Olio Santo,di mand. dolci,86,131,1881 Capacelli - Il vero libro dei sogni
Olio Santo,di noce,13,131,1881 Capacelli - Il vero libro dei sogni
Olio Santo,d'oliva,8,131,1881 Capacelli - Il vero libro dei sogni
Olio Santo,rovescione,12,131,1881 Capacelli - Il vero libro dei sogni
Olio Santo,vergine,84,131,1881 Capacelli - Il vero libro dei sogni
Olio Santo,di sasso,41,131,1881 Capacelli - Il vero libro dei sogni
Oliva,,48,131,1881 Capacelli - Il vero libro dei sogni
Olivaro,,43,131,1881 Capacelli - Il vero libro dei sogni
Olivaro,e palma,64,131,1881 Capacelli - Il vero libro dei sogni
Olla,,10,131,1881 Capacelli - Il vero libro dei sogni
Olletta,,51,131,1881 Capacelli - Il vero libro dei sogni
Olmo Albero,,53,131,1881 Capacelli - Il vero libro dei sogni
Ombelico,,19,131,1881 Capacelli - Il vero libro dei sogni
Ombra,,6,131,1881 Capacelli - Il vero libro dei sogni
Ombra,notturna,31,131,1881 Capacelli - Il vero libro dei sogni
Ombrella,ed ombrelli,15,131,1881 Capacelli - Il vero libro dei sogni
Ombrellaro,,14,131,1881 Capacelli - Il vero libro dei sogni
Omicida,,62,131,1881 Capacelli - Il vero libro dei sogni
Omicidio,,68,131,1881 Capacelli - Il vero libro dei sogni
Oncia,,87,131,1881 Capacelli - Il vero libro dei sogni
Oncini,,30,131,1881 Capacelli - Il vero libro dei sogni
Onda,,11,131,1881 Capacelli - Il vero libro dei sogni
Ondeggiare,,1,131,1881 Capacelli - Il vero libro dei sogni
Onestà,,6,131,1881 Capacelli - Il vero libro dei sogni
Onore,,82,131,1881 Capacelli - Il vero libro dei sogni
Onta,,22,131,1881 Capacelli - Il vero libro dei sogni
Opera,vedi com,46,131,1881 Capacelli - Il vero libro dei sogni
Opera,buffa,41,131,1881 Capacelli - Il vero libro dei sogni
Operazione,,78,131,1881 Capacelli - Il vero libro dei sogni
Oppilato,,61,131,1881 Capacelli - Il vero libro dei sogni
Oppilazione,,7,131,1881 Capacelli - Il vero libro dei sogni
Oppio,,39,131,1881 Capacelli - Il vero libro dei sogni
Oppressione,,89,131,1881 Capacelli - Il vero libro dei sogni
Oracolo,,29,131,1881 Capacelli - Il vero libro dei sogni
Orano,,61,131,1881 Capacelli - Il vero libro dei sogni
Orare,,82,131,1881 Capacelli - Il vero libro dei sogni
Oratore,,58,131,1881 Capacelli - Il vero libro dei sogni
Oratorio,,51,131,1881 Capacelli - Il vero libro dei sogni
Orazione,,61,131,1881 Capacelli - Il vero libro dei sogni
Orazione,o preghiera,9,131,1881 Capacelli - Il vero libro dei sogni
Orazione,funebre,26,131,1881 Capacelli - Il vero libro dei sogni
Orbiro,,58,131,1881 Capacelli - Il vero libro dei sogni
Orbo,,43,131,1881 Capacelli - Il vero libro dei sogni
Orchestra,,90,131,1881 Capacelli - Il vero libro dei sogni
Orcio,da olio,60,131,1881 Capacelli - Il vero libro dei sogni
Orcio,con olio,37,131,1881 Capacelli - Il vero libro dei sogni
Orcio,con vino,2,131,1881 Capacelli - Il vero libro dei sogni
Orcio,con grano,59,131,1881 Capacelli - Il vero libro dei sogni
Orcio,con aceto,62,131,1881 Capacelli - Il vero libro dei sogni
Orcioli,,16,131,1881 Capacelli - Il vero libro dei sogni
Orco,,52,131,1881 Capacelli - Il vero libro dei sogni
Ordini Sacri,,35,131,1881 Capacelli - Il vero libro dei sogni
Orecchi,,30,131,1881 Capacelli - Il vero libro dei sogni
Orecchie D'asino,,61,131,1881 Capacelli - Il vero libro dei sogni
Orecchini,,52,131,1881 Capacelli - Il vero libro dei sogni
Orefici,,35,131,1881 Capacelli - Il vero libro dei sogni
Origliere Cuscino,,31,131,1881 Capacelli - Il vero libro dei sogni
Orfana,,36,131,1881 Capacelli - Il vero libro dei sogni
Orfanelle,,37,131,1881 Capacelli - Il vero libro dei sogni
Orfanelli,,41,131,1881 Capacelli - Il vero libro dei sogni
Organaro,,19,131,1881 Capacelli - Il vero libro dei sogni
Organo,,51,131,1881 Capacelli - Il vero libro dei sogni
Orgoglio O Superbia,,14,131,1881 Capacelli - Il vero libro dei sogni
Orientale,,21,131,1881 Capacelli - Il vero libro dei sogni
Originale,,21,131,1881 Capacelli - Il vero libro dei sogni
Origliaria,,56,131,1881 Capacelli - Il vero libro dei sogni
Origliario,,25,131,1881 Capacelli - Il vero libro dei sogni
Orina,,30,131,1881 Capacelli - Il vero libro dei sogni
Originali,,21,132,1881 Capacelli - Il vero libro dei sogni
Orinali,,22,132,1881 Capacelli - Il vero libro dei sogni
Orinare,,45,132,1881 Capacelli - Il vero libro dei sogni
Orinatura Ed Orbare,,35,132,1881 Capacelli - Il vero libro dei sogni
Orma,,44,132,1881 Capacelli - Il vero libro dei sogni
Ornamento,qual,3,132,1881 Capacelli - Il vero libro dei sogni
Ornamento,di chiesa,6,132,1881 Capacelli - Il vero libro dei sogni
Ornamento,di donna,27,132,1881 Capacelli - Il vero libro dei sogni
Ornamento,da stanza,2,132,1881 Capacelli - Il vero libro dei sogni
"Orno, Albero",,33,132,1881 Capacelli - Il vero libro dei sogni
Oro,,26,132,1881 Capacelli - Il vero libro dei sogni
Oro,falso,55,132,1881 Capacelli - Il vero libro dei sogni
Orologi,,12,132,1881 Capacelli - Il vero libro dei sogni
Orologi,qualunque,15,132,1881 Capacelli - Il vero libro dei sogni
Orologiaro,,11,132,1881 Capacelli - Il vero libro dei sogni
Orologio D'oro,,58,132,1881 Capacelli - Il vero libro dei sogni
"Orso, Fiera",,11,132,1881 Capacelli - Il vero libro dei sogni
"Orso, Fiera",scimmia,40,132,1881 Capacelli - Il vero libro dei sogni
"Orso, Fiera",che balla,11,132,1881 Capacelli - Il vero libro dei sogni
Ortaggio,,63,132,1881 Capacelli - Il vero libro dei sogni
Ortaglia,,1,132,1881 Capacelli - Il vero libro dei sogni
Orti,,47,132,1881 Capacelli - Il vero libro dei sogni
Ortica,,24,132,1881 Capacelli - Il vero libro dei sogni
Orto,,9,132,1881 Capacelli - Il vero libro dei sogni
Orto,pensile,33,132,1881 Capacelli - Il vero libro dei sogni
Ortografia,,53,132,1881 Capacelli - Il vero libro dei sogni
Ortolana,,15,132,1881 Capacelli - Il vero libro dei sogni
Ortolano,,36,132,1881 Capacelli - Il vero libro dei sogni
Ortolano,con ortol,73,132,1881 Capacelli - Il vero libro dei sogni
Orvietano,,8,132,1881 Capacelli - Il vero libro dei sogni
Orzajolo,,14,132,1881 Capacelli - Il vero libro dei sogni
Orzata,,6,132,1881 Capacelli - Il vero libro dei sogni
Orzo Mondo,,21,132,1881 Capacelli - Il vero libro dei sogni
Orzo Mondo,qualunque,11,132,1881 Capacelli - Il vero libro dei sogni
Ospite,,49,132,1881 Capacelli - Il vero libro dei sogni
Ospizio,,1,132,1881 Capacelli - Il vero libro dei sogni
Ossa Ed Osse,,41,132,1881 Capacelli - Il vero libro dei sogni
Ossesse,,38,132,1881 Capacelli - Il vero libro dei sogni
Ossi Rosicare,,73,132,1881 Capacelli - Il vero libro dei sogni
Ossi Rosicare,qualunque,53,132,1881 Capacelli - Il vero libro dei sogni
Ossi Rosicare,di frutti,68,132,1881 Capacelli - Il vero libro dei sogni
Osso Di Morto,,12,132,1881 Capacelli - Il vero libro dei sogni
Ossesso,,55,132,1881 Capacelli - Il vero libro dei sogni
Ostaggio,,70,132,1881 Capacelli - Il vero libro dei sogni
Oste,,15,132,1881 Capacelli - Il vero libro dei sogni
Osteria,,40,132,1881 Capacelli - Il vero libro dei sogni
Osterie,,44,132,1881 Capacelli - Il vero libro dei sogni
Ostessa,,44,132,1881 Capacelli - Il vero libro dei sogni
Ostia,,50,132,1881 Capacelli - Il vero libro dei sogni
Ostiaro,,14,132,1881 Capacelli - Il vero libro dei sogni
Ostie,,23,132,1881 Capacelli - Il vero libro dei sogni
Ostinazione,,88,132,1881 Capacelli - Il vero libro dei sogni
Ostriche,,40,132,1881 Capacelli - Il vero libro dei sogni
Ottava,,9,132,1881 Capacelli - Il vero libro dei sogni
Otto,,54,132,1881 Capacelli - Il vero libro dei sogni
Ottonara,,4,132,1881 Capacelli - Il vero libro dei sogni
Ottonaro,,5,132,1881 Capacelli - Il vero libro dei sogni
Ottone,,1,132,1881 Capacelli - Il vero libro dei sogni
Ottuzione,,52,132,1881 Capacelli - Il vero libro dei sogni
Ova,,9,132,1881 Capacelli - Il vero libro dei sogni
Ova,da bere,9,132,1881 Capacelli - Il vero libro dei sogni
Ova,ripiene,1,132,1881 Capacelli - Il vero libro dei sogni
Ova,fresche,81,132,1881 Capacelli - Il vero libro dei sogni
Ova,dure,53,132,1881 Capacelli - Il vero libro dei sogni
Ova,in padella,32,132,1881 Capacelli - Il vero libro dei sogni
Ova,al butirro,16,132,1881 Capacelli - Il vero libro dei sogni
Ova,rompere,57,132,1881 Capacelli - Il vero libro dei sogni
Ova,battere,58,132,1881 Capacelli - Il vero libro dei sogni
Ovaja,,76,132,1881 Capacelli - Il vero libro dei sogni
Ovaro,,23,132,1881 Capacelli - Il vero libro dei sogni
Ovata,,75,132,1881 Capacelli - Il vero libro dei sogni
Ovato,,76,132,1881 Capacelli - Il vero libro dei sogni
Ovile,,33,132,1881 Capacelli - Il vero libro dei sogni
Ovili,,40,132,1881 Capacelli - Il vero libro dei sogni
Ozio,,37,133,1881 Capacelli - Il vero libro dei sogni
Ozioso,,62,133,1881 Capacelli - Il vero libro dei sogni
Pace,,71,133,1881 Capacelli - Il vero libro dei sogni
Paglietta E Pagliette,,67,133,1881 Capacelli - Il vero libro dei sogni
Pacchetto,,21,133,1881 Capacelli - Il vero libro dei sogni
Pagnotta,,50,133,1881 Capacelli - Il vero libro dei sogni
Pagnotta,zuccaro e caffè,1,133,1881 Capacelli - Il vero libro dei sogni
Pagnotte,,74,133,1881 Capacelli - Il vero libro dei sogni
Pagnotte,con medicina,41,133,1881 Capacelli - Il vero libro dei sogni
Paiolo,,18,133,1881 Capacelli - Il vero libro dei sogni
Paiolo,con tabacco,69,133,1881 Capacelli - Il vero libro dei sogni
Pala,,5,133,1881 Capacelli - Il vero libro dei sogni
Pala,con denari,34,133,1881 Capacelli - Il vero libro dei sogni
Paladino,,81,133,1881 Capacelli - Il vero libro dei sogni
Padella,,66,133,1881 Capacelli - Il vero libro dei sogni
Palafitta,,44,133,1881 Capacelli - Il vero libro dei sogni
Palafitta,al f. che frigge,81,133,1881 Capacelli - Il vero libro dei sogni
Palafreniere,,56,133,1881 Capacelli - Il vero libro dei sogni
Padellalo,,43,133,1881 Capacelli - Il vero libro dei sogni
Palanca,,64,133,1881 Capacelli - Il vero libro dei sogni
Padelle,,62,133,1881 Capacelli - Il vero libro dei sogni
Palancato,,47,133,1881 Capacelli - Il vero libro dei sogni
Padellino,,30,133,1881 Capacelli - Il vero libro dei sogni
Palandrana,,61,133,1881 Capacelli - Il vero libro dei sogni
Padiglione,,39,133,1881 Capacelli - Il vero libro dei sogni
Palare Viti,,75,133,1881 Capacelli - Il vero libro dei sogni
Padranella,,24,133,1881 Capacelli - Il vero libro dei sogni
Palato,,87,133,1881 Capacelli - Il vero libro dei sogni
Padrasto,,48,133,1881 Capacelli - Il vero libro dei sogni
Palazzi,,34,133,1881 Capacelli - Il vero libro dei sogni
Padre,,9,133,1881 Capacelli - Il vero libro dei sogni
Palazzo Di Città,,7,133,1881 Capacelli - Il vero libro dei sogni
Padrino,,1,133,1881 Capacelli - Il vero libro dei sogni
Padrino,reale,70,133,1881 Capacelli - Il vero libro dei sogni
Padrona,,76,133,1881 Capacelli - Il vero libro dei sogni
Padrona,arcivescovile,32,133,1881 Capacelli - Il vero libro dei sogni
Padrone,,34,133,1881 Capacelli - Il vero libro dei sogni
Padrone,qualunque,60,133,1881 Capacelli - Il vero libro dei sogni
Padroni,,60,133,1881 Capacelli - Il vero libro dei sogni
Palchetto,,34,133,1881 Capacelli - Il vero libro dei sogni
Padule,,63,133,1881 Capacelli - Il vero libro dei sogni
Palco,,5,133,1881 Capacelli - Il vero libro dei sogni
Paesana,,35,133,1881 Capacelli - Il vero libro dei sogni
Paesana,di ciarlatano,13,133,1881 Capacelli - Il vero libro dei sogni
Paesano,,12,133,1881 Capacelli - Il vero libro dei sogni
Paesano,di giustizia,70,133,1881 Capacelli - Il vero libro dei sogni
Paese Qualunque,,82,133,1881 Capacelli - Il vero libro dei sogni
Pale,,73,133,1881 Capacelli - Il vero libro dei sogni
Pagamento,,85,133,1881 Capacelli - Il vero libro dei sogni
Palette,,4,133,1881 Capacelli - Il vero libro dei sogni
Pagano,,85,133,1881 Capacelli - Il vero libro dei sogni
Palettine,,4,133,1881 Capacelli - Il vero libro dei sogni
Pagare Denari Cont,,9,133,1881 Capacelli - Il vero libro dei sogni
Paletto,,51,133,1881 Capacelli - Il vero libro dei sogni
Pagatore,,61,133,1881 Capacelli - Il vero libro dei sogni
Pali,,62,133,1881 Capacelli - Il vero libro dei sogni
Paggio,,56,133,1881 Capacelli - Il vero libro dei sogni
Palio,,12,133,1881 Capacelli - Il vero libro dei sogni
Pagherò,,9,133,1881 Capacelli - Il vero libro dei sogni
Paliotto,,15,133,1881 Capacelli - Il vero libro dei sogni
Paglia,,16,133,1881 Capacelli - Il vero libro dei sogni
Palizzata,,24,133,1881 Capacelli - Il vero libro dei sogni
Pagliaj,,34,133,1881 Capacelli - Il vero libro dei sogni
Palle,,71,133,1881 Capacelli - Il vero libro dei sogni
Pagliaio,,40,133,1881 Capacelli - Il vero libro dei sogni
Pallidezza,,14,133,1881 Capacelli - Il vero libro dei sogni
Pagliariccio,,10,133,1881 Capacelli - Il vero libro dei sogni
Pallido,,42,133,1881 Capacelli - Il vero libro dei sogni
Pallinaro,,72,134,1881 Capacelli - Il vero libro dei sogni
Pallino,,65,134,1881 Capacelli - Il vero libro dei sogni
Pallio,,34,134,1881 Capacelli - Il vero libro dei sogni
Pallone,,10,134,1881 Capacelli - Il vero libro dei sogni
Pallore,,5,134,1881 Capacelli - Il vero libro dei sogni
Palma,,64,134,1881 Capacelli - Il vero libro dei sogni
Palma,ed olivo,64,134,1881 Capacelli - Il vero libro dei sogni
Palme,,73,134,1881 Capacelli - Il vero libro dei sogni
Palmizio,,65,134,1881 Capacelli - Il vero libro dei sogni
Palme,,84,134,1881 Capacelli - Il vero libro dei sogni
Palo,,77,134,1881 Capacelli - Il vero libro dei sogni
Palombo,pesce,77,134,1881 Capacelli - Il vero libro dei sogni
Palpare,,78,134,1881 Capacelli - Il vero libro dei sogni
Palpebra,,84,134,1881 Capacelli - Il vero libro dei sogni
Palpebre,,34,134,1881 Capacelli - Il vero libro dei sogni
Palpeggiare,,6,134,1881 Capacelli - Il vero libro dei sogni
Palpitare,,14,134,1881 Capacelli - Il vero libro dei sogni
Palpitazione,,11,134,1881 Capacelli - Il vero libro dei sogni
Palude,,22,134,1881 Capacelli - Il vero libro dei sogni
Pampano,,25,134,1881 Capacelli - Il vero libro dei sogni
Panada,,1,134,1881 Capacelli - Il vero libro dei sogni
Panettiera,,4,134,1881 Capacelli - Il vero libro dei sogni
Panettiere,,4,134,1881 Capacelli - Il vero libro dei sogni
Panca E Panchette,,48,134,1881 Capacelli - Il vero libro dei sogni
Pancia,,48,134,1881 Capacelli - Il vero libro dei sogni
Pane,,17,134,1881 Capacelli - Il vero libro dei sogni
Pane,caldo,32,134,1881 Capacelli - Il vero libro dei sogni
Pane,cotto,7,134,1881 Capacelli - Il vero libro dei sogni
Pane,crudo,13,134,1881 Capacelli - Il vero libro dei sogni
Pane,fresco,27,134,1881 Capacelli - Il vero libro dei sogni
Pane,levato,12,134,1881 Capacelli - Il vero libro dei sogni
Pane,bruno,17,134,1881 Capacelli - Il vero libro dei sogni
Pane,casalingo,50,134,1881 Capacelli - Il vero libro dei sogni
Pane,di meliga,68,134,1881 Capacelli - Il vero libro dei sogni
Panegirico,,16,134,1881 Capacelli - Il vero libro dei sogni
Panellini,,12,134,1881 Capacelli - Il vero libro dei sogni
Panello,,54,134,1881 Capacelli - Il vero libro dei sogni
Pani Benedetti,,60,134,1881 Capacelli - Il vero libro dei sogni
Pania,,67,134,1881 Capacelli - Il vero libro dei sogni
Panico,,80,134,1881 Capacelli - Il vero libro dei sogni
Paniera,,18,134,1881 Capacelli - Il vero libro dei sogni
Panieraio,,72,134,1881 Capacelli - Il vero libro dei sogni
Panieri,,11,134,1881 Capacelli - Il vero libro dei sogni
Panierina,,4,134,1881 Capacelli - Il vero libro dei sogni
Pannina,,12,134,1881 Capacelli - Il vero libro dei sogni
Pannilani,,82,134,1881 Capacelli - Il vero libro dei sogni
Redi-,cul,79,134,1881 Capacelli - Il vero libro dei sogni
Panno,,81,134,1881 Capacelli - Il vero libro dei sogni
Pan Pepaio,,10,134,1881 Capacelli - Il vero libro dei sogni
Pantalone,,63,134,1881 Capacelli - Il vero libro dei sogni
Pantofolaro,,7,134,1881 Capacelli - Il vero libro dei sogni
Pantofole,,6,134,1881 Capacelli - Il vero libro dei sogni
Papa,,17,134,1881 Capacelli - Il vero libro dei sogni
Papavero,,35,134,1881 Capacelli - Il vero libro dei sogni
Papero E Paperi,,5,134,1881 Capacelli - Il vero libro dei sogni
Papetta,,2,134,1881 Capacelli - Il vero libro dei sogni
Pappa E Pappina,,89,134,1881 Capacelli - Il vero libro dei sogni
Pappagallo,,24,134,1881 Capacelli - Il vero libro dei sogni
Pappagallo,di vetro,58,134,1881 Capacelli - Il vero libro dei sogni
Pappone,,50,134,1881 Capacelli - Il vero libro dei sogni
Paracenere,,27,134,1881 Capacelli - Il vero libro dei sogni
Paracera,,37,134,1881 Capacelli - Il vero libro dei sogni
Paracuore,,8,134,1881 Capacelli - Il vero libro dei sogni
Paradiso,,6,134,1881 Capacelli - Il vero libro dei sogni
Parafango,,12,134,1881 Capacelli - Il vero libro dei sogni
Parafuoco,,70,134,1881 Capacelli - Il vero libro dei sogni
Paraghi Pedici,,51,134,1881 Capacelli - Il vero libro dei sogni
"Paragone, Settra",,80,134,1881 Capacelli - Il vero libro dei sogni
Paralisia,,71,134,1881 Capacelli - Il vero libro dei sogni
Paralitico,,90,134,1881 Capacelli - Il vero libro dei sogni
Parasole,,5,134,1881 Capacelli - Il vero libro dei sogni
Parato,,6,135,1881 Capacelli - Il vero libro dei sogni
Paratore Di Chiesa,,10,135,1881 Capacelli - Il vero libro dei sogni
Paravento,,11,135,1881 Capacelli - Il vero libro dei sogni
Parente,,33,135,1881 Capacelli - Il vero libro dei sogni
Parenti,,18,135,1881 Capacelli - Il vero libro dei sogni
Paretaio,,40,135,1881 Capacelli - Il vero libro dei sogni
Parete,,52,135,1881 Capacelli - Il vero libro dei sogni
Parigi,,22,135,1881 Capacelli - Il vero libro dei sogni
Parigini,,39,135,1881 Capacelli - Il vero libro dei sogni
Pariglia,,56,135,1881 Capacelli - Il vero libro dei sogni
Parlamento,,57,135,1881 Capacelli - Il vero libro dei sogni
Parlare,,7,135,1881 Capacelli - Il vero libro dei sogni
Parlare,ai grandi,60,135,1881 Capacelli - Il vero libro dei sogni
Parnaso,,58,135,1881 Capacelli - Il vero libro dei sogni
Parpaglione,,63,135,1881 Capacelli - Il vero libro dei sogni
Parrochi,,22,135,1881 Capacelli - Il vero libro dei sogni
Parrocchiano,,18,135,1881 Capacelli - Il vero libro dei sogni
Parrocchie,,73,135,1881 Capacelli - Il vero libro dei sogni
"Parrucca, Parrucche",,1,135,1881 Capacelli - Il vero libro dei sogni
Parrucchiera,,58,135,1881 Capacelli - Il vero libro dei sogni
Parrucchiere,,76,135,1881 Capacelli - Il vero libro dei sogni
Parto,,30,135,1881 Capacelli - Il vero libro dei sogni
Partoriente,,10,135,1881 Capacelli - Il vero libro dei sogni
Partorire,,15,135,1881 Capacelli - Il vero libro dei sogni
Pasqua,,39,135,1881 Capacelli - Il vero libro dei sogni
Pasquinata,,78,135,1881 Capacelli - Il vero libro dei sogni
Passaggio,e passo,39,135,1881 Capacelli - Il vero libro dei sogni
Passamano,,70,135,1881 Capacelli - Il vero libro dei sogni
Passante Arme,,79,135,1881 Capacelli - Il vero libro dei sogni
Passaporto,,25,135,1881 Capacelli - Il vero libro dei sogni
Passar Acqua In Batt,,8,135,1881 Capacelli - Il vero libro dei sogni
Passar Acqua In Batt,a nuoto,66,135,1881 Capacelli - Il vero libro dei sogni
Passar Acqua In Batt,l'acqua,17,135,1881 Capacelli - Il vero libro dei sogni
Passar Acqua In Batt,il mare,72,135,1881 Capacelli - Il vero libro dei sogni
Passar Acqua In Batt,il lago,24,135,1881 Capacelli - Il vero libro dei sogni
Passera Solitaria,,49,135,1881 Capacelli - Il vero libro dei sogni
Passerina,,13,135,1881 Capacelli - Il vero libro dei sogni
Passerino,,19,135,1881 Capacelli - Il vero libro dei sogni
Passero,,79,135,1881 Capacelli - Il vero libro dei sogni
Passerotto Passeretti,,20,135,1881 Capacelli - Il vero libro dei sogni
"Passetto, Misura",,20,135,1881 Capacelli - Il vero libro dei sogni
Passeg,giata,79,135,1881 Capacelli - Il vero libro dei sogni
Passione Qualunque,,2,135,1881 Capacelli - Il vero libro dei sogni
Pasta Reale,,80,135,1881 Capacelli - Il vero libro dei sogni
Pasta Reale,qualunque,59,135,1881 Capacelli - Il vero libro dei sogni
"Pastaio, V.lasagnaio",,31,135,1881 Capacelli - Il vero libro dei sogni
Paste Da Minestra,,52,135,1881 Capacelli - Il vero libro dei sogni
Paste Da Minestra,di dolci,83,135,1881 Capacelli - Il vero libro dei sogni
Paste Da Minestra,di meliga,10,135,1881 Capacelli - Il vero libro dei sogni
Mandorle,dolci,75,135,1881 Capacelli - Il vero libro dei sogni
"Pastello, Colore",,46,135,1881 Capacelli - Il vero libro dei sogni
Pasticche,,43,135,1881 Capacelli - Il vero libro dei sogni
Pasticciere,,48,135,1881 Capacelli - Il vero libro dei sogni
Pasticciera,,48,135,1881 Capacelli - Il vero libro dei sogni
Pasticcio,,23,135,1881 Capacelli - Il vero libro dei sogni
Pastoni,,43,135,1881 Capacelli - Il vero libro dei sogni
Pastora,,67,135,1881 Capacelli - Il vero libro dei sogni
Pastorale,,45,135,1881 Capacelli - Il vero libro dei sogni
Pastore,,12,135,1881 Capacelli - Il vero libro dei sogni
Pastorella,,11,135,1881 Capacelli - Il vero libro dei sogni
Pastori,,10,135,1881 Capacelli - Il vero libro dei sogni
Pastori,che suonano,81,135,1881 Capacelli - Il vero libro dei sogni
Patenta Da Messa,,80,135,1881 Capacelli - Il vero libro dei sogni
Patente Qualunque,,70,135,1881 Capacelli - Il vero libro dei sogni
Patereccio,,86,135,1881 Capacelli - Il vero libro dei sogni
Pater Noster,,87,135,1881 Capacelli - Il vero libro dei sogni
Patibolo,,39,135,1881 Capacelli - Il vero libro dei sogni
Patria,,50,135,1881 Capacelli - Il vero libro dei sogni
Patriarca,,77,135,1881 Capacelli - Il vero libro dei sogni
Patrimonio,,42,135,1881 Capacelli - Il vero libro dei sogni
Patrino,,31,135,1881 Capacelli - Il vero libro dei sogni
Patriotto,,53,135,1881 Capacelli - Il vero libro dei sogni
Patrizio,,78,135,1881 Capacelli - Il vero libro dei sogni
Patto,,30,136,1881 Capacelli - Il vero libro dei sogni
Pattona,,10,136,1881 Capacelli - Il vero libro dei sogni
Pattuglia,,77,136,1881 Capacelli - Il vero libro dei sogni
Pavimento,,57,136,1881 Capacelli - Il vero libro dei sogni
Pavoncello,,67,136,1881 Capacelli - Il vero libro dei sogni
Pavone,,15,136,1881 Capacelli - Il vero libro dei sogni
Pavoni,,90,136,1881 Capacelli - Il vero libro dei sogni
Paura,,90,136,1881 Capacelli - Il vero libro dei sogni
Pauroso,,50,136,1881 Capacelli - Il vero libro dei sogni
Paziente,,39,136,1881 Capacelli - Il vero libro dei sogni
Pazzi Che Ballano,,81,136,1881 Capacelli - Il vero libro dei sogni
Pazzia,,54,136,1881 Capacelli - Il vero libro dei sogni
Pazzo E Pazzi,,45,136,1881 Capacelli - Il vero libro dei sogni
Peccato,,21,136,1881 Capacelli - Il vero libro dei sogni
Peccatore,,36,136,1881 Capacelli - Il vero libro dei sogni
Peccatrice,,43,136,1881 Capacelli - Il vero libro dei sogni
Pecchie,,5,136,1881 Capacelli - Il vero libro dei sogni
Pece,,37,136,1881 Capacelli - Il vero libro dei sogni
Pecora Sola,,1,136,1881 Capacelli - Il vero libro dei sogni
Pecoraio,,45,136,1881 Capacelli - Il vero libro dei sogni
Pecorari,,35,136,1881 Capacelli - Il vero libro dei sogni
Pecore Bianche,,12,136,1881 Capacelli - Il vero libro dei sogni
Pecore Bianche,nere,13,136,1881 Capacelli - Il vero libro dei sogni
Pecorino,,76,136,1881 Capacelli - Il vero libro dei sogni
Peculio,,82,136,1881 Capacelli - Il vero libro dei sogni
Pedacci,,33,136,1881 Capacelli - Il vero libro dei sogni
Pedaggio,,44,136,1881 Capacelli - Il vero libro dei sogni
Pedale,,5,136,1881 Capacelli - Il vero libro dei sogni
Pedante,,9,136,1881 Capacelli - Il vero libro dei sogni
Pedata,,88,136,1881 Capacelli - Il vero libro dei sogni
Pedestre,,60,136,1881 Capacelli - Il vero libro dei sogni
Pedigione,,16,136,1881 Capacelli - Il vero libro dei sogni
Pedine,,22,136,1881 Capacelli - Il vero libro dei sogni
Pedocchio Solo,,42,136,1881 Capacelli - Il vero libro dei sogni
Pedocchi Molti,,24,136,1881 Capacelli - Il vero libro dei sogni
Pedone,,35,136,1881 Capacelli - Il vero libro dei sogni
Pegno,,69,136,1881 Capacelli - Il vero libro dei sogni
Pelacane,,56,136,1881 Capacelli - Il vero libro dei sogni
Pelapiede,,34,136,1881 Capacelli - Il vero libro dei sogni
"Pelure, Uccelli",,56,136,1881 Capacelli - Il vero libro dei sogni
Pellaio,,25,136,1881 Capacelli - Il vero libro dei sogni
Pelle,,40,136,1881 Capacelli - Il vero libro dei sogni
Pellatura,,10,136,1881 Capacelli - Il vero libro dei sogni
Pellataro,,4,136,1881 Capacelli - Il vero libro dei sogni
Pellegrina,,32,136,1881 Capacelli - Il vero libro dei sogni
Pellegrinaggio,,73,136,1881 Capacelli - Il vero libro dei sogni
Pellegrini,,11,136,1881 Capacelli - Il vero libro dei sogni
Pellegrino,,24,136,1881 Capacelli - Il vero libro dei sogni
Pellicano,,56,136,1881 Capacelli - Il vero libro dei sogni
Pelliccia,,11,136,1881 Capacelli - Il vero libro dei sogni
Pellicciatolo,,19,136,1881 Capacelli - Il vero libro dei sogni
Pelliccie,,14,136,1881 Capacelli - Il vero libro dei sogni
Pellicciuola,,85,136,1881 Capacelli - Il vero libro dei sogni
Pelo Di Capra,,17,136,1881 Capacelli - Il vero libro dei sogni
Pelo Di Capra,di tapino,29,136,1881 Capacelli - Il vero libro dei sogni
Pelo Di Capra,e peli,80,136,1881 Capacelli - Il vero libro dei sogni
Peloso,,75,136,1881 Capacelli - Il vero libro dei sogni
Pelar Frutti,,77,136,1881 Capacelli - Il vero libro dei sogni
Pena,,51,136,1881 Capacelli - Il vero libro dei sogni
Penare,,62,136,1881 Capacelli - Il vero libro dei sogni
Pendenti,,51,136,1881 Capacelli - Il vero libro dei sogni
"Pene, Afflizioni",,3,136,1881 Capacelli - Il vero libro dei sogni
Penisola,,53,136,1881 Capacelli - Il vero libro dei sogni
Penitente,,54,136,1881 Capacelli - Il vero libro dei sogni
Penitenza,,24,136,1881 Capacelli - Il vero libro dei sogni
Penitenziere,,45,136,1881 Capacelli - Il vero libro dei sogni
Penna,,68,136,1881 Capacelli - Il vero libro dei sogni
Penna,temperare,71,136,1881 Capacelli - Il vero libro dei sogni
Pennacchi,,64,136,1881 Capacelli - Il vero libro dei sogni
Pennaruolo,,47,136,1881 Capacelli - Il vero libro dei sogni
Pennato,,6,136,1881 Capacelli - Il vero libro dei sogni
Penne,,78,136,1881 Capacelli - Il vero libro dei sogni
Pennello,,30,136,1881 Capacelli - Il vero libro dei sogni
Penellajo,,35,137,1881 Capacelli - Il vero libro dei sogni
Pentola,,60,137,1881 Capacelli - Il vero libro dei sogni
Pentolajo,,26,137,1881 Capacelli - Il vero libro dei sogni
Pentole,,69,137,1881 Capacelli - Il vero libro dei sogni
Pentolino,,18,137,1881 Capacelli - Il vero libro dei sogni
Penzolo D'uva,,65,137,1881 Capacelli - Il vero libro dei sogni
Pepajuola,,5,137,1881 Capacelli - Il vero libro dei sogni
Pepe,,42,137,1881 Capacelli - Il vero libro dei sogni
Peperone,,52,137,1881 Capacelli - Il vero libro dei sogni
Peperoni Molti,,16,137,1881 Capacelli - Il vero libro dei sogni
Peperoni Molti,in composta,52,137,1881 Capacelli - Il vero libro dei sogni
"Pera, Pere, Frutti",,5,137,1881 Capacelli - Il vero libro dei sogni
Percossa,,18,137,1881 Capacelli - Il vero libro dei sogni
Percuotimento,,20,137,1881 Capacelli - Il vero libro dei sogni
Perdere Qualunque,,5,137,1881 Capacelli - Il vero libro dei sogni
Perdere Qualunque,denari o altro,46,137,1881 Capacelli - Il vero libro dei sogni
Perdita Al Giuoco,,5,137,1881 Capacelli - Il vero libro dei sogni
Perdita Al Giuoco,di sangue,59,137,1881 Capacelli - Il vero libro dei sogni
Perdonare,,69,137,1881 Capacelli - Il vero libro dei sogni
Perdonato,,25,137,1881 Capacelli - Il vero libro dei sogni
Perfetto E Perfez,,43,137,1881 Capacelli - Il vero libro dei sogni
Pergamena,,38,137,1881 Capacelli - Il vero libro dei sogni
Pergamotta,,43,137,1881 Capacelli - Il vero libro dei sogni
Pergola D'uva,,26,137,1881 Capacelli - Il vero libro dei sogni
Pergolato,,23,137,1881 Capacelli - Il vero libro dei sogni
Pergolette,,42,137,1881 Capacelli - Il vero libro dei sogni
Pericolo,,54,137,1881 Capacelli - Il vero libro dei sogni
Perito,,62,137,1881 Capacelli - Il vero libro dei sogni
Perle,,90,137,1881 Capacelli - Il vero libro dei sogni
Permettere O Permis,sione,53,137,1881 Capacelli - Il vero libro dei sogni
Pernice,,7,137,1881 Capacelli - Il vero libro dei sogni
Pernice,sola,16,137,1881 Capacelli - Il vero libro dei sogni
Pernottare,,64,137,1881 Capacelli - Il vero libro dei sogni
Pero,albero,55,137,1881 Capacelli - Il vero libro dei sogni
"Perpetue, Fiori",,22,137,1881 Capacelli - Il vero libro dei sogni
Persecuzione,,18,137,1881 Capacelli - Il vero libro dei sogni
Perseguitare,,45,137,1881 Capacelli - Il vero libro dei sogni
"Persico, Albero",,13,137,1881 Capacelli - Il vero libro dei sogni
"Persico, Albero",colore,69,137,1881 Capacelli - Il vero libro dei sogni
Persichi,,26,137,1881 Capacelli - Il vero libro dei sogni
Persico,,4,137,1881 Capacelli - Il vero libro dei sogni
Persica,,4,137,1881 Capacelli - Il vero libro dei sogni
Persistere Nell'opin,,3,137,1881 Capacelli - Il vero libro dei sogni
Personale,,17,137,1881 Capacelli - Il vero libro dei sogni
Pertica,,39,137,1881 Capacelli - Il vero libro dei sogni
Pesare O Pesatore,,7,137,1881 Capacelli - Il vero libro dei sogni
Pescatore,,2,137,1881 Capacelli - Il vero libro dei sogni
Pescatore,che pesca,60,137,1881 Capacelli - Il vero libro dei sogni
Pescatore,con l'amo,69,137,1881 Capacelli - Il vero libro dei sogni
Pescatore,in mare,69,137,1881 Capacelli - Il vero libro dei sogni
Pescatori,,60,137,1881 Capacelli - Il vero libro dei sogni
Pesce Spada,,34,137,1881 Capacelli - Il vero libro dei sogni
Pesce Spada,solo,2,137,1881 Capacelli - Il vero libro dei sogni
Pescheria,,39,137,1881 Capacelli - Il vero libro dei sogni
Peschiera,,34,137,1881 Capacelli - Il vero libro dei sogni
Pesci,,79,137,1881 Capacelli - Il vero libro dei sogni
Pesci,sotto ' acqua,1,137,1881 Capacelli - Il vero libro dei sogni
Pesci,nell'acqua,55,137,1881 Capacelli - Il vero libro dei sogni
Pesci,di mare,39,137,1881 Capacelli - Il vero libro dei sogni
Pesci,d'acqua dolce,34,137,1881 Capacelli - Il vero libro dei sogni
Pesciolini,,52,137,1881 Capacelli - Il vero libro dei sogni
Pescivendola,,2,137,1881 Capacelli - Il vero libro dei sogni
Pescivendolo,,49,137,1881 Capacelli - Il vero libro dei sogni
Peso,o scandag,7,137,1881 Capacelli - Il vero libro dei sogni
Pestare,,27,137,1881 Capacelli - Il vero libro dei sogni
Peste,,2,137,1881 Capacelli - Il vero libro dei sogni
Pestello,,1,137,1881 Capacelli - Il vero libro dei sogni
Pestia,,89,137,1881 Capacelli - Il vero libro dei sogni
Pestone,,61,137,1881 Capacelli - Il vero libro dei sogni
Petare O Peto,,38,137,1881 Capacelli - Il vero libro dei sogni
"Petacciola, Erba",,49,137,1881 Capacelli - Il vero libro dei sogni
Petecchie,,54,137,1881 Capacelli - Il vero libro dei sogni
Pettinare,,62,138,1881 Capacelli - Il vero libro dei sogni
Pettinare,,50,138,1881 Capacelli - Il vero libro dei sogni
Pettinaro,,1,138,1881 Capacelli - Il vero libro dei sogni
Pettinarsi,,41,138,1881 Capacelli - Il vero libro dei sogni
Pettine Da Lino,,8,138,1881 Capacelli - Il vero libro dei sogni
Pettine Da Lino,d'avorio,13 14,138,1881 Capacelli - Il vero libro dei sogni
Pettinella,,55,138,1881 Capacelli - Il vero libro dei sogni
Pettiniera,,65 68,138,1881 Capacelli - Il vero libro dei sogni
Pettiniere Ricamato,,6,138,1881 Capacelli - Il vero libro dei sogni
Petto,,87,138,1881 Capacelli - Il vero libro dei sogni
Petto,a botta,50,138,1881 Capacelli - Il vero libro dei sogni
Petto,da donna,8 28,138,1881 Capacelli - Il vero libro dei sogni
Pettonciani,,35 77,138,1881 Capacelli - Il vero libro dei sogni
Pettorale,,1,138,1881 Capacelli - Il vero libro dei sogni
Pettorina,,65,138,1881 Capacelli - Il vero libro dei sogni
Pezze Bianche,,8,138,1881 Capacelli - Il vero libro dei sogni
Pezze Bianche,di tela,17,138,1881 Capacelli - Il vero libro dei sogni
Pezze Bianche,di panno,7,138,1881 Capacelli - Il vero libro dei sogni
Pezze Bianche,da bambini,29,138,1881 Capacelli - Il vero libro dei sogni
Pezze Bianche,qualunque,66,138,1881 Capacelli - Il vero libro dei sogni
Pezzette Di Levante,,55,138,1881 Capacelli - Il vero libro dei sogni
Pezzuole Da Collo,,6,138,1881 Capacelli - Il vero libro dei sogni
Pezzuole Da Naso,,31,138,1881 Capacelli - Il vero libro dei sogni
Piaga Qualunque,,47,138,1881 Capacelli - Il vero libro dei sogni
Pialla,,64,138,1881 Capacelli - Il vero libro dei sogni
Piana,,39,138,1881 Capacelli - Il vero libro dei sogni
Pianellaro,,38,138,1881 Capacelli - Il vero libro dei sogni
Pianellaro,pianeti,61,138,1881 Capacelli - Il vero libro dei sogni
Pianerottolo,,90,138,1881 Capacelli - Il vero libro dei sogni
Pianeta,,60,138,1881 Capacelli - Il vero libro dei sogni
Arredo,sacro,62,138,1881 Capacelli - Il vero libro dei sogni
"Piangere, Pianto",,3,138,1881 Capacelli - Il vero libro dei sogni
Piano Di Casa,,3,138,1881 Capacelli - Il vero libro dei sogni
Piano,di terra,86,138,1881 Capacelli - Il vero libro dei sogni
Pianta,,43 83,138,1881 Capacelli - Il vero libro dei sogni
Piantare,,29,138,1881 Capacelli - Il vero libro dei sogni
Piantarola,,6,138,1881 Capacelli - Il vero libro dei sogni
Piantare Qualunque,,12,138,1881 Capacelli - Il vero libro dei sogni
Piattaro,,10 38,138,1881 Capacelli - Il vero libro dei sogni
Piatteria Qual,,10 48,138,1881 Capacelli - Il vero libro dei sogni
Piatti,,49 47,138,1881 Capacelli - Il vero libro dei sogni
Piatti,di porcellana,12,138,1881 Capacelli - Il vero libro dei sogni
Piatti,d'oro,72,138,1881 Capacelli - Il vero libro dei sogni
Piatti,di stagno,18,138,1881 Capacelli - Il vero libro dei sogni
Piatti,di majolica,29,138,1881 Capacelli - Il vero libro dei sogni
Piatti,d'argento,40,138,1881 Capacelli - Il vero libro dei sogni
Piatti,di terra,4,138,1881 Capacelli - Il vero libro dei sogni
Piattini Di Rosso,,54,138,1881 Capacelli - Il vero libro dei sogni
Piattole,,58 90,138,1881 Capacelli - Il vero libro dei sogni
Piattonata,,69,138,1881 Capacelli - Il vero libro dei sogni
Piattoni,,45,138,1881 Capacelli - Il vero libro dei sogni
Piazza,,72,138,1881 Capacelli - Il vero libro dei sogni
Piazza,d'arme,71,138,1881 Capacelli - Il vero libro dei sogni
Piazza,d'erbe,52,138,1881 Capacelli - Il vero libro dei sogni
Piazza,di frutte,29,138,1881 Capacelli - Il vero libro dei sogni
Piazza,del vino,24,138,1881 Capacelli - Il vero libro dei sogni
Piazza,di granaglie,82,138,1881 Capacelli - Il vero libro dei sogni
Piazza,del bosco,87,138,1881 Capacelli - Il vero libro dei sogni
Picche,e lance,26,138,1881 Capacelli - Il vero libro dei sogni
Picchetto Di Soldati,,51,138,1881 Capacelli - Il vero libro dei sogni
Picchetto Di Soldati,giuoco,5,138,1881 Capacelli - Il vero libro dei sogni
Picchiare,,19,138,1881 Capacelli - Il vero libro dei sogni
Picchio Uccello,,40,138,1881 Capacelli - Il vero libro dei sogni
Piccino,,43,138,1881 Capacelli - Il vero libro dei sogni
Piccioni,,6 51,138,1881 Capacelli - Il vero libro dei sogni
Piede,,3,138,1881 Capacelli - Il vero libro dei sogni
Piede,umano,29,138,1881 Capacelli - Il vero libro dei sogni
Piede,grande,53,138,1881 Capacelli - Il vero libro dei sogni
Piede,piccolo,39,138,1881 Capacelli - Il vero libro dei sogni
Piede,da misuratore,24,138,1881 Capacelli - Il vero libro dei sogni
Piedestallo,,39,138,1881 Capacelli - Il vero libro dei sogni
Piedi,,11,138,1881 Capacelli - Il vero libro dei sogni
Piedi,da incannare,77,138,1881 Capacelli - Il vero libro dei sogni
Piedi,d'animali,20,138,1881 Capacelli - Il vero libro dei sogni
Piego,,70,139,1881 Capacelli - Il vero libro dei sogni
Rena,,62,139,1881 Capacelli - Il vero libro dei sogni
Rena,qualunque,63,139,1881 Capacelli - Il vero libro dei sogni
Pietanze,,79,139,1881 Capacelli - Il vero libro dei sogni
Pietra,,41,139,1881 Capacelli - Il vero libro dei sogni
Pietra,santa,64,139,1881 Capacelli - Il vero libro dei sogni
Pietraro,,22,139,1881 Capacelli - Il vero libro dei sogni
Pietrari,,14,139,1881 Capacelli - Il vero libro dei sogni
Pietre Tirare,,7,139,1881 Capacelli - Il vero libro dei sogni
Pietre Tirare,preziose,35,139,1881 Capacelli - Il vero libro dei sogni
Pievano,,43,139,1881 Capacelli - Il vero libro dei sogni
Pieve,,17,139,1881 Capacelli - Il vero libro dei sogni
Piffero E Piffero,,20,139,1881 Capacelli - Il vero libro dei sogni
Piffero E Piffero,con tamburri,6,139,1881 Capacelli - Il vero libro dei sogni
Pigionare,,66,139,1881 Capacelli - Il vero libro dei sogni
Pigione,,2,139,1881 Capacelli - Il vero libro dei sogni
Pignatta,e pignatte,10,139,1881 Capacelli - Il vero libro dei sogni
Pignattini,,26,139,1881 Capacelli - Il vero libro dei sogni
Pigne,e pine,52,139,1881 Capacelli - Il vero libro dei sogni
Pignoli,,30,139,1881 Capacelli - Il vero libro dei sogni
Pila,,20,139,1881 Capacelli - Il vero libro dei sogni
Pila,d'acqua santa,13,139,1881 Capacelli - Il vero libro dei sogni
Pila,da carta,18,139,1881 Capacelli - Il vero libro dei sogni
Pilaro,,89,139,1881 Capacelli - Il vero libro dei sogni
Pilastri,,41,139,1881 Capacelli - Il vero libro dei sogni
Pilastro,,60,139,1881 Capacelli - Il vero libro dei sogni
Pilato,,29,139,1881 Capacelli - Il vero libro dei sogni
Pile E Pilette,,69,139,1881 Capacelli - Il vero libro dei sogni
Pilone,,44,139,1881 Capacelli - Il vero libro dei sogni
Piloro,,38,139,1881 Capacelli - Il vero libro dei sogni
Piloso,,82,139,1881 Capacelli - Il vero libro dei sogni
Pilota Di Nave,,2,139,1881 Capacelli - Il vero libro dei sogni
Pimpinella,erba,39,139,1881 Capacelli - Il vero libro dei sogni
Pina O Pine,,3,139,1881 Capacelli - Il vero libro dei sogni
Pino E Pini,,15,139,1881 Capacelli - Il vero libro dei sogni
Pinocchiato,,4,139,1881 Capacelli - Il vero libro dei sogni
Pinocchietti,,51,139,1881 Capacelli - Il vero libro dei sogni
Pinta,,1,139,1881 Capacelli - Il vero libro dei sogni
Pioggia,,12,139,1881 Capacelli - Il vero libro dei sogni
Pioggia,dirotta,75,139,1881 Capacelli - Il vero libro dei sogni
Pioggia,d'oro,24,139,1881 Capacelli - Il vero libro dei sogni
Pioggia,d'argento,6,139,1881 Capacelli - Il vero libro dei sogni
Piolo,,67,139,1881 Capacelli - Il vero libro dei sogni
Piombare,,46,139,1881 Capacelli - Il vero libro dei sogni
Piombarolo E Piombare,la,79,139,1881 Capacelli - Il vero libro dei sogni
Piombino,e piombini,4,139,1881 Capacelli - Il vero libro dei sogni
Piombo,,44,139,1881 Capacelli - Il vero libro dei sogni
Pioppo,,79,139,1881 Capacelli - Il vero libro dei sogni
Piover In Casa,,53,139,1881 Capacelli - Il vero libro dei sogni
Pipa Da Fumare,,7,139,1881 Capacelli - Il vero libro dei sogni
Piparo,,9,139,1881 Capacelli - Il vero libro dei sogni
Pipe,,46,139,1881 Capacelli - Il vero libro dei sogni
Pipistrello,,76,139,1881 Capacelli - Il vero libro dei sogni
Piramide,,4,139,1881 Capacelli - Il vero libro dei sogni
Pisciare,in letto,18,139,1881 Capacelli - Il vero libro dei sogni
Pisciare,in terra,39,139,1881 Capacelli - Il vero libro dei sogni
Piscio,,37,139,1881 Capacelli - Il vero libro dei sogni
Piselli,,61,139,1881 Capacelli - Il vero libro dei sogni
Pisello,,48,139,1881 Capacelli - Il vero libro dei sogni
"Pistola, Uccello",,42,139,1881 Capacelli - Il vero libro dei sogni
Pisside,,58,139,1881 Capacelli - Il vero libro dei sogni
Pistacchi,,82,139,1881 Capacelli - Il vero libro dei sogni
Pistello,o pestello,38,139,1881 Capacelli - Il vero libro dei sogni
Pistola E Pistole,,10,139,1881 Capacelli - Il vero libro dei sogni
Pistolaccia,,61,139,1881 Capacelli - Il vero libro dei sogni
Pistone,,36,139,1881 Capacelli - Il vero libro dei sogni
Pittima,,39,139,1881 Capacelli - Il vero libro dei sogni
Pittore,,16,139,1881 Capacelli - Il vero libro dei sogni
Pittoresco,,5,139,1881 Capacelli - Il vero libro dei sogni
Pittura,,6,139,1881 Capacelli - Il vero libro dei sogni
"Pica, Stromento Da Suo-",suono,11,140,1881 Capacelli - Il vero libro dei sogni
Piviale Arr Sacro,,55,140,1881 Capacelli - Il vero libro dei sogni
Piuma,,62,140,1881 Capacelli - Il vero libro dei sogni
Piumaccini,,34,140,1881 Capacelli - Il vero libro dei sogni
Piumaccio,,78,140,1881 Capacelli - Il vero libro dei sogni
Piuraare Uccelli,,15,140,1881 Capacelli - Il vero libro dei sogni
Pizzarola,,17 27,140,1881 Capacelli - Il vero libro dei sogni
Pizzarolo,,20,140,1881 Capacelli - Il vero libro dei sogni
Pizzetti,,6 21,140,1881 Capacelli - Il vero libro dei sogni
Pizzicagnolo,,10 20,140,1881 Capacelli - Il vero libro dei sogni
Pizzigonl,,36,140,1881 Capacelli - Il vero libro dei sogni
Pfzzicolata,,3,140,1881 Capacelli - Il vero libro dei sogni
Pfzzicolata,plafonare,10,140,1881 Capacelli - Il vero libro dei sogni
Platea Di Teatro,,10,140,1881 Capacelli - Il vero libro dei sogni
Plebe,,42,140,1881 Capacelli - Il vero libro dei sogni
Plico,,70,140,1881 Capacelli - Il vero libro dei sogni
Poca Grazia,,27,140,1881 Capacelli - Il vero libro dei sogni
Podagra,,68,140,1881 Capacelli - Il vero libro dei sogni
Podere,,37,140,1881 Capacelli - Il vero libro dei sogni
Poema,,63,140,1881 Capacelli - Il vero libro dei sogni
Poeta,,27,140,1881 Capacelli - Il vero libro dei sogni
Poeta,improvviso,3,140,1881 Capacelli - Il vero libro dei sogni
Poetessa,,32,140,1881 Capacelli - Il vero libro dei sogni
Poggi,,53,140,1881 Capacelli - Il vero libro dei sogni
Poggio,,9,140,1881 Capacelli - Il vero libro dei sogni
Poggiolini,,50,140,1881 Capacelli - Il vero libro dei sogni
Polacca,,8,140,1881 Capacelli - Il vero libro dei sogni
Poledra,,82,140,1881 Capacelli - Il vero libro dei sogni
Poledro,,4 85,140,1881 Capacelli - Il vero libro dei sogni
Polenta,o polente,16 65,140,1881 Capacelli - Il vero libro dei sogni
Policinella,,67,140,1881 Capacelli - Il vero libro dei sogni
Polipo,,12,140,1881 Capacelli - Il vero libro dei sogni
Polito,,48 75,140,1881 Capacelli - Il vero libro dei sogni
Polizia,,4,140,1881 Capacelli - Il vero libro dei sogni
Pollajo,,8 28,140,1881 Capacelli - Il vero libro dei sogni
Pollame,,23 78,140,1881 Capacelli - Il vero libro dei sogni
Pollami,,48,140,1881 Capacelli - Il vero libro dei sogni
Pollanca O Pollarda,,63,140,1881 Capacelli - Il vero libro dei sogni
Pollarolo,,6,140,1881 Capacelli - Il vero libro dei sogni
Pollastra,,54,140,1881 Capacelli - Il vero libro dei sogni
Pollastri,,8 65,140,1881 Capacelli - Il vero libro dei sogni
Pollastrino,,49,140,1881 Capacelli - Il vero libro dei sogni
Pollo,,25,140,1881 Capacelli - Il vero libro dei sogni
Polli,,4 67,140,1881 Capacelli - Il vero libro dei sogni
Pollina,,35,140,1881 Capacelli - Il vero libro dei sogni
Pollini,,68 80,140,1881 Capacelli - Il vero libro dei sogni
Pollo D'acqua,,86,140,1881 Capacelli - Il vero libro dei sogni
Pollo D'india,,66,140,1881 Capacelli - Il vero libro dei sogni
"Polmonaria, Erba",,26,140,1881 Capacelli - Il vero libro dei sogni
Polmoni,,69,140,1881 Capacelli - Il vero libro dei sogni
Polpa,,56,140,1881 Capacelli - Il vero libro dei sogni
Polpastrello,,33,140,1881 Capacelli - Il vero libro dei sogni
Polpette,,8 24,140,1881 Capacelli - Il vero libro dei sogni
Polpo Pesce,,64,140,1881 Capacelli - Il vero libro dei sogni
Polso,,75,140,1881 Capacelli - Il vero libro dei sogni
Poltrona Seggiola,,65,140,1881 Capacelli - Il vero libro dei sogni
Poltrone,,59,140,1881 Capacelli - Il vero libro dei sogni
Poltroneria,,29,140,1881 Capacelli - Il vero libro dei sogni
Polvere,,27,140,1881 Capacelli - Il vero libro dei sogni
Polvere,d'archibugio,58,140,1881 Capacelli - Il vero libro dei sogni
Polvere,di cipro,55,140,1881 Capacelli - Il vero libro dei sogni
Polvere,di santonina,53,140,1881 Capacelli - Il vero libro dei sogni
Polverieri Polverini,,48,140,1881 Capacelli - Il vero libro dei sogni
Polverio,,18,140,1881 Capacelli - Il vero libro dei sogni
Pomara,,39,140,1881 Capacelli - Il vero libro dei sogni
Pomata Qualunque,,71,140,1881 Capacelli - Il vero libro dei sogni
Pomi,,39 64,140,1881 Capacelli - Il vero libro dei sogni
Pomi,d'oro,44,140,1881 Capacelli - Il vero libro dei sogni
Pomice,,24,140,1881 Capacelli - Il vero libro dei sogni
Pomo,,2,140,1881 Capacelli - Il vero libro dei sogni
Pomo,di spada od altro,47 54,140,1881 Capacelli - Il vero libro dei sogni
Pompa,e pompare,19,140,1881 Capacelli - Il vero libro dei sogni
Pompe Molte,,71,141,1881 Capacelli - Il vero libro dei sogni
Pompieri,,21,141,1881 Capacelli - Il vero libro dei sogni
"Pondi, Male",,6,141,1881 Capacelli - Il vero libro dei sogni
Ponte,,6 68,141,1881 Capacelli - Il vero libro dei sogni
Ponte,di ferro,72,141,1881 Capacelli - Il vero libro dei sogni
Ponte,di pietra,31 68,141,1881 Capacelli - Il vero libro dei sogni
Ponte,levatojo,53,141,1881 Capacelli - Il vero libro dei sogni
Pontificale,,65,141,1881 Capacelli - Il vero libro dei sogni
Popolo,,30,141,1881 Capacelli - Il vero libro dei sogni
Poponaro,,11,141,1881 Capacelli - Il vero libro dei sogni
Poponi,,61,141,1881 Capacelli - Il vero libro dei sogni
Poppare,,84,141,1881 Capacelli - Il vero libro dei sogni
Poppe,,4,141,1881 Capacelli - Il vero libro dei sogni
Poppea,,6,141,1881 Capacelli - Il vero libro dei sogni
Porcara E Porcaro,,76,141,1881 Capacelli - Il vero libro dei sogni
Porcellana E Porcellane Erba,,80 82,141,1881 Capacelli - Il vero libro dei sogni
Porcellini D'india,,60,141,1881 Capacelli - Il vero libro dei sogni
Porci,,66,141,1881 Capacelli - Il vero libro dei sogni
Porci,cignali,33,141,1881 Capacelli - Il vero libro dei sogni
Porco,solo,3,141,1881 Capacelli - Il vero libro dei sogni
Porco,riccio,71,141,1881 Capacelli - Il vero libro dei sogni
Porco,spino,25,141,1881 Capacelli - Il vero libro dei sogni
Porco,cignale,69,141,1881 Capacelli - Il vero libro dei sogni
Porfido,,48,141,1881 Capacelli - Il vero libro dei sogni
Porpora,,35,141,1881 Capacelli - Il vero libro dei sogni
Porta,,18 68,141,1881 Capacelli - Il vero libro dei sogni
Porta,aperta,10 68,141,1881 Capacelli - Il vero libro dei sogni
Porta,chiusa,4,141,1881 Capacelli - Il vero libro dei sogni
Porta,di città,72,141,1881 Capacelli - Il vero libro dei sogni
Porta,volante,2 32,141,1881 Capacelli - Il vero libro dei sogni
Porta,craglione,21,141,1881 Capacelli - Il vero libro dei sogni
Portabandiera,,7,141,1881 Capacelli - Il vero libro dei sogni
Portafogli,,16,141,1881 Capacelli - Il vero libro dei sogni
Portainsegna,,6,141,1881 Capacelli - Il vero libro dei sogni
Portalettere,,25,141,1881 Capacelli - Il vero libro dei sogni
Portamantello,,48,141,1881 Capacelli - Il vero libro dei sogni
Portatore D'acqua,,7,141,1881 Capacelli - Il vero libro dei sogni
Porte,,79 90,141,1881 Capacelli - Il vero libro dei sogni
Porti,,72,141,1881 Capacelli - Il vero libro dei sogni
Portico,,40 45,141,1881 Capacelli - Il vero libro dei sogni
Portiera,,4 43,141,1881 Capacelli - Il vero libro dei sogni
Portiere,,12,141,1881 Capacelli - Il vero libro dei sogni
Portinaia,e portinaio,21,141,1881 Capacelli - Il vero libro dei sogni
Porto,di mare,53,141,1881 Capacelli - Il vero libro dei sogni
Porto,d'armi,54,141,1881 Capacelli - Il vero libro dei sogni
Portogallo,,90,141,1881 Capacelli - Il vero libro dei sogni
Portoghese,,89,141,1881 Capacelli - Il vero libro dei sogni
Posata D'argento,,89,141,1881 Capacelli - Il vero libro dei sogni
Posata D'argento,d'oro,69,141,1881 Capacelli - Il vero libro dei sogni
Posata D'argento,d'ottone,7,141,1881 Capacelli - Il vero libro dei sogni
Posate,molte,68,141,1881 Capacelli - Il vero libro dei sogni
Posca,,80,141,1881 Capacelli - Il vero libro dei sogni
Posta,,60,141,1881 Capacelli - Il vero libro dei sogni
Posta,di lettere,52,141,1881 Capacelli - Il vero libro dei sogni
Posta,di cavalli,6,141,1881 Capacelli - Il vero libro dei sogni
Posterità,,14,141,1881 Capacelli - Il vero libro dei sogni
Postiere,,43,141,1881 Capacelli - Il vero libro dei sogni
Postiglione,,39 73,141,1881 Capacelli - Il vero libro dei sogni
Postribolo,,54,141,1881 Capacelli - Il vero libro dei sogni
Potare Alberi,,67,141,1881 Capacelli - Il vero libro dei sogni
Potestà,,9,141,1881 Capacelli - Il vero libro dei sogni
Poveretto,,48,141,1881 Capacelli - Il vero libro dei sogni
Poveri,,30 56,141,1881 Capacelli - Il vero libro dei sogni
Povero,,32,141,1881 Capacelli - Il vero libro dei sogni
Pozzi,,22,141,1881 Capacelli - Il vero libro dei sogni
Pozzo,,67,141,1881 Capacelli - Il vero libro dei sogni
Pozzo,o pozzanghera,34,141,1881 Capacelli - Il vero libro dei sogni
Pozzo,di campagna,65,141,1881 Capacelli - Il vero libro dei sogni
Pozzo,"nero , v",18,141,1881 Capacelli - Il vero libro dei sogni
Pozzolana,,88,141,1881 Capacelli - Il vero libro dei sogni
Prammatica,,8,141,1881 Capacelli - Il vero libro dei sogni
Pranzo,,39,142,1881 Capacelli - Il vero libro dei sogni
Praroto,fungo,6,142,1881 Capacelli - Il vero libro dei sogni
Fratello,,12,142,1881 Capacelli - Il vero libro dei sogni
Prato Verde,,37,142,1881 Capacelli - Il vero libro dei sogni
Prato Verde,pieno di fiori,1,142,1881 Capacelli - Il vero libro dei sogni
Prato Verde,con bestiame,17,142,1881 Capacelli - Il vero libro dei sogni
Precetti,,81,142,1881 Capacelli - Il vero libro dei sogni
Precettore,,81,142,1881 Capacelli - Il vero libro dei sogni
Precipitare,,57,142,1881 Capacelli - Il vero libro dei sogni
Precipitato,,68,142,1881 Capacelli - Il vero libro dei sogni
Preda,,90,142,1881 Capacelli - Il vero libro dei sogni
Predella Di Letto,,40,142,1881 Capacelli - Il vero libro dei sogni
Predella Di Letto,da parto,80,142,1881 Capacelli - Il vero libro dei sogni
Predica,,17,142,1881 Capacelli - Il vero libro dei sogni
Predicatore,,56,142,1881 Capacelli - Il vero libro dei sogni
Predizione Felice,,8,142,1881 Capacelli - Il vero libro dei sogni
Predizione Felice,infelice,81,142,1881 Capacelli - Il vero libro dei sogni
Prefetto,,63,142,1881 Capacelli - Il vero libro dei sogni
Prefettura,,85,142,1881 Capacelli - Il vero libro dei sogni
Preghiera,,9,142,1881 Capacelli - Il vero libro dei sogni
Pregna,,21,142,1881 Capacelli - Il vero libro dei sogni
Pregnante,,2,142,1881 Capacelli - Il vero libro dei sogni
Prelati Molti,,70,142,1881 Capacelli - Il vero libro dei sogni
Prelato,,71,142,1881 Capacelli - Il vero libro dei sogni
Prender Tabacco,,49,142,1881 Capacelli - Il vero libro dei sogni
Prenditora,,50,142,1881 Capacelli - Il vero libro dei sogni
Prenditore,,59,142,1881 Capacelli - Il vero libro dei sogni
Preparativi Fare,,26,142,1881 Capacelli - Il vero libro dei sogni
Prepositura,,5,142,1881 Capacelli - Il vero libro dei sogni
Prepositura,qualunque,28,142,1881 Capacelli - Il vero libro dei sogni
Presciutto,,29,142,1881 Capacelli - Il vero libro dei sogni
Presenti,fare,8,142,1881 Capacelli - Il vero libro dei sogni
Presenti,ricevere,2,142,1881 Capacelli - Il vero libro dei sogni
Presepio,,25,142,1881 Capacelli - Il vero libro dei sogni
Preservativo,qual,65,142,1881 Capacelli - Il vero libro dei sogni
Presidente,,46,142,1881 Capacelli - Il vero libro dei sogni
Preside,,69,142,1881 Capacelli - Il vero libro dei sogni
Prestare,,12,142,1881 Capacelli - Il vero libro dei sogni
Prestatore O Presta,trice sui pegni,22,142,1881 Capacelli - Il vero libro dei sogni
Presto,,6,142,1881 Capacelli - Il vero libro dei sogni
Prete,,39,142,1881 Capacelli - Il vero libro dei sogni
Prete,nel confessionale,19,142,1881 Capacelli - Il vero libro dei sogni
Prete,in funzione,33,142,1881 Capacelli - Il vero libro dei sogni
Prete,all'altare,50,142,1881 Capacelli - Il vero libro dei sogni
Preti Molti,,90,142,1881 Capacelli - Il vero libro dei sogni
Pretore,,8,142,1881 Capacelli - Il vero libro dei sogni
Prezzemolo,,12,142,1881 Capacelli - Il vero libro dei sogni
Prigione,,71,142,1881 Capacelli - Il vero libro dei sogni
Prigione,aperta,44,142,1881 Capacelli - Il vero libro dei sogni
Prigioniero,,63,142,1881 Capacelli - Il vero libro dei sogni
• Prigionieri,,64,142,1881 Capacelli - Il vero libro dei sogni
• Prigionieri,di guerra,72,142,1881 Capacelli - Il vero libro dei sogni
Primavera,,62,142,1881 Capacelli - Il vero libro dei sogni
Principato,,10,142,1881 Capacelli - Il vero libro dei sogni
Principe,,13,142,1881 Capacelli - Il vero libro dei sogni
Principessa,,49,142,1881 Capacelli - Il vero libro dei sogni
Principesse,,59,142,1881 Capacelli - Il vero libro dei sogni
Principi,,26,142,1881 Capacelli - Il vero libro dei sogni
Principina,,44,142,1881 Capacelli - Il vero libro dei sogni
Principino,,10,142,1881 Capacelli - Il vero libro dei sogni
Priora,,23,142,1881 Capacelli - Il vero libro dei sogni
Privarsi Di Qualche Cosa,,40,142,1881 Capacelli - Il vero libro dei sogni
Procaccio,,43,142,1881 Capacelli - Il vero libro dei sogni
Procedere Contro Al,,8,142,1881 Capacelli - Il vero libro dei sogni
Procedere Contro Al,cuno ingiustamente,7,142,1881 Capacelli - Il vero libro dei sogni
Processato,,49,142,1881 Capacelli - Il vero libro dei sogni
Processi,,15,142,1881 Capacelli - Il vero libro dei sogni
Processione Piccola,,88,142,1881 Capacelli - Il vero libro dei sogni
Processione Grande,,90,143,1881 Capacelli - Il vero libro dei sogni
Processioni,,90,143,1881 Capacelli - Il vero libro dei sogni
Processo,,44,143,1881 Capacelli - Il vero libro dei sogni
Proclama,,71,143,1881 Capacelli - Il vero libro dei sogni
Proclamazione,,1,143,1881 Capacelli - Il vero libro dei sogni
Procuratore,,55,143,1881 Capacelli - Il vero libro dei sogni
Procuratore,imperiale,80,143,1881 Capacelli - Il vero libro dei sogni
Procuratore,più,56,143,1881 Capacelli - Il vero libro dei sogni
Profanare O Profana Zione,,35,143,1881 Capacelli - Il vero libro dei sogni
Profano,,24,143,1881 Capacelli - Il vero libro dei sogni
Profeta,,19,143,1881 Capacelli - Il vero libro dei sogni
Profetessa,,45,143,1881 Capacelli - Il vero libro dei sogni
Professione Qual,,41,143,1881 Capacelli - Il vero libro dei sogni
Profezia,,30,143,1881 Capacelli - Il vero libro dei sogni
Profumare,,59,143,1881 Capacelli - Il vero libro dei sogni
Profumeria,,26,143,1881 Capacelli - Il vero libro dei sogni
Profumi,,24,143,1881 Capacelli - Il vero libro dei sogni
Profumiere,,5,143,1881 Capacelli - Il vero libro dei sogni
Progetti,fare,2,143,1881 Capacelli - Il vero libro dei sogni
Promettere E Promes Sa,,1 63,143,1881 Capacelli - Il vero libro dei sogni
Proposito,,10,143,1881 Capacelli - Il vero libro dei sogni
Proposizione,,68,143,1881 Capacelli - Il vero libro dei sogni
Proroga,,7,143,1881 Capacelli - Il vero libro dei sogni
Proscenio,,87,143,1881 Capacelli - Il vero libro dei sogni
Prospettiva,,58,143,1881 Capacelli - Il vero libro dei sogni
Prostituire,,72,143,1881 Capacelli - Il vero libro dei sogni
Prostituzione,,27,143,1881 Capacelli - Il vero libro dei sogni
Proto,,78,143,1881 Capacelli - Il vero libro dei sogni
Protomedico,,81,143,1881 Capacelli - Il vero libro dei sogni
Prova,,29,143,1881 Capacelli - Il vero libro dei sogni
Provale,,29,143,1881 Capacelli - Il vero libro dei sogni
Provare,,55,143,1881 Capacelli - Il vero libro dei sogni
Prove Di Cannoni,,48,143,1881 Capacelli - Il vero libro dei sogni
Prove Di Cannoni,di fisica,80,143,1881 Capacelli - Il vero libro dei sogni
Provinciale,,36,143,1881 Capacelli - Il vero libro dei sogni
Provveditore,,43,143,1881 Capacelli - Il vero libro dei sogni
Provvidenza,,81,143,1881 Capacelli - Il vero libro dei sogni
Pugnoli,,38,143,1881 Capacelli - Il vero libro dei sogni
Pugna,,56,143,1881 Capacelli - Il vero libro dei sogni
Prugne,,59,143,1881 Capacelli - Il vero libro dei sogni
Puerpera,,27,143,1881 Capacelli - Il vero libro dei sogni
Puerperio,,14,143,1881 Capacelli - Il vero libro dei sogni
Pudico,,5,143,1881 Capacelli - Il vero libro dei sogni
Pugna Nel Viso,,71,143,1881 Capacelli - Il vero libro dei sogni
Pugnalata,,22,143,1881 Capacelli - Il vero libro dei sogni
Pugnale,,19,143,1881 Capacelli - Il vero libro dei sogni
Pugnitopo,,44,143,1881 Capacelli - Il vero libro dei sogni
Pugno,,71,143,1881 Capacelli - Il vero libro dei sogni
Pula,,56,143,1881 Capacelli - Il vero libro dei sogni
Pulce,,38,143,1881 Capacelli - Il vero libro dei sogni
Pukella O Fanciulla,,83,143,1881 Capacelli - Il vero libro dei sogni
Pulcesacca,,38,143,1881 Capacelli - Il vero libro dei sogni
Pulci,,9 52,143,1881 Capacelli - Il vero libro dei sogni
Pulci,uccidere,28,143,1881 Capacelli - Il vero libro dei sogni
Pulcinella,,5,143,1881 Capacelli - Il vero libro dei sogni
Pulcini,,12,143,1881 Capacelli - Il vero libro dei sogni
Pulcini,di fresco nati,53,143,1881 Capacelli - Il vero libro dei sogni
Pulcino,,64,143,1881 Capacelli - Il vero libro dei sogni
Puledra,,62,143,1881 Capacelli - Il vero libro dei sogni
Puledro,,63,143,1881 Capacelli - Il vero libro dei sogni
Pulpiti,,24,143,1881 Capacelli - Il vero libro dei sogni
Pulpito,,12,143,1881 Capacelli - Il vero libro dei sogni
"Punch, Bevanda",,49,143,1881 Capacelli - Il vero libro dei sogni
Pungere,,35,143,1881 Capacelli - Il vero libro dei sogni
Pungole,,8,143,1881 Capacelli - Il vero libro dei sogni
Punta,,28,143,1881 Capacelli - Il vero libro dei sogni
Puntali,,73,143,1881 Capacelli - Il vero libro dei sogni
Puntone,,27,143,1881 Capacelli - Il vero libro dei sogni
Puntoni,,47,143,1881 Capacelli - Il vero libro dei sogni
Pupazzi,,63,143,1881 Capacelli - Il vero libro dei sogni
Pupazzi,che ballano,60,143,1881 Capacelli - Il vero libro dei sogni
Pupilla O Pupillo,,15,143,1881 Capacelli - Il vero libro dei sogni
Pupille,,22,144,1881 Capacelli - Il vero libro dei sogni
Pupilli Uffizio,,55,144,1881 Capacelli - Il vero libro dei sogni
Puppa,,2 28,144,1881 Capacelli - Il vero libro dei sogni
Puppare,,84,144,1881 Capacelli - Il vero libro dei sogni
Puppino,,48,144,1881 Capacelli - Il vero libro dei sogni
Purga,,74,144,1881 Capacelli - Il vero libro dei sogni
Purgatorio,,6 85,144,1881 Capacelli - Il vero libro dei sogni
Putta,v,90,144,1881 Capacelli - Il vero libro dei sogni
Ragazza Puttana,,78,144,1881 Capacelli - Il vero libro dei sogni
Puttino,,2,144,1881 Capacelli - Il vero libro dei sogni
Putto E Putti,,39 86,144,1881 Capacelli - Il vero libro dei sogni
Puzza,,46,144,1881 Capacelli - Il vero libro dei sogni
Puzzolana,,66,144,1881 Capacelli - Il vero libro dei sogni
Puzzolente,,16,144,1881 Capacelli - Il vero libro dei sogni
Quaderno D'olio,,8,144,1881 Capacelli - Il vero libro dei sogni
Quaderno D'olio,di fogli,8 23,144,1881 Capacelli - Il vero libro dei sogni
Quadernucci,di ricev,7,144,1881 Capacelli - Il vero libro dei sogni
Quadrante,,89,144,1881 Capacelli - Il vero libro dei sogni
Quadrata,,16,144,1881 Capacelli - Il vero libro dei sogni
Quadrato,,4,144,1881 Capacelli - Il vero libro dei sogni
Quadrelli,,44,144,1881 Capacelli - Il vero libro dei sogni
Quadrello,,7,144,1881 Capacelli - Il vero libro dei sogni
Quadretti,,40,144,1881 Capacelli - Il vero libro dei sogni
Quadri,,27 42,144,1881 Capacelli - Il vero libro dei sogni
"Quadriglio, Giuoco",,42,144,1881 Capacelli - Il vero libro dei sogni
Quadro,v,55,144,1881 Capacelli - Il vero libro dei sogni
Pittura,ritratto di donna,78,144,1881 Capacelli - Il vero libro dei sogni
Pittura,da uomo,40,144,1881 Capacelli - Il vero libro dei sogni
Quaglia,,89,144,1881 Capacelli - Il vero libro dei sogni
Quagliata,,37,144,1881 Capacelli - Il vero libro dei sogni
Quaglie,,44 80,144,1881 Capacelli - Il vero libro dei sogni
Quagliotti,,29,144,1881 Capacelli - Il vero libro dei sogni
Qualità,,11,144,1881 Capacelli - Il vero libro dei sogni
Quantità,,77,144,1881 Capacelli - Il vero libro dei sogni
Quarantena,,13 72,144,1881 Capacelli - Il vero libro dei sogni
Quarantino,,62 88,144,1881 Capacelli - Il vero libro dei sogni
Quaresimo,,75,144,1881 Capacelli - Il vero libro dei sogni
Quaresimale,,36 68,144,1881 Capacelli - Il vero libro dei sogni
Quartaccio,,21,144,1881 Capacelli - Il vero libro dei sogni
Quartana,febb,27,144,1881 Capacelli - Il vero libro dei sogni
Quarti D'agnello,,22,144,1881 Capacelli - Il vero libro dei sogni
Quartiere Parato,,46,144,1881 Capacelli - Il vero libro dei sogni
Quartiere Mobiliato,,54,144,1881 Capacelli - Il vero libro dei sogni
Quartier Mastro,,6 67,144,1881 Capacelli - Il vero libro dei sogni
Quartieri Sezioni Della Città,,60,144,1881 Capacelli - Il vero libro dei sogni
"Quartina, Vincere",,72 69,144,1881 Capacelli - Il vero libro dei sogni
"Quartina, Vincere",giuocare,8,144,1881 Capacelli - Il vero libro dei sogni
Quartino *,,16,144,1881 Capacelli - Il vero libro dei sogni
Quarto Misura,,71,144,1881 Capacelli - Il vero libro dei sogni
Quattrino,,18,144,1881 Capacelli - Il vero libro dei sogni
Quattr'occhi,,28,144,1881 Capacelli - Il vero libro dei sogni
Quercia,,16 81,144,1881 Capacelli - Il vero libro dei sogni
Querciolo,,83,144,1881 Capacelli - Il vero libro dei sogni
Querela,,30,144,1881 Capacelli - Il vero libro dei sogni
Querelante,,14,144,1881 Capacelli - Il vero libro dei sogni
Querelato,,56,144,1881 Capacelli - Il vero libro dei sogni
Quesito,,1,144,1881 Capacelli - Il vero libro dei sogni
Questione O Rissa,,82,144,1881 Capacelli - Il vero libro dei sogni
Questione O Rissa,o quesito,4,144,1881 Capacelli - Il vero libro dei sogni
Questione O Rissa,o litigio,39,144,1881 Capacelli - Il vero libro dei sogni
Questore,,3,144,1881 Capacelli - Il vero libro dei sogni
Questuare,,17,144,1881 Capacelli - Il vero libro dei sogni
Quietanza,,29,144,1881 Capacelli - Il vero libro dei sogni
Quiete,,31,144,1881 Capacelli - Il vero libro dei sogni
Quinterno,,15 25,144,1881 Capacelli - Il vero libro dei sogni
Quintessenza,,50,144,1881 Capacelli - Il vero libro dei sogni
Quitanza,di fitto,2,144,1881 Capacelli - Il vero libro dei sogni
Quojajo,,52,144,1881 Capacelli - Il vero libro dei sogni
Quojo,,38,144,1881 Capacelli - Il vero libro dei sogni
Rabarbaro,,80,145,1881 Capacelli - Il vero libro dei sogni
Rabbia,,9 30,145,1881 Capacelli - Il vero libro dei sogni
Rabbino,,51,145,1881 Capacelli - Il vero libro dei sogni
Rabbioso,,28,145,1881 Capacelli - Il vero libro dei sogni
Rabesco,,83,145,1881 Capacelli - Il vero libro dei sogni
Raccogliere,,48,145,1881 Capacelli - Il vero libro dei sogni
Raccogliere,fiori,36 42,145,1881 Capacelli - Il vero libro dei sogni
Raccogliere,funghi,33 90,145,1881 Capacelli - Il vero libro dei sogni
Raccogliere,rose,20,145,1881 Capacelli - Il vero libro dei sogni
Raccontar Un Sogno Dormendo,,55,145,1881 Capacelli - Il vero libro dei sogni
Storie Ai Fanciul,li,30,145,1881 Capacelli - Il vero libro dei sogni
Racconto,,65,145,1881 Capacelli - Il vero libro dei sogni
Radere,,32,145,1881 Capacelli - Il vero libro dei sogni
Radicchi,,2,145,1881 Capacelli - Il vero libro dei sogni
Radicchio Bianco,,2,145,1881 Capacelli - Il vero libro dei sogni
Radice E Radici,,21,145,1881 Capacelli - Il vero libro dei sogni
Barbe Di,bietola,68,145,1881 Capacelli - Il vero libro dei sogni
Barbe Di,d'albero,42,145,1881 Capacelli - Il vero libro dei sogni
Barbe Di,d'altea,68,145,1881 Capacelli - Il vero libro dei sogni
Barbe Di,di canna,39,145,1881 Capacelli - Il vero libro dei sogni
Barbe Di,di fiori,17,145,1881 Capacelli - Il vero libro dei sogni
Barbe Di,di fragole,36,145,1881 Capacelli - Il vero libro dei sogni
Raditura,,37,145,1881 Capacelli - Il vero libro dei sogni
Radunanza,,90,145,1881 Capacelli - Il vero libro dei sogni
Rafano,,20,145,1881 Capacelli - Il vero libro dei sogni
Raffinatore,,9,145,1881 Capacelli - Il vero libro dei sogni
Raffreddore,,63,145,1881 Capacelli - Il vero libro dei sogni
Ragazza,,90,145,1881 Capacelli - Il vero libro dei sogni
Ragazzi,,90,145,1881 Capacelli - Il vero libro dei sogni
Ragazzo,,70,145,1881 Capacelli - Il vero libro dei sogni
Raggio,,19 36,145,1881 Capacelli - Il vero libro dei sogni
Raggi Del Sole,,90,145,1881 Capacelli - Il vero libro dei sogni
Ragionamento,,30,145,1881 Capacelli - Il vero libro dei sogni
Ragioniere,,15,145,1881 Capacelli - Il vero libro dei sogni
Ragioni,,12,145,1881 Capacelli - Il vero libro dei sogni
Raglio Di Asino,,33,145,1881 Capacelli - Il vero libro dei sogni
Ragnatello,,34,145,1881 Capacelli - Il vero libro dei sogni
Ragni,,31 34,145,1881 Capacelli - Il vero libro dei sogni
Ragno Solo,,88,145,1881 Capacelli - Il vero libro dei sogni
Ragno Solo,pesce,68,145,1881 Capacelli - Il vero libro dei sogni
Ramaio,,5,145,1881 Capacelli - Il vero libro dei sogni
Ramaro,,24 29,145,1881 Capacelli - Il vero libro dei sogni
Ramassa,,39,145,1881 Capacelli - Il vero libro dei sogni
Ramassa,di bosco,14,145,1881 Capacelli - Il vero libro dei sogni
Rame,,8 37,145,1881 Capacelli - Il vero libro dei sogni
Rame,pittura in rame,18,145,1881 Capacelli - Il vero libro dei sogni
Ramerino,,68,145,1881 Capacelli - Il vero libro dei sogni
Rami,,40,145,1881 Capacelli - Il vero libro dei sogni
Rami,d'oliva,40 89,145,1881 Capacelli - Il vero libro dei sogni
Ramassare,,42 71,145,1881 Capacelli - Il vero libro dei sogni
Rammentatore,,36,145,1881 Capacelli - Il vero libro dei sogni
Ramo Qualunq,,50 80,145,1881 Capacelli - Il vero libro dei sogni
Ramolacci,,1,145,1881 Capacelli - Il vero libro dei sogni
Rana,,30,145,1881 Capacelli - Il vero libro dei sogni
Ranca,,63,145,1881 Capacelli - Il vero libro dei sogni
Rancido,,58 73,145,1881 Capacelli - Il vero libro dei sogni
Randello,,81,145,1881 Capacelli - Il vero libro dei sogni
Rannicchiare,,13 53,145,1881 Capacelli - Il vero libro dei sogni
Rannocchie,,85,145,1881 Capacelli - Il vero libro dei sogni
Rantolo,,17,145,1881 Capacelli - Il vero libro dei sogni
Ranuncoli,,24,145,1881 Capacelli - Il vero libro dei sogni
Rapa O Rape,,28 51,145,1881 Capacelli - Il vero libro dei sogni
Rapa O Rape,d'uva,85,145,1881 Capacelli - Il vero libro dei sogni
Rapatojo,,79,145,1881 Capacelli - Il vero libro dei sogni
Raperino,,31,145,1881 Capacelli - Il vero libro dei sogni
Raperonzoli O Broccoli,di rape,54,145,1881 Capacelli - Il vero libro dei sogni
Rappezzamento Rap Pezzare,,11,146,1881 Capacelli - Il vero libro dei sogni
Rapina,,11,146,1881 Capacelli - Il vero libro dei sogni
Rapporto,,63,146,1881 Capacelli - Il vero libro dei sogni
Rarità,,4,146,1881 Capacelli - Il vero libro dei sogni
Rasare E Rasarsi,,36,146,1881 Capacelli - Il vero libro dei sogni
Rascia,,16,146,1881 Capacelli - Il vero libro dei sogni
Rasciugare,,55,146,1881 Capacelli - Il vero libro dei sogni
Raso,,41,146,1881 Capacelli - Il vero libro dei sogni
Rasojo,,16,146,1881 Capacelli - Il vero libro dei sogni
Raspa,,76,146,1881 Capacelli - Il vero libro dei sogni
Raspare,,22,146,1881 Capacelli - Il vero libro dei sogni
Rasparella,,19,146,1881 Capacelli - Il vero libro dei sogni
Rasserenarsi,i tempo,1 6,146,1881 Capacelli - Il vero libro dei sogni
Rastrello,cane,57 78,146,1881 Capacelli - Il vero libro dei sogni
Rastrelliera,,65,146,1881 Capacelli - Il vero libro dei sogni
Rasafia,,88,146,1881 Capacelli - Il vero libro dei sogni
Ratti,,12,146,1881 Capacelli - Il vero libro dei sogni
Rattini,,80 86 89,146,1881 Capacelli - Il vero libro dei sogni
Rattizzare,,34,146,1881 Capacelli - Il vero libro dei sogni
Ratto,,22,146,1881 Capacelli - Il vero libro dei sogni
Rattoppato,,41,146,1881 Capacelli - Il vero libro dei sogni
Ravanelli,,25,146,1881 Capacelli - Il vero libro dei sogni
Raviggiolo,,18,146,1881 Capacelli - Il vero libro dei sogni
Ravioli,,11 83,146,1881 Capacelli - Il vero libro dei sogni
Raziocinio,,83,146,1881 Capacelli - Il vero libro dei sogni
"Razza, Pesce",,6,146,1881 Capacelli - Il vero libro dei sogni
Razzeruole,,11,146,1881 Capacelli - Il vero libro dei sogni
Razzo,fuoco,26,146,1881 Capacelli - Il vero libro dei sogni
Re,,73 90,146,1881 Capacelli - Il vero libro dei sogni
Rea,,28,146,1881 Capacelli - Il vero libro dei sogni
Reame,,90,146,1881 Capacelli - Il vero libro dei sogni
Rabbiare,,53,146,1881 Capacelli - Il vero libro dei sogni
Recapitolazione,,55,146,1881 Capacelli - Il vero libro dei sogni
Recere,,35,146,1881 Capacelli - Il vero libro dei sogni
Recidere,,66,146,1881 Capacelli - Il vero libro dei sogni
Recidivo E Recidiva,,73,146,1881 Capacelli - Il vero libro dei sogni
Recitante,,25,146,1881 Capacelli - Il vero libro dei sogni
Recitare,,77,146,1881 Capacelli - Il vero libro dei sogni
Reclutare,,14,146,1881 Capacelli - Il vero libro dei sogni
Reclute,,7,146,1881 Capacelli - Il vero libro dei sogni
Recognizione,,9,146,1881 Capacelli - Il vero libro dei sogni
Redine,,54,146,1881 Capacelli - Il vero libro dei sogni
Redingotto,,5,146,1881 Capacelli - Il vero libro dei sogni
Refe Qualunque,,11,146,1881 Capacelli - Il vero libro dei sogni
Referendario,,42,146,1881 Capacelli - Il vero libro dei sogni
Refettorio,,42,146,1881 Capacelli - Il vero libro dei sogni
Refezione,,5,146,1881 Capacelli - Il vero libro dei sogni
Regalo,,3,146,1881 Capacelli - Il vero libro dei sogni
Reggente,,81,146,1881 Capacelli - Il vero libro dei sogni
Regia,,31,146,1881 Capacelli - Il vero libro dei sogni
Reggimento,,32,146,1881 Capacelli - Il vero libro dei sogni
Reggimento,di fanteria,2 14,146,1881 Capacelli - Il vero libro dei sogni
Reggimento,di cavalleria,64,146,1881 Capacelli - Il vero libro dei sogni
Regina,,71 76,146,1881 Capacelli - Il vero libro dei sogni
Regno,,90,146,1881 Capacelli - Il vero libro dei sogni
Regola,,9,146,1881 Capacelli - Il vero libro dei sogni
Regolo,,5,146,1881 Capacelli - Il vero libro dei sogni
Relazioni,,40,146,1881 Capacelli - Il vero libro dei sogni
Religione,,68,146,1881 Capacelli - Il vero libro dei sogni
Religiose,,68,146,1881 Capacelli - Il vero libro dei sogni
Religiosi,,25 60,146,1881 Capacelli - Il vero libro dei sogni
Reliquia,,20,146,1881 Capacelli - Il vero libro dei sogni
Reliquiario,,64,146,1881 Capacelli - Il vero libro dei sogni
Relegato,,69,146,1881 Capacelli - Il vero libro dei sogni
Remare,,56,146,1881 Capacelli - Il vero libro dei sogni
Rematore,,71,146,1881 Capacelli - Il vero libro dei sogni
Remo,,52,146,1881 Capacelli - Il vero libro dei sogni
Rena,,85 89,146,1881 Capacelli - Il vero libro dei sogni
Renardo,,21,146,1881 Capacelli - Il vero libro dei sogni
Renarolo,,81,146,1881 Capacelli - Il vero libro dei sogni
Rendita Di Chiesa,,78,146,1881 Capacelli - Il vero libro dei sogni
"Rene, Margherite",,60,146,1881 Capacelli - Il vero libro dei sogni
"Rene, Margherite","xvenza, tela",26,147,1881 Capacelli - Il vero libro dei sogni
Reo Torturato,,15,147,1881 Capacelli - Il vero libro dei sogni
Reo Torturato,qualunque,12,147,1881 Capacelli - Il vero libro dei sogni
Repubblica,,5,147,1881 Capacelli - Il vero libro dei sogni
Resca,,47,147,1881 Capacelli - Il vero libro dei sogni
Rescritto,,30,147,1881 Capacelli - Il vero libro dei sogni
Residente,,38,147,1881 Capacelli - Il vero libro dei sogni
Residenza,,54,147,1881 Capacelli - Il vero libro dei sogni
Resiga,,76,147,1881 Capacelli - Il vero libro dei sogni
Resigare,,81,147,1881 Capacelli - Il vero libro dei sogni
Resigotti,,5,147,1881 Capacelli - Il vero libro dei sogni
Resuscitare,,2,147,1881 Capacelli - Il vero libro dei sogni
Retaggio,,69,147,1881 Capacelli - Il vero libro dei sogni
Rete Qualunque,,2,147,1881 Capacelli - Il vero libro dei sogni
Rettore,,41,147,1881 Capacelli - Il vero libro dei sogni
Ribes,,11,147,1881 Capacelli - Il vero libro dei sogni
Ribaldello,,51,147,1881 Capacelli - Il vero libro dei sogni
Ribaldare,,82,147,1881 Capacelli - Il vero libro dei sogni
Ribaldo,,39,147,1881 Capacelli - Il vero libro dei sogni
Ribatter Materassi,,54,147,1881 Capacelli - Il vero libro dei sogni
Ribellione,,12,147,1881 Capacelli - Il vero libro dei sogni
Ribelle,,32,147,1881 Capacelli - Il vero libro dei sogni
Ribenedetto,,44,147,1881 Capacelli - Il vero libro dei sogni
Ricamatore,,19,147,1881 Capacelli - Il vero libro dei sogni
Ricamatura,,1,147,1881 Capacelli - Il vero libro dei sogni
Ricamo,,35 53,147,1881 Capacelli - Il vero libro dei sogni
Ricchezza,,86,147,1881 Capacelli - Il vero libro dei sogni
Riccio,,71,147,1881 Capacelli - Il vero libro dei sogni
Riccio,animale spinoso,6,147,1881 Capacelli - Il vero libro dei sogni
Ricerca Qualunque,,7,147,1881 Capacelli - Il vero libro dei sogni
Ricco,,24,147,1881 Capacelli - Il vero libro dei sogni
Ricetta,,70,147,1881 Capacelli - Il vero libro dei sogni
Ricettario,,65,147,1881 Capacelli - Il vero libro dei sogni
Ricevuta,,82,147,1881 Capacelli - Il vero libro dei sogni
Richiesta,,6,147,1881 Capacelli - Il vero libro dei sogni
Ricompensa E Ricom,pensare,65,147,1881 Capacelli - Il vero libro dei sogni
Riconciliazione,,55,147,1881 Capacelli - Il vero libro dei sogni
Ricordo,,55,147,1881 Capacelli - Il vero libro dei sogni
Ricotta,,44 54,147,1881 Capacelli - Il vero libro dei sogni
Ricottaro,,61,147,1881 Capacelli - Il vero libro dei sogni
Ricreazione,,1,147,1881 Capacelli - Il vero libro dei sogni
Ricucire,,80,147,1881 Capacelli - Il vero libro dei sogni
Ricusare,,7,147,1881 Capacelli - Il vero libro dei sogni
Ridere,,2 3,147,1881 Capacelli - Il vero libro dei sogni
Ridere,a larga ganascia,70,147,1881 Capacelli - Il vero libro dei sogni
Ridere,con amici,22,147,1881 Capacelli - Il vero libro dei sogni
Rida,,12 42,147,1881 Capacelli - Il vero libro dei sogni
Riempire,,49,147,1881 Capacelli - Il vero libro dei sogni
Rifiniti,,5,147,1881 Capacelli - Il vero libro dei sogni
Rifinito,,66,147,1881 Capacelli - Il vero libro dei sogni
Rifiutare,,34 74,147,1881 Capacelli - Il vero libro dei sogni
Rifiuto,,54,147,1881 Capacelli - Il vero libro dei sogni
Riforma,,72,147,1881 Capacelli - Il vero libro dei sogni
Riformatore,,88,147,1881 Capacelli - Il vero libro dei sogni
Rifritto,,8,147,1881 Capacelli - Il vero libro dei sogni
Rifugio,,36 39,147,1881 Capacelli - Il vero libro dei sogni
Riga E Righe,,11,147,1881 Capacelli - Il vero libro dei sogni
Rigagnolo,,45,147,1881 Capacelli - Il vero libro dei sogni
Rigattiere,,29,147,1881 Capacelli - Il vero libro dei sogni
Rigidezza,,21,147,1881 Capacelli - Il vero libro dei sogni
Rigoglio,,68,147,1881 Capacelli - Il vero libro dei sogni
Rigoglioso,,77,147,1881 Capacelli - Il vero libro dei sogni
Rigogolo,,54,147,1881 Capacelli - Il vero libro dei sogni
Bigore,,18,147,1881 Capacelli - Il vero libro dei sogni
Rivelar Creature,,47,147,1881 Capacelli - Il vero libro dei sogni
Rimaritarsi,,11,147,1881 Capacelli - Il vero libro dei sogni
Rimbambire,,40,147,1881 Capacelli - Il vero libro dei sogni
Rimbombo,,40,147,1881 Capacelli - Il vero libro dei sogni
Rime,,19,147,1881 Capacelli - Il vero libro dei sogni
Rimedio,,69,147,1881 Capacelli - Il vero libro dei sogni
Rimendatura,,54,147,1881 Capacelli - Il vero libro dei sogni
Rimessa,,42,147,1881 Capacelli - Il vero libro dei sogni
Rincalzare,,23,147,1881 Capacelli - Il vero libro dei sogni
Rinfrescatojo,,41,148,1881 Capacelli - Il vero libro dei sogni
Rinfrescarsi,,46,148,1881 Capacelli - Il vero libro dei sogni
Rinfresco,,87,148,1881 Capacelli - Il vero libro dei sogni
Ringhiera,,39,148,1881 Capacelli - Il vero libro dei sogni
Rinnegato,,79,148,1881 Capacelli - Il vero libro dei sogni
Rinnovazione,,82,148,1881 Capacelli - Il vero libro dei sogni
Rio,,6 9,148,1881 Capacelli - Il vero libro dei sogni
Ripa,,66,148,1881 Capacelli - Il vero libro dei sogni
Ripescar Secchie,,1,148,1881 Capacelli - Il vero libro dei sogni
Riposo,,56,148,1881 Capacelli - Il vero libro dei sogni
Ripostiglio,,63,148,1881 Capacelli - Il vero libro dei sogni
Risa,,15,148,1881 Capacelli - Il vero libro dei sogni
Risaje,,15,148,1881 Capacelli - Il vero libro dei sogni
Risi,,78,148,1881 Capacelli - Il vero libro dei sogni
Risipola,,18,148,1881 Capacelli - Il vero libro dei sogni
Riso,,19 77,148,1881 Capacelli - Il vero libro dei sogni
Rispondere,,49,148,1881 Capacelli - Il vero libro dei sogni
Risposta,,32,148,1881 Capacelli - Il vero libro dei sogni
Rissa,,29,148,1881 Capacelli - Il vero libro dei sogni
Rista,,67,148,1881 Capacelli - Il vero libro dei sogni
Ristagno,,58,148,1881 Capacelli - Il vero libro dei sogni
Ritratto,,49,148,1881 Capacelli - Il vero libro dei sogni
Ritrosa,,14,148,1881 Capacelli - Il vero libro dei sogni
Ritrovare Qual. Cosa,,3,148,1881 Capacelli - Il vero libro dei sogni
Ritrovare Qual. Cosa,delle vesti,5,148,1881 Capacelli - Il vero libro dei sogni
Riva,,21,148,1881 Capacelli - Il vero libro dei sogni
Rivale,,15,148,1881 Capacelli - Il vero libro dei sogni
Rivelare Segreti D'im Portanza,,36 84,148,1881 Capacelli - Il vero libro dei sogni
Rivenditore E Ritaglia Tore,,21,148,1881 Capacelli - Il vero libro dei sogni
Rivenditore E Ritaglia Tore,di robe vece,71,148,1881 Capacelli - Il vero libro dei sogni
Rivista,,47,148,1881 Capacelli - Il vero libro dei sogni
Rivolta,e rivoltare,76,148,1881 Capacelli - Il vero libro dei sogni
Rivoltato,,48,148,1881 Capacelli - Il vero libro dei sogni
Rivoluzione,,69,148,1881 Capacelli - Il vero libro dei sogni
Rizzarsi,,4,148,1881 Capacelli - Il vero libro dei sogni
Roba Qualunque,,50,148,1881 Capacelli - Il vero libro dei sogni
Robbia,,15,148,1881 Capacelli - Il vero libro dei sogni
Robe Acconcie,,50,148,1881 Capacelli - Il vero libro dei sogni
Robe Acconcie,scioperate,66,148,1881 Capacelli - Il vero libro dei sogni
Robe Acconcie,vecchie,43 71,148,1881 Capacelli - Il vero libro dei sogni
Rocca,,18,148,1881 Capacelli - Il vero libro dei sogni
Rocca,fortezza,8 71,148,1881 Capacelli - Il vero libro dei sogni
Roccajo,,7,148,1881 Capacelli - Il vero libro dei sogni
Rocchella,,1,148,1881 Capacelli - Il vero libro dei sogni
Rocchelle,,11,148,1881 Capacelli - Il vero libro dei sogni
Rocchetti,,20,148,1881 Capacelli - Il vero libro dei sogni
Rocchettini,,20 71,148,1881 Capacelli - Il vero libro dei sogni
Rocchetto Da Prete,,10,148,1881 Capacelli - Il vero libro dei sogni
Rocchio Di Salsiccia,,10,148,1881 Capacelli - Il vero libro dei sogni
Rocchio Di Salsiccia,d'anguilla,64,148,1881 Capacelli - Il vero libro dei sogni
Rodere,,82,148,1881 Capacelli - Il vero libro dei sogni
Rogazioni,,5,148,1881 Capacelli - Il vero libro dei sogni
Rogito,,15,148,1881 Capacelli - Il vero libro dei sogni
Rogna,,10,148,1881 Capacelli - Il vero libro dei sogni
Rognoso,,71,148,1881 Capacelli - Il vero libro dei sogni
"Rogo, Fuoco",,42,148,1881 Capacelli - Il vero libro dei sogni
Itolo Di Cioccolata,,82,148,1881 Capacelli - Il vero libro dei sogni
Itolo Di Cioccolata,di denari,56 71,148,1881 Capacelli - Il vero libro dei sogni
Roma O Romano,,9 43,148,1881 Capacelli - Il vero libro dei sogni
Romana,,74,148,1881 Capacelli - Il vero libro dei sogni
Romajolo,,24,148,1881 Capacelli - Il vero libro dei sogni
Romano,di strada,34,148,1881 Capacelli - Il vero libro dei sogni
Romanzo,,40,148,1881 Capacelli - Il vero libro dei sogni
"Rombo, Pesce",,47 53,148,1881 Capacelli - Il vero libro dei sogni
Romito,,45,148,1881 Capacelli - Il vero libro dei sogni
Romitorio,,74,148,1881 Capacelli - Il vero libro dei sogni
Romper Pane,,69,148,1881 Capacelli - Il vero libro dei sogni
Romper Pane,qualunque sia cosa,21,148,1881 Capacelli - Il vero libro dei sogni
Rompicollo,,11,148,1881 Capacelli - Il vero libro dei sogni
Roncolo,,85,148,1881 Capacelli - Il vero libro dei sogni
Ronda,,22 47,148,1881 Capacelli - Il vero libro dei sogni
Rondine O Rondini,,45,149,1881 Capacelli - Il vero libro dei sogni
Rondoni,,40,149,1881 Capacelli - Il vero libro dei sogni
Ronfare,,87,149,1881 Capacelli - Il vero libro dei sogni
Rosa O Rose,,56 80,149,1881 Capacelli - Il vero libro dei sogni
Rosade Di Latte,,59,149,1881 Capacelli - Il vero libro dei sogni
Rosajo,,48,149,1881 Capacelli - Il vero libro dei sogni
Rosario,,55,149,1881 Capacelli - Il vero libro dei sogni
Rose Bianche,,8,149,1881 Capacelli - Il vero libro dei sogni
Rose Bianche,damaschine,75,149,1881 Capacelli - Il vero libro dei sogni
Rose Bianche,doppie,27,149,1881 Capacelli - Il vero libro dei sogni
Rose Bianche,gialle,33,149,1881 Capacelli - Il vero libro dei sogni
Rose Bianche,di boccia,38,149,1881 Capacelli - Il vero libro dei sogni
Rose Bianche,semplici,77,149,1881 Capacelli - Il vero libro dei sogni
Rosetta,,10,149,1881 Capacelli - Il vero libro dei sogni
Rosignolo,,5 66,149,1881 Capacelli - Il vero libro dei sogni
Bosini,,44,149,1881 Capacelli - Il vero libro dei sogni
Rosmarino,,77,149,1881 Capacelli - Il vero libro dei sogni
Rosolaccio,,73,149,1881 Capacelli - Il vero libro dei sogni
"Rosolia, Male",,89,149,1881 Capacelli - Il vero libro dei sogni
Rosolio,,57,149,1881 Capacelli - Il vero libro dei sogni
Rospi,,59,149,1881 Capacelli - Il vero libro dei sogni
Rospo Solo,,6,149,1881 Capacelli - Il vero libro dei sogni
Rossetto,,52,149,1881 Capacelli - Il vero libro dei sogni
"Rosso, Colore",,54 66,149,1881 Capacelli - Il vero libro dei sogni
"Rosso, Colore",nel cielo,59,149,1881 Capacelli - Il vero libro dei sogni
Rosto,,6 40,149,1881 Capacelli - Il vero libro dei sogni
Rostolo Di Pane,,54,149,1881 Capacelli - Il vero libro dei sogni
Rotatore,,40,149,1881 Capacelli - Il vero libro dei sogni
Rotondo,e rotondi,39,149,1881 Capacelli - Il vero libro dei sogni
Rotto,,9 70,149,1881 Capacelli - Il vero libro dei sogni
Rottura,,18,149,1881 Capacelli - Il vero libro dei sogni
Rovella,,3,149,1881 Capacelli - Il vero libro dei sogni
Rovente,,1,149,1881 Capacelli - Il vero libro dei sogni
Rovere,,8 71,149,1881 Capacelli - Il vero libro dei sogni
Roveto,per filare,71,149,1881 Capacelli - Il vero libro dei sogni
Rovina,,29,149,1881 Capacelli - Il vero libro dei sogni
Rovinare,,80,149,1881 Capacelli - Il vero libro dei sogni
Rovinato,,8,149,1881 Capacelli - Il vero libro dei sogni
Rubamento,,63,149,1881 Capacelli - Il vero libro dei sogni
Rubare,,11 60,149,1881 Capacelli - Il vero libro dei sogni
Rubare,frutte,13,149,1881 Capacelli - Il vero libro dei sogni
Rubini,,7,149,1881 Capacelli - Il vero libro dei sogni
Rubrica,,50,149,1881 Capacelli - Il vero libro dei sogni
Rucola,,3,149,1881 Capacelli - Il vero libro dei sogni
Ruffa,,77,149,1881 Capacelli - Il vero libro dei sogni
Ruffatore,,18,149,1881 Capacelli - Il vero libro dei sogni
Ruffiana E Innamorato,,10 40,149,1881 Capacelli - Il vero libro dei sogni
Ruffiano,,40,149,1881 Capacelli - Il vero libro dei sogni
Ruga,,20,149,1881 Capacelli - Il vero libro dei sogni
Rugiada,,90,149,1881 Capacelli - Il vero libro dei sogni
Ruggine,,68,149,1881 Capacelli - Il vero libro dei sogni
Rugginoso,,80,149,1881 Capacelli - Il vero libro dei sogni
Rullo,,9,149,1881 Capacelli - Il vero libro dei sogni
Rumore,,11,149,1881 Capacelli - Il vero libro dei sogni
Ruolo,,8 46,149,1881 Capacelli - Il vero libro dei sogni
Ruota Tribunale,,2,149,1881 Capacelli - Il vero libro dei sogni
Ruota Tribunale,qualunque,3,149,1881 Capacelli - Il vero libro dei sogni
Ruotare,,90,149,1881 Capacelli - Il vero libro dei sogni
Ruotatore,,10 19,149,1881 Capacelli - Il vero libro dei sogni
Ruotella,,17,149,1881 Capacelli - Il vero libro dei sogni
Rupe,,28,149,1881 Capacelli - Il vero libro dei sogni
Ruscello,,30 40,149,1881 Capacelli - Il vero libro dei sogni
Rusca,,56 77,149,1881 Capacelli - Il vero libro dei sogni
Ruspi,,79,149,1881 Capacelli - Il vero libro dei sogni
Ruspini E Rusponi,,30,149,1881 Capacelli - Il vero libro dei sogni
Russare,,69,149,1881 Capacelli - Il vero libro dei sogni
"Ruta, Erba",,83,149,1881 Capacelli - Il vero libro dei sogni
Ruttare,,52,149,1881 Capacelli - Il vero libro dei sogni
Rutti,,27,149,1881 Capacelli - Il vero libro dei sogni
Rutto,,5,149,1881 Capacelli - Il vero libro dei sogni
"Ruvido, Ruvidezza ^",,2 1,149,1881 Capacelli - Il vero libro dei sogni
Ruzza,,3,149,1881 Capacelli - Il vero libro dei sogni
Ruzzamento,,77,150,1881 Capacelli - Il vero libro dei sogni
Ruzzolare Da Cacio,,20,150,1881 Capacelli - Il vero libro dei sogni
Ruzzola Da Giocare,"scala, o altro",70 90,150,1881 Capacelli - Il vero libro dei sogni
Sabattina,,40,150,1881 Capacelli - Il vero libro dei sogni
Sabbato,,14,150,1881 Capacelli - Il vero libro dei sogni
Sabbia,,40 80,150,1881 Capacelli - Il vero libro dei sogni
Saccaccia,,69,150,1881 Capacelli - Il vero libro dei sogni
Saccheggia,,73,150,1881 Capacelli - Il vero libro dei sogni
Sacchetti,,9,150,1881 Capacelli - Il vero libro dei sogni
Sacchetti,di moneta,3,150,1881 Capacelli - Il vero libro dei sogni
Sacchetto,,50,150,1881 Capacelli - Il vero libro dei sogni
Sacchi Pieni,,39,150,1881 Capacelli - Il vero libro dei sogni
Sacchi Pieni,vuoti,9,150,1881 Capacelli - Il vero libro dei sogni
Sacco,,15 34,150,1881 Capacelli - Il vero libro dei sogni
Sacco,da donna,35,150,1881 Capacelli - Il vero libro dei sogni
Sacco,da viaggio,36,150,1881 Capacelli - Il vero libro dei sogni
Saccone,,19,150,1881 Capacelli - Il vero libro dei sogni
Sacconi,,40,150,1881 Capacelli - Il vero libro dei sogni
Saccoccia,,9,150,1881 Capacelli - Il vero libro dei sogni
Sacerdote,,40 53,150,1881 Capacelli - Il vero libro dei sogni
Sacerdoti,,51,150,1881 Capacelli - Il vero libro dei sogni
Sacra Del Re,,6,150,1881 Capacelli - Il vero libro dei sogni
Sacrario,,19,150,1881 Capacelli - Il vero libro dei sogni
Sacrazione Di Chiesa,,37,150,1881 Capacelli - Il vero libro dei sogni
Sacrifizio,,28 43,150,1881 Capacelli - Il vero libro dei sogni
Sacrilegio,,38,150,1881 Capacelli - Il vero libro dei sogni
Sacramento,,48,150,1881 Capacelli - Il vero libro dei sogni
Saetta,,19,150,1881 Capacelli - Il vero libro dei sogni
Saette,,75 84,150,1881 Capacelli - Il vero libro dei sogni
Saggina,,86,150,1881 Capacelli - Il vero libro dei sogni
Saggiola,,18,150,1881 Capacelli - Il vero libro dei sogni
Sagrestano,,81,150,1881 Capacelli - Il vero libro dei sogni
Sagrestia,,13,150,1881 Capacelli - Il vero libro dei sogni
Sala,,3,150,1881 Capacelli - Il vero libro dei sogni
Sala,erba,58,150,1881 Capacelli - Il vero libro dei sogni
Sala,stanza,6,150,1881 Capacelli - Il vero libro dei sogni
Salada,,18,150,1881 Capacelli - Il vero libro dei sogni
Salacca,,29,150,1881 Capacelli - Il vero libro dei sogni
Salacco,,20,150,1881 Capacelli - Il vero libro dei sogni
Salajolo,,54,150,1881 Capacelli - Il vero libro dei sogni
Salamandra,,62,150,1881 Capacelli - Il vero libro dei sogni
Salamajo,,77,150,1881 Capacelli - Il vero libro dei sogni
Salame,,5 33,150,1881 Capacelli - Il vero libro dei sogni
Salame,di testa,56,150,1881 Capacelli - Il vero libro dei sogni
Salare,,81,150,1881 Capacelli - Il vero libro dei sogni
Salario,,84,150,1881 Capacelli - Il vero libro dei sogni
Salasso,,41,150,1881 Capacelli - Il vero libro dei sogni
Salcanale,,12 21,150,1881 Capacelli - Il vero libro dei sogni
Salcio,,38,150,1881 Capacelli - Il vero libro dei sogni
Saldù,,2,150,1881 Capacelli - Il vero libro dei sogni
Saldare,,40,150,1881 Capacelli - Il vero libro dei sogni
Saldo,di conto,57,150,1881 Capacelli - Il vero libro dei sogni
Sale,,18 84,150,1881 Capacelli - Il vero libro dei sogni
Saletta,,34,150,1881 Capacelli - Il vero libro dei sogni
Salice,,51,150,1881 Capacelli - Il vero libro dei sogni
Salino,,55,150,1881 Capacelli - Il vero libro dei sogni
Salceria,,65,150,1881 Capacelli - Il vero libro dei sogni
Saliscende,,4,150,1881 Capacelli - Il vero libro dei sogni
Salita,,66,150,1881 Capacelli - Il vero libro dei sogni
Salite,,90,150,1881 Capacelli - Il vero libro dei sogni
Salmeggiare,,22,150,1881 Capacelli - Il vero libro dei sogni
Salmi,,90,150,1881 Capacelli - Il vero libro dei sogni
Salnitro,,38,150,1881 Capacelli - Il vero libro dei sogni
Salone E Salotto,,44,150,1881 Capacelli - Il vero libro dei sogni
Salsa,,46,150,1881 Capacelli - Il vero libro dei sogni
Salsapariglia,,64,150,1881 Capacelli - Il vero libro dei sogni
Salsiccia,,6 26,150,1881 Capacelli - Il vero libro dei sogni
Salsiccia,fresca,6 31,150,1881 Capacelli - Il vero libro dei sogni
Salsicciaio,,11,150,1881 Capacelli - Il vero libro dei sogni
Salsiciotto,,5 33,151,1881 Capacelli - Il vero libro dei sogni
Saltare,,3,151,1881 Capacelli - Il vero libro dei sogni
Saltatore,,38,151,1881 Capacelli - Il vero libro dei sogni
Salterio,,38,151,1881 Capacelli - Il vero libro dei sogni
Salterio,libro,15,151,1881 Capacelli - Il vero libro dei sogni
Salterio,strumento,24,151,1881 Capacelli - Il vero libro dei sogni
Saltimbanco,,3 33,151,1881 Capacelli - Il vero libro dei sogni
Saltimbanco,con donna,5,151,1881 Capacelli - Il vero libro dei sogni
Salto,,5,151,1881 Capacelli - Il vero libro dei sogni
Salumara,,24,151,1881 Capacelli - Il vero libro dei sogni
Salumari,,26,151,1881 Capacelli - Il vero libro dei sogni
Saluma.ro,,1,151,1881 Capacelli - Il vero libro dei sogni
Salume Qualunque,,30,151,1881 Capacelli - Il vero libro dei sogni
Salutare,,1,151,1881 Capacelli - Il vero libro dei sogni
Saluto,,1,151,1881 Capacelli - Il vero libro dei sogni
Salvacondotto,,55,151,1881 Capacelli - Il vero libro dei sogni
Salvadanaro,,5,151,1881 Capacelli - Il vero libro dei sogni
Salvadore,,24,151,1881 Capacelli - Il vero libro dei sogni
Salvaggiume,,27,151,1881 Capacelli - Il vero libro dei sogni
Salvar Alcuno Da Peri,colo grande,9 48,151,1881 Capacelli - Il vero libro dei sogni
Salvatico,,38,151,1881 Capacelli - Il vero libro dei sogni
Salvia,,41,151,1881 Capacelli - Il vero libro dei sogni
Salvietta,,27 75,151,1881 Capacelli - Il vero libro dei sogni
Sambuco,,86,151,1881 Capacelli - Il vero libro dei sogni
Sambuco,"ancolombano, uva",8,151,1881 Capacelli - Il vero libro dei sogni
Sandracca,,6,151,1881 Capacelli - Il vero libro dei sogni
Sangioretto Uva,,14,151,1881 Capacelli - Il vero libro dei sogni
Sangue,,18 60,151,1881 Capacelli - Il vero libro dei sogni
Sangue,di bestia,13 35,151,1881 Capacelli - Il vero libro dei sogni
Sangue,di drago,87,151,1881 Capacelli - Il vero libro dei sogni
Sanguinaccio,,20,151,1881 Capacelli - Il vero libro dei sogni
Sanguigno,,48,151,1881 Capacelli - Il vero libro dei sogni
Sanguigne,,40,151,1881 Capacelli - Il vero libro dei sogni
Sanguisughe,,3,151,1881 Capacelli - Il vero libro dei sogni
Sanità Buona,,13,151,1881 Capacelli - Il vero libro dei sogni
Sanità Buona,cattiva,27,151,1881 Capacelli - Il vero libro dei sogni
Sansa,,15,151,1881 Capacelli - Il vero libro dei sogni
Sansone,,88,151,1881 Capacelli - Il vero libro dei sogni
Santura,,13,151,1881 Capacelli - Il vero libro dei sogni
Santagio,,52 90,151,1881 Capacelli - Il vero libro dei sogni
Santi,,90,151,1881 Capacelli - Il vero libro dei sogni
Santificazione,,67 77,151,1881 Capacelli - Il vero libro dei sogni
Santoreggia,,73,151,1881 Capacelli - Il vero libro dei sogni
Santuario,,55,151,1881 Capacelli - Il vero libro dei sogni
Sapa,,89,151,1881 Capacelli - Il vero libro dei sogni
Saponare,,8,151,1881 Capacelli - Il vero libro dei sogni
Saponaria,,71,151,1881 Capacelli - Il vero libro dei sogni
Saponaro,,9 13 71,151,1881 Capacelli - Il vero libro dei sogni
Sapone,,18,151,1881 Capacelli - Il vero libro dei sogni
Saponetta D'odore,,18,151,1881 Capacelli - Il vero libro dei sogni
Saponette,,39 76,151,1881 Capacelli - Il vero libro dei sogni
Saporito,,25,151,1881 Capacelli - Il vero libro dei sogni
Saracinesca,,22,151,1881 Capacelli - Il vero libro dei sogni
Saracino,,47,151,1881 Capacelli - Il vero libro dei sogni
Sarde,,68,151,1881 Capacelli - Il vero libro dei sogni
Sardella,,60 69,151,1881 Capacelli - Il vero libro dei sogni
Sardine,,41,151,1881 Capacelli - Il vero libro dei sogni
Sardo,,54,151,1881 Capacelli - Il vero libro dei sogni
Sargente,,1 53,151,1881 Capacelli - Il vero libro dei sogni
Sargia,,9,151,1881 Capacelli - Il vero libro dei sogni
Sarocchino,,49,151,1881 Capacelli - Il vero libro dei sogni
Sarsetti,,3,151,1881 Capacelli - Il vero libro dei sogni
Sarto Che Prende La,misura,45,151,1881 Capacelli - Il vero libro dei sogni
Satore,,3 27,151,1881 Capacelli - Il vero libro dei sogni
Sartoria,,12,151,1881 Capacelli - Il vero libro dei sogni
Sassata,,52,151,1881 Capacelli - Il vero libro dei sogni
Sasso,e sassi,41,151,1881 Capacelli - Il vero libro dei sogni
"Satina, Stoffa",,45 48,151,1881 Capacelli - Il vero libro dei sogni
Satira E Satire,,21,151,1881 Capacelli - Il vero libro dei sogni
Satirico,,46,151,1881 Capacelli - Il vero libro dei sogni
Satiro,,1,151,1881 Capacelli - Il vero libro dei sogni
"Savoj Ardo, Savoj Ardi",,88,152,1881 Capacelli - Il vero libro dei sogni
Savore,,20,152,1881 Capacelli - Il vero libro dei sogni
Sbarco,,72,152,1881 Capacelli - Il vero libro dei sogni
Sbardellare,,60,152,1881 Capacelli - Il vero libro dei sogni
Sbarra,,79,152,1881 Capacelli - Il vero libro dei sogni
Sbarrare,,31,152,1881 Capacelli - Il vero libro dei sogni
Sbeffare,,84,152,1881 Capacelli - Il vero libro dei sogni
Sbianchino,,16,152,1881 Capacelli - Il vero libro dei sogni
Sbirraglia,,60,152,1881 Capacelli - Il vero libro dei sogni
Sbirro,,7,152,1881 Capacelli - Il vero libro dei sogni
Sbirro,in squadra not,2,152,1881 Capacelli - Il vero libro dei sogni
Sbirro,di giorno,24,152,1881 Capacelli - Il vero libro dei sogni
Sboccato,,40,152,1881 Capacelli - Il vero libro dei sogni
Sbranare,,76,152,1881 Capacelli - Il vero libro dei sogni
Sbranato,,77,152,1881 Capacelli - Il vero libro dei sogni
Scabbia,,10,152,1881 Capacelli - Il vero libro dei sogni
"Scacchi, Giuoco",,16,152,1881 Capacelli - Il vero libro dei sogni
Scacciapensieri,,50,152,1881 Capacelli - Il vero libro dei sogni
"Scaffarda , Catinella",,66,152,1881 Capacelli - Il vero libro dei sogni
Scaffale,,76,152,1881 Capacelli - Il vero libro dei sogni
Scaffale,a mano,76,152,1881 Capacelli - Il vero libro dei sogni
"Scaffo , Vedi Bacelli",,11,152,1881 Capacelli - Il vero libro dei sogni
Scalamento,,10,152,1881 Capacelli - Il vero libro dei sogni
Scalato,,10,152,1881 Capacelli - Il vero libro dei sogni
Scalcio,,15 67,152,1881 Capacelli - Il vero libro dei sogni
Scaldalena,,36 80,152,1881 Capacelli - Il vero libro dei sogni
Scaldaletto,,26 86,152,1881 Capacelli - Il vero libro dei sogni
Scaldapanni,,31,152,1881 Capacelli - Il vero libro dei sogni
Scaldapiedi,,9,152,1881 Capacelli - Il vero libro dei sogni
Scaldare Il Letto,,90,152,1881 Capacelli - Il vero libro dei sogni
Scaldarsi,,22,152,1881 Capacelli - Il vero libro dei sogni
Scalda Vivande,,56,152,1881 Capacelli - Il vero libro dei sogni
Scaldino,,30,152,1881 Capacelli - Il vero libro dei sogni
Scaletta,,12,152,1881 Capacelli - Il vero libro dei sogni
Scalinata,,81,152,1881 Capacelli - Il vero libro dei sogni
Scalini,,73,152,1881 Capacelli - Il vero libro dei sogni
Scalogno,,41,152,1881 Capacelli - Il vero libro dei sogni
Scaltro,,22,152,1881 Capacelli - Il vero libro dei sogni
Scalza E Scalzo,,19,152,1881 Capacelli - Il vero libro dei sogni
Scalzarsi,,79,152,1881 Capacelli - Il vero libro dei sogni
Scamati,,11,152,1881 Capacelli - Il vero libro dei sogni
Scamato,,1,152,1881 Capacelli - Il vero libro dei sogni
Scamerita,,33,152,1881 Capacelli - Il vero libro dei sogni
Scampanio,,70,152,1881 Capacelli - Il vero libro dei sogni
"Scancia, Scanzia",,85 86,152,1881 Capacelli - Il vero libro dei sogni
Scandagliare,,25,152,1881 Capacelli - Il vero libro dei sogni
Scandaglio,,7,152,1881 Capacelli - Il vero libro dei sogni
Scandalosa,,66,152,1881 Capacelli - Il vero libro dei sogni
Scandaloso,,59,152,1881 Capacelli - Il vero libro dei sogni
Scannare,,7,152,1881 Capacelli - Il vero libro dei sogni
Scannato,,42 71,152,1881 Capacelli - Il vero libro dei sogni
Scapellotto,,73,152,1881 Capacelli - Il vero libro dei sogni
Scapigliato,,60,152,1881 Capacelli - Il vero libro dei sogni
Scapolo,,78,152,1881 Capacelli - Il vero libro dei sogni
Scappare,,66,152,1881 Capacelli - Il vero libro dei sogni
Scappata Di Barberi,,2,152,1881 Capacelli - Il vero libro dei sogni
Scapponata,,69,152,1881 Capacelli - Il vero libro dei sogni
Scarabocchiare E Sca-,rabocciare,32 43,152,1881 Capacelli - Il vero libro dei sogni
Scarafaggio,,20,152,1881 Capacelli - Il vero libro dei sogni
Scaranzia,male,61,152,1881 Capacelli - Il vero libro dei sogni
"Scardalana, Scardas",,83,152,1881 Capacelli - Il vero libro dei sogni
"Scarica, Scaricare",,80,152,1881 Capacelli - Il vero libro dei sogni
Scarlatto,,57,152,1881 Capacelli - Il vero libro dei sogni
Scarmana,,21,152,1881 Capacelli - Il vero libro dei sogni
Scarnare,,56,152,1881 Capacelli - Il vero libro dei sogni
Scarpa,da donna,80,152,1881 Capacelli - Il vero libro dei sogni
Scarpe,,42,152,1881 Capacelli - Il vero libro dei sogni
Scarpe,fruste,3 78,152,1881 Capacelli - Il vero libro dei sogni
Scarpellino,,22 25,152,1881 Capacelli - Il vero libro dei sogni
Scarpello,,41,152,1881 Capacelli - Il vero libro dei sogni
Scarpetacce Pesce,,57,152,1881 Capacelli - Il vero libro dei sogni
Scarpette,di velluto,9,152,1881 Capacelli - Il vero libro dei sogni
Scarpettine,,89,152,1881 Capacelli - Il vero libro dei sogni
Scarpettine,da fanc,5,153,1881 Capacelli - Il vero libro dei sogni
Scarpettine,da donna,13 15,153,1881 Capacelli - Il vero libro dei sogni
Scarpinella,,25,153,1881 Capacelli - Il vero libro dei sogni
Scarpinello,,4 9,153,1881 Capacelli - Il vero libro dei sogni
Scarpione,,63,153,1881 Capacelli - Il vero libro dei sogni
Scarpone,,30,153,1881 Capacelli - Il vero libro dei sogni
Scarsella,,48,153,1881 Capacelli - Il vero libro dei sogni
Scarto E Scartare,,17,153,1881 Capacelli - Il vero libro dei sogni
Scartoccio,,6,153,1881 Capacelli - Il vero libro dei sogni
Scassatore,,73,153,1881 Capacelli - Il vero libro dei sogni
Scasso,,90,153,1881 Capacelli - Il vero libro dei sogni
"Scatola D'arg., D'oro",,3,153,1881 Capacelli - Il vero libro dei sogni
"Scatola D'arg., D'oro",con specchi,75,153,1881 Capacelli - Il vero libro dei sogni
Con Coperchio,d'avorio,34,153,1881 Capacelli - Il vero libro dei sogni
Con Coperchio,qualunque,58,153,1881 Capacelli - Il vero libro dei sogni
Scatolara,,3,153,1881 Capacelli - Il vero libro dei sogni
Scatolaro,,72 75,153,1881 Capacelli - Il vero libro dei sogni
Scatoletta,,7,153,1881 Capacelli - Il vero libro dei sogni
Schiena,,47,153,1881 Capacelli - Il vero libro dei sogni
Schiera,,65,153,1881 Capacelli - Il vero libro dei sogni
Schifoso,,4,153,1881 Capacelli - Il vero libro dei sogni
Schioppo,,6 64,153,1881 Capacelli - Il vero libro dei sogni
Schiuma,,54,153,1881 Capacelli - Il vero libro dei sogni
"Schizzetto, Schizzetta",re,14 25,153,1881 Capacelli - Il vero libro dei sogni
Schizzo,,33,153,1881 Capacelli - Il vero libro dei sogni
Sciabola,,53,153,1881 Capacelli - Il vero libro dei sogni
Sciame D'api,,54,153,1881 Capacelli - Il vero libro dei sogni
Sciarpassare,,11 60,153,1881 Capacelli - Il vero libro dei sogni
Sciarpa,,1,153,1881 Capacelli - Il vero libro dei sogni
Sciatica,,19,153,1881 Capacelli - Il vero libro dei sogni
Scienza,,66,153,1881 Capacelli - Il vero libro dei sogni
Scilinguare,,68,153,1881 Capacelli - Il vero libro dei sogni
Scilocco,,55,153,1881 Capacelli - Il vero libro dei sogni
Scilocco,vento,45,153,1881 Capacelli - Il vero libro dei sogni
Scimmia E Scimmie,,46,153,1881 Capacelli - Il vero libro dei sogni
Scimmiotto,,66,153,1881 Capacelli - Il vero libro dei sogni
Scatolette Di Balsam. Scintilla,,55 88,153,1881 Capacelli - Il vero libro dei sogni
Scavazione,,22,153,1881 Capacelli - Il vero libro dei sogni
Sciocco E Roba Sciocca,,5,153,1881 Capacelli - Il vero libro dei sogni
Scellerati (banda Di) Sciorinare,,77,153,1881 Capacelli - Il vero libro dei sogni
Scena E Scene,,52,153,1881 Capacelli - Il vero libro dei sogni
Sciorino,,85,153,1881 Capacelli - Il vero libro dei sogni
Sciorino,lare,77,153,1881 Capacelli - Il vero libro dei sogni
Sciringa Pasta,,13,153,1881 Capacelli - Il vero libro dei sogni
Scettro,,1,153,1881 Capacelli - Il vero libro dei sogni
Scirinamento,,51,153,1881 Capacelli - Il vero libro dei sogni
Scheggia O Scheggie Sciringare,,5,153,1881 Capacelli - Il vero libro dei sogni
Scheletro,,25,153,1881 Capacelli - Il vero libro dei sogni
Sciroppo,,32,153,1881 Capacelli - Il vero libro dei sogni
Scheletri,,3,153,1881 Capacelli - Il vero libro dei sogni
Scisma,,49,153,1881 Capacelli - Il vero libro dei sogni
Scherma,,68,153,1881 Capacelli - Il vero libro dei sogni
Sciugatoio,,70,153,1881 Capacelli - Il vero libro dei sogni
Schermitore,,34 68,153,1881 Capacelli - Il vero libro dei sogni
Scodella,,41,153,1881 Capacelli - Il vero libro dei sogni
Scodella,ciata Scoglio,54,153,1881 Capacelli - Il vero libro dei sogni
Schiava,,54,153,1881 Capacelli - Il vero libro dei sogni
Scoiattolo,,65,153,1881 Capacelli - Il vero libro dei sogni
Schiavi,,54 67,153,1881 Capacelli - Il vero libro dei sogni
Scola,,69,153,1881 Capacelli - Il vero libro dei sogni
Schiavo,,59 73,153,1881 Capacelli - Il vero libro dei sogni
Scolare,e scolari,44,153,1881 Capacelli - Il vero libro dei sogni
Sehicchero,,56,153,1881 Capacelli - Il vero libro dei sogni
Scolazione,,72,153,1881 Capacelli - Il vero libro dei sogni
Scolaciata Scolo,,30,154,1881 Capacelli - Il vero libro dei sogni
Scolorito,,88,154,1881 Capacelli - Il vero libro dei sogni
Scolpire,,7,154,1881 Capacelli - Il vero libro dei sogni
Scoltura,,79,154,1881 Capacelli - Il vero libro dei sogni
Scommessa,,50,154,1881 Capacelli - Il vero libro dei sogni
Scompartire,,55,154,1881 Capacelli - Il vero libro dei sogni
Scompigliare,,12,154,1881 Capacelli - Il vero libro dei sogni
Scompigliato,,29,154,1881 Capacelli - Il vero libro dei sogni
Scomporre Qual. Cosa,,2,154,1881 Capacelli - Il vero libro dei sogni
Scomunica,,50,154,1881 Capacelli - Il vero libro dei sogni
Scomunicato,,52,154,1881 Capacelli - Il vero libro dei sogni
Sconciatura,,63,154,1881 Capacelli - Il vero libro dei sogni
Sconficcare,,66,154,1881 Capacelli - Il vero libro dei sogni
Scongiurare,,42,154,1881 Capacelli - Il vero libro dei sogni
Sconocchiare,,46,154,1881 Capacelli - Il vero libro dei sogni
Sconsigliare,,90,154,1881 Capacelli - Il vero libro dei sogni
Sconsolato,,22,154,1881 Capacelli - Il vero libro dei sogni
Scontare,,45,154,1881 Capacelli - Il vero libro dei sogni
Scontorcimento,,9,154,1881 Capacelli - Il vero libro dei sogni
Scopa,,31,154,1881 Capacelli - Il vero libro dei sogni
Scoperto,,11,154,1881 Capacelli - Il vero libro dei sogni
Scoperchiare,,62,154,1881 Capacelli - Il vero libro dei sogni
Scoppiettare,,62,154,1881 Capacelli - Il vero libro dei sogni
Scoppio,,28,154,1881 Capacelli - Il vero libro dei sogni
Scoprire,,89,154,1881 Capacelli - Il vero libro dei sogni
Scorbacchiato,,48,154,1881 Capacelli - Il vero libro dei sogni
Scorbio,,40,154,1881 Capacelli - Il vero libro dei sogni
"Scorbuto, Male",,47,154,1881 Capacelli - Il vero libro dei sogni
Scorciatoia,,72,154,1881 Capacelli - Il vero libro dei sogni
Scoreggiare,,69,154,1881 Capacelli - Il vero libro dei sogni
Scorgere,,44,154,1881 Capacelli - Il vero libro dei sogni
Scornacchi,,28,154,1881 Capacelli - Il vero libro dei sogni
Scorniciare,,33,154,1881 Capacelli - Il vero libro dei sogni
Scorpecciata,,59,154,1881 Capacelli - Il vero libro dei sogni
"Scorpione, Scorpioni",,8,154,1881 Capacelli - Il vero libro dei sogni
Scorreria,,9,154,1881 Capacelli - Il vero libro dei sogni
Scorrezione,,49,154,1881 Capacelli - Il vero libro dei sogni
Scortecciare,,58,154,1881 Capacelli - Il vero libro dei sogni
Scorticalo,,66,154,1881 Capacelli - Il vero libro dei sogni
Scorticare,,3,154,1881 Capacelli - Il vero libro dei sogni
Scorza D'alberi,,44,154,1881 Capacelli - Il vero libro dei sogni
Scorza Qualunque,,83,154,1881 Capacelli - Il vero libro dei sogni
Scortatola,,51,154,1881 Capacelli - Il vero libro dei sogni
Scotola,,10,154,1881 Capacelli - Il vero libro dei sogni
Scotolare,,26,154,1881 Capacelli - Il vero libro dei sogni
Scottatura,,23,154,1881 Capacelli - Il vero libro dei sogni
Scotto,,66,154,1881 Capacelli - Il vero libro dei sogni
Scozzonare,,41,154,1881 Capacelli - Il vero libro dei sogni
Scranna O Sedia,,8,154,1881 Capacelli - Il vero libro dei sogni
Screpolo,,39,154,1881 Capacelli - Il vero libro dei sogni
Scriba O Scrivano,,4,154,1881 Capacelli - Il vero libro dei sogni
Scricciolo,,70,154,1881 Capacelli - Il vero libro dei sogni
Scrigno,,42,154,1881 Capacelli - Il vero libro dei sogni
Scritta,difesa,79,154,1881 Capacelli - Il vero libro dei sogni
Scritta,di matrimonio,85,154,1881 Capacelli - Il vero libro dei sogni
Scritto,,75,154,1881 Capacelli - Il vero libro dei sogni
Scrittoio,,25,154,1881 Capacelli - Il vero libro dei sogni
Scrittura,,21,154,1881 Capacelli - Il vero libro dei sogni
Scritturale,,80,154,1881 Capacelli - Il vero libro dei sogni
Scrivania,,43,154,1881 Capacelli - Il vero libro dei sogni
Scrivere,,69,154,1881 Capacelli - Il vero libro dei sogni
Scrocchio,,1,154,1881 Capacelli - Il vero libro dei sogni
Scroccone,,19,154,1881 Capacelli - Il vero libro dei sogni
Scrofa,,55,154,1881 Capacelli - Il vero libro dei sogni
Scroscio Di Risa,,30,154,1881 Capacelli - Il vero libro dei sogni
Scrupolo,,39,154,1881 Capacelli - Il vero libro dei sogni
Scrupoloso,,38,154,1881 Capacelli - Il vero libro dei sogni
Scrutinio,,1,154,1881 Capacelli - Il vero libro dei sogni
Scucire,,59,154,1881 Capacelli - Il vero libro dei sogni
Scuderia,,26,154,1881 Capacelli - Il vero libro dei sogni
Scudiere,,9,154,1881 Capacelli - Il vero libro dei sogni
Scudo,,19,154,1881 Capacelli - Il vero libro dei sogni
Scuffia,,58,154,1881 Capacelli - Il vero libro dei sogni
Scufflara O Crestara Scufflotto,,32,155,1881 Capacelli - Il vero libro dei sogni
Sculacciare,,6,155,1881 Capacelli - Il vero libro dei sogni
Sculacciata,,78,155,1881 Capacelli - Il vero libro dei sogni
Scultore,,52,155,1881 Capacelli - Il vero libro dei sogni
Scuola,,5,155,1881 Capacelli - Il vero libro dei sogni
Scure,,7,155,1881 Capacelli - Il vero libro dei sogni
Scusa,,7,155,1881 Capacelli - Il vero libro dei sogni
Sdegno,,18,155,1881 Capacelli - Il vero libro dei sogni
Sdentato,,20,155,1881 Capacelli - Il vero libro dei sogni
Sdoganare,,26,155,1881 Capacelli - Il vero libro dei sogni
Sdraiarsi,,52,155,1881 Capacelli - Il vero libro dei sogni
Sdrucito,,86,155,1881 Capacelli - Il vero libro dei sogni
Sdrucciolare,,37,155,1881 Capacelli - Il vero libro dei sogni
Sdrucciolo,,42,155,1881 Capacelli - Il vero libro dei sogni
Seccatoio,,42,155,1881 Capacelli - Il vero libro dei sogni
Seccatore,,24,155,1881 Capacelli - Il vero libro dei sogni
Secchia,,34,155,1881 Capacelli - Il vero libro dei sogni
Secchiaro,,32,155,1881 Capacelli - Il vero libro dei sogni
Secco,,26,155,1881 Capacelli - Il vero libro dei sogni
Seccume,,58,155,1881 Capacelli - Il vero libro dei sogni
Secolare,,54,155,1881 Capacelli - Il vero libro dei sogni
Secolarizzato,,21,155,1881 Capacelli - Il vero libro dei sogni
Secolo,,47,155,1881 Capacelli - Il vero libro dei sogni
Secondo,,62,155,1881 Capacelli - Il vero libro dei sogni
Secondogenito,,77,155,1881 Capacelli - Il vero libro dei sogni
Sedano,o sedani,36,155,1881 Capacelli - Il vero libro dei sogni
Sedere,,8,155,1881 Capacelli - Il vero libro dei sogni
Sedia,,43,155,1881 Capacelli - Il vero libro dei sogni
Sediaro,o sediari,53,155,1881 Capacelli - Il vero libro dei sogni
Sedile,,31,155,1881 Capacelli - Il vero libro dei sogni
Sedizione,,81,155,1881 Capacelli - Il vero libro dei sogni
Sega,,51,155,1881 Capacelli - Il vero libro dei sogni
Segale,,3,155,1881 Capacelli - Il vero libro dei sogni
Segare,,17,155,1881 Capacelli - Il vero libro dei sogni
Segatore,,64,155,1881 Capacelli - Il vero libro dei sogni
Segatore,di pietre,29,155,1881 Capacelli - Il vero libro dei sogni
Segatore,di legna,26,155,1881 Capacelli - Il vero libro dei sogni
Segature,,21,155,1881 Capacelli - Il vero libro dei sogni
Seggetta,,36,155,1881 Capacelli - Il vero libro dei sogni
Seggettiere,,81,155,1881 Capacelli - Il vero libro dei sogni
Seggiola,o sedia,9,155,1881 Capacelli - Il vero libro dei sogni
Seggiolaro,,80,155,1881 Capacelli - Il vero libro dei sogni
Seggiolina,,45,155,1881 Capacelli - Il vero libro dei sogni
Seggiolone,,43,155,1881 Capacelli - Il vero libro dei sogni
Segno,,74,155,1881 Capacelli - Il vero libro dei sogni
Segno,celeste,9,155,1881 Capacelli - Il vero libro dei sogni
Segolo,,37,155,1881 Capacelli - Il vero libro dei sogni
Segrenna,,12,155,1881 Capacelli - Il vero libro dei sogni
Segreta,,67,155,1881 Capacelli - Il vero libro dei sogni
Segretario,,52,155,1881 Capacelli - Il vero libro dei sogni
Segreteria,,46,155,1881 Capacelli - Il vero libro dei sogni
Segreto,,11,155,1881 Capacelli - Il vero libro dei sogni
Seguito,,22,155,1881 Capacelli - Il vero libro dei sogni
Sella,o selle,35,155,1881 Capacelli - Il vero libro dei sogni
Sellaio,,25,155,1881 Capacelli - Il vero libro dei sogni
Sellare,cavallo,60,155,1881 Capacelli - Il vero libro dei sogni
Selva,,65,155,1881 Capacelli - Il vero libro dei sogni
Selvaggio,,82,155,1881 Capacelli - Il vero libro dei sogni
Seme Qualunque,,16,155,1881 Capacelli - Il vero libro dei sogni
Sementa,,28,155,1881 Capacelli - Il vero libro dei sogni
Sementare Seminare,,4,155,1881 Capacelli - Il vero libro dei sogni
Semestre,,59,155,1881 Capacelli - Il vero libro dei sogni
Seminario,,5,155,1881 Capacelli - Il vero libro dei sogni
Seminaristi,,75,155,1881 Capacelli - Il vero libro dei sogni
Seminatori,,22,155,1881 Capacelli - Il vero libro dei sogni
Semivivo,,27,155,1881 Capacelli - Il vero libro dei sogni
Semola E Crusca,,1,155,1881 Capacelli - Il vero libro dei sogni
Semolino,,29,155,1881 Capacelli - Il vero libro dei sogni
Semplicista,,8,155,1881 Capacelli - Il vero libro dei sogni
Semplicità,,35,155,1881 Capacelli - Il vero libro dei sogni
"Sena, Erba",,31,155,1881 Capacelli - Il vero libro dei sogni
"Senapa, Erba",,31,155,1881 Capacelli - Il vero libro dei sogni
Senato,,49,155,1881 Capacelli - Il vero libro dei sogni
Senatore,,8,156,1881 Capacelli - Il vero libro dei sogni
Senatora,,8,156,1881 Capacelli - Il vero libro dei sogni
Senatori,,48,156,1881 Capacelli - Il vero libro dei sogni
Senici,,55,156,1881 Capacelli - Il vero libro dei sogni
Senna,,44,156,1881 Capacelli - Il vero libro dei sogni
Seno Di Donna,,56,156,1881 Capacelli - Il vero libro dei sogni
Sensale,,15,156,1881 Capacelli - Il vero libro dei sogni
Sensazione,,80,156,1881 Capacelli - Il vero libro dei sogni
Senseria,,64,156,1881 Capacelli - Il vero libro dei sogni
Senso,,75,156,1881 Capacelli - Il vero libro dei sogni
Sensuale,,87,156,1881 Capacelli - Il vero libro dei sogni
Sentenza,,42,156,1881 Capacelli - Il vero libro dei sogni
Sentenziare,,5,156,1881 Capacelli - Il vero libro dei sogni
Sentenziato,,15,156,1881 Capacelli - Il vero libro dei sogni
Sentina,,24,156,1881 Capacelli - Il vero libro dei sogni
Sentinella,,31,156,1881 Capacelli - Il vero libro dei sogni
Sepolcro O Sepoltura,,5,156,1881 Capacelli - Il vero libro dei sogni
Sepoltore,,56,156,1881 Capacelli - Il vero libro dei sogni
Seppellire,,34,156,1881 Capacelli - Il vero libro dei sogni
Seppia,,47,156,1881 Capacelli - Il vero libro dei sogni
Sequestro,,33,156,1881 Capacelli - Il vero libro dei sogni
Sera,,65,156,1881 Capacelli - Il vero libro dei sogni
Serafino,,78,156,1881 Capacelli - Il vero libro dei sogni
Serbatoio,,4,156,1881 Capacelli - Il vero libro dei sogni
Serenata,,53,156,1881 Capacelli - Il vero libro dei sogni
Serenità,,32,156,1881 Capacelli - Il vero libro dei sogni
Sorgente,,14,156,1881 Capacelli - Il vero libro dei sogni
Serie Qualunque,,84,156,1881 Capacelli - Il vero libro dei sogni
Serio,,10,156,1881 Capacelli - Il vero libro dei sogni
Sermenti,,67,156,1881 Capacelli - Il vero libro dei sogni
Semolino,,4,156,1881 Capacelli - Il vero libro dei sogni
Sermone Pesce,,47,156,1881 Capacelli - Il vero libro dei sogni
Sermone Pesce,predica,84,156,1881 Capacelli - Il vero libro dei sogni
Serpaio,,37,156,1881 Capacelli - Il vero libro dei sogni
Serpe,,28,156,1881 Capacelli - Il vero libro dei sogni
Serpe,in amore,45,156,1881 Capacelli - Il vero libro dei sogni
Senente,,89,156,1881 Capacelli - Il vero libro dei sogni
Serraglio Di Fiere,,23,156,1881 Capacelli - Il vero libro dei sogni
Serratura,,51,156,1881 Capacelli - Il vero libro dei sogni
Serva E Serve,,6,156,1881 Capacelli - Il vero libro dei sogni
Servente,,61,156,1881 Capacelli - Il vero libro dei sogni
Servitore,,7,156,1881 Capacelli - Il vero libro dei sogni
Servitore,padrone,33,156,1881 Capacelli - Il vero libro dei sogni
Servigiale,,14,156,1881 Capacelli - Il vero libro dei sogni
Servigio,,53,156,1881 Capacelli - Il vero libro dei sogni
Serviziale,,23,156,1881 Capacelli - Il vero libro dei sogni
Sessione,,17,156,1881 Capacelli - Il vero libro dei sogni
Sessitura,,25,156,1881 Capacelli - Il vero libro dei sogni
Seste,,6,156,1881 Capacelli - Il vero libro dei sogni
Seta,,14,156,1881 Capacelli - Il vero libro dei sogni
Setaiuola,,74,156,1881 Capacelli - Il vero libro dei sogni
Seiaiuole,,48,156,1881 Capacelli - Il vero libro dei sogni
Sete,,33,156,1881 Capacelli - Il vero libro dei sogni
Setola,,45,156,1881 Capacelli - Il vero libro dei sogni
Setolaro,,84,156,1881 Capacelli - Il vero libro dei sogni
Setole,,19,156,1881 Capacelli - Il vero libro dei sogni
Setolino,,7,156,1881 Capacelli - Il vero libro dei sogni
Settennario,,55,156,1881 Capacelli - Il vero libro dei sogni
Settentrione,,66,156,1881 Capacelli - Il vero libro dei sogni
Settimana,,73,156,1881 Capacelli - Il vero libro dei sogni
Settuagesima,,2,156,1881 Capacelli - Il vero libro dei sogni
Severità,,89,156,1881 Capacelli - Il vero libro dei sogni
"Sezione Di Cadavere, Ana",tomia,3,156,1881 Capacelli - Il vero libro dei sogni
Sfacciato,,7,156,1881 Capacelli - Il vero libro dei sogni
Sfangare,,49,156,1881 Capacelli - Il vero libro dei sogni
Sfardellare,,43,156,1881 Capacelli - Il vero libro dei sogni
Sfarzo,,52,156,1881 Capacelli - Il vero libro dei sogni
Sfasciar Bambini W,,4,156,1881 Capacelli - Il vero libro dei sogni
Sfasciar Bambini W,piaghe,54,156,1881 Capacelli - Il vero libro dei sogni
Sfavillare,,60,156,1881 Capacelli - Il vero libro dei sogni
Sfoderare,,41,156,1881 Capacelli - Il vero libro dei sogni
Sfera,,44,156,1881 Capacelli - Il vero libro dei sogni
Sferrare,,70,156,1881 Capacelli - Il vero libro dei sogni
Sferza,,73,157,1881 Capacelli - Il vero libro dei sogni
Sferzata,,67,157,1881 Capacelli - Il vero libro dei sogni
Sfibbiare,,73,157,1881 Capacelli - Il vero libro dei sogni
Sfilacciare,,19,157,1881 Capacelli - Il vero libro dei sogni
Sfilatoio,,72,157,1881 Capacelli - Il vero libro dei sogni
Sfinge,,88,157,1881 Capacelli - Il vero libro dei sogni
Sfiorito,,18,157,1881 Capacelli - Il vero libro dei sogni
Sfoconato,,14,157,1881 Capacelli - Il vero libro dei sogni
Sfoderare,,38,157,1881 Capacelli - Il vero libro dei sogni
Sfornare,,8,157,1881 Capacelli - Il vero libro dei sogni
Sforzare,,40,157,1881 Capacelli - Il vero libro dei sogni
Sforzo,,12,157,1881 Capacelli - Il vero libro dei sogni
Sfratto,,42,157,1881 Capacelli - Il vero libro dei sogni
Sfregiato,,29,157,1881 Capacelli - Il vero libro dei sogni
Sfregio,,43,157,1881 Capacelli - Il vero libro dei sogni
Sgabellare,,40,157,1881 Capacelli - Il vero libro dei sogni
Sgabello,,21,157,1881 Capacelli - Il vero libro dei sogni
Sgambetto,,41,157,1881 Capacelli - Il vero libro dei sogni
Sganasciare,,50,157,1881 Capacelli - Il vero libro dei sogni
Sgangherare,,8,157,1881 Capacelli - Il vero libro dei sogni
Sgherro,,35,157,1881 Capacelli - Il vero libro dei sogni
Sgignazzare,,5,157,1881 Capacelli - Il vero libro dei sogni
Sgocciolare,,11,157,1881 Capacelli - Il vero libro dei sogni
Sgomberare,,28,157,1881 Capacelli - Il vero libro dei sogni
Sgorbio,,52,157,1881 Capacelli - Il vero libro dei sogni
Sgozzare,,7,157,1881 Capacelli - Il vero libro dei sogni
Sgrafiio,,7,157,1881 Capacelli - Il vero libro dei sogni
Sgranare,,68,157,1881 Capacelli - Il vero libro dei sogni
Sgridare,,22,157,1881 Capacelli - Il vero libro dei sogni
Sguaiato,,20,157,1881 Capacelli - Il vero libro dei sogni
Sguainare,,33,157,1881 Capacelli - Il vero libro dei sogni
Sgualdrina,,80,157,1881 Capacelli - Il vero libro dei sogni
Sguarnire,,82,157,1881 Capacelli - Il vero libro dei sogni
Sguazzare,,85,157,1881 Capacelli - Il vero libro dei sogni
Sguinzaglio,,90,157,1881 Capacelli - Il vero libro dei sogni
Sguasciare,,38,157,1881 Capacelli - Il vero libro dei sogni
Sibilla E Sibille Sicario,,43,157,1881 Capacelli - Il vero libro dei sogni
Sicciole E Siccioli,,3,157,1881 Capacelli - Il vero libro dei sogni
Siccità,,11,157,1881 Capacelli - Il vero libro dei sogni
Sidrone,o cedrone,20,157,1881 Capacelli - Il vero libro dei sogni
Siepe,,49,157,1881 Capacelli - Il vero libro dei sogni
Siero,,28,157,1881 Capacelli - Il vero libro dei sogni
Sigillare,,22,157,1881 Capacelli - Il vero libro dei sogni
Sigillo,,41,157,1881 Capacelli - Il vero libro dei sogni
Signori,,8 69,157,1881 Capacelli - Il vero libro dei sogni
Signoria,,4,157,1881 Capacelli - Il vero libro dei sogni
Signorina,,90,157,1881 Capacelli - Il vero libro dei sogni
Silenzio,,40,157,1881 Capacelli - Il vero libro dei sogni
Sillaba,,49,157,1881 Capacelli - Il vero libro dei sogni
Sillabare,,49,157,1881 Capacelli - Il vero libro dei sogni
Simpatia,,71,157,1881 Capacelli - Il vero libro dei sogni
Simulacro,,83,157,1881 Capacelli - Il vero libro dei sogni
Simulazione,,37,157,1881 Capacelli - Il vero libro dei sogni
Sinagoga,,54,157,1881 Capacelli - Il vero libro dei sogni
Sincerità,,10,157,1881 Capacelli - Il vero libro dei sogni
Sindacato,,23,157,1881 Capacelli - Il vero libro dei sogni
Sindaco,,26,157,1881 Capacelli - Il vero libro dei sogni
Sinfonia,,41,157,1881 Capacelli - Il vero libro dei sogni
Singhiozzo,,3,157,1881 Capacelli - Il vero libro dei sogni
Sinistra,mano,73,157,1881 Capacelli - Il vero libro dei sogni
Sinistro Accidente,,28,157,1881 Capacelli - Il vero libro dei sogni
Sinodo O Concilio,,39,157,1881 Capacelli - Il vero libro dei sogni
Sirena,,42,157,1881 Capacelli - Il vero libro dei sogni
Siringare,,88,157,1881 Capacelli - Il vero libro dei sogni
Siroppo,,70,157,1881 Capacelli - Il vero libro dei sogni
Sito,,69,157,1881 Capacelli - Il vero libro dei sogni
Slitta,,83,157,1881 Capacelli - Il vero libro dei sogni
Smacco,,85,157,1881 Capacelli - Il vero libro dei sogni
Smagliare,,60,157,1881 Capacelli - Il vero libro dei sogni
Smagrimento,,68,157,1881 Capacelli - Il vero libro dei sogni
Smaltitoio,,73 75,157,1881 Capacelli - Il vero libro dei sogni
Smalto,,30,158,1881 Capacelli - Il vero libro dei sogni
Smania,,2,158,1881 Capacelli - Il vero libro dei sogni
Smaniare,,16,158,1881 Capacelli - Il vero libro dei sogni
Smanigli O Manigli,,11,158,1881 Capacelli - Il vero libro dei sogni
Smargiasso,,45,158,1881 Capacelli - Il vero libro dei sogni
Smattonare,,68,158,1881 Capacelli - Il vero libro dei sogni
Smeraldo,,30,158,1881 Capacelli - Il vero libro dei sogni
Smeriglio,,26,158,1881 Capacelli - Il vero libro dei sogni
Sminuzzolare,,59,158,1881 Capacelli - Il vero libro dei sogni
Smoccolare,,15,158,1881 Capacelli - Il vero libro dei sogni
Smoccolatoio,,86,158,1881 Capacelli - Il vero libro dei sogni
Smontare,,81,158,1881 Capacelli - Il vero libro dei sogni
Smunto,,18,158,1881 Capacelli - Il vero libro dei sogni
Smurare,,31,158,1881 Capacelli - Il vero libro dei sogni
Snello,,22,158,1881 Capacelli - Il vero libro dei sogni
Snodare,,27,158,1881 Capacelli - Il vero libro dei sogni
Sobborgo,,42,158,1881 Capacelli - Il vero libro dei sogni
Sobrio,,58,158,1881 Capacelli - Il vero libro dei sogni
Soccorrere,,77,158,1881 Capacelli - Il vero libro dei sogni
Soccorso,,20,158,1881 Capacelli - Il vero libro dei sogni
Sociarsi,,65,158,1881 Capacelli - Il vero libro dei sogni
Società,,78,158,1881 Capacelli - Il vero libro dei sogni
Socio,,62,158,1881 Capacelli - Il vero libro dei sogni
Sodomia,,3,158,1881 Capacelli - Il vero libro dei sogni
Sofà,,59,158,1881 Capacelli - Il vero libro dei sogni
Soffiare,,17,158,1881 Capacelli - Il vero libro dei sogni
Soffiettare,,67,158,1881 Capacelli - Il vero libro dei sogni
Soffietti,,63,158,1881 Capacelli - Il vero libro dei sogni
Soffietto,,69,158,1881 Capacelli - Il vero libro dei sogni
Soffitta,,21,158,1881 Capacelli - Il vero libro dei sogni
Soffocare O Soffocato,,1,158,1881 Capacelli - Il vero libro dei sogni
Soggolo,,36,158,1881 Capacelli - Il vero libro dei sogni
Soglia,,14,158,1881 Capacelli - Il vero libro dei sogni
Sogliola Pesce,,76,158,1881 Capacelli - Il vero libro dei sogni
Sognare,,48,158,1881 Capacelli - Il vero libro dei sogni
Sogno,,69,158,1881 Capacelli - Il vero libro dei sogni
Solco,,56,158,1881 Capacelli - Il vero libro dei sogni
Soldato,,11,158,1881 Capacelli - Il vero libro dei sogni
Soldato,in sentinella,22,158,1881 Capacelli - Il vero libro dei sogni
Soldati Molti,,12,158,1881 Capacelli - Il vero libro dei sogni
Soldo,e soldi,63,158,1881 Capacelli - Il vero libro dei sogni
Sole,,1,158,1881 Capacelli - Il vero libro dei sogni
Soleggiare,,57,158,1881 Capacelli - Il vero libro dei sogni
Solennità,,67,158,1881 Capacelli - Il vero libro dei sogni
Solette,,46,158,1881 Capacelli - Il vero libro dei sogni
Solfanello O Zolfanello,,1,158,1881 Capacelli - Il vero libro dei sogni
Solimato,,28,158,1881 Capacelli - Il vero libro dei sogni
Solitudine,,32,158,1881 Capacelli - Il vero libro dei sogni
Sollazzarsi,,25,158,1881 Capacelli - Il vero libro dei sogni
Sollecito,,70,158,1881 Capacelli - Il vero libro dei sogni
Sollevazione Di Pop,,4,158,1881 Capacelli - Il vero libro dei sogni
Solutivo,,60,158,1881 Capacelli - Il vero libro dei sogni
Soma,,42,158,1881 Capacelli - Il vero libro dei sogni
Somaro O Asino,,23,158,1881 Capacelli - Il vero libro dei sogni
Somiglianza,,25,158,1881 Capacelli - Il vero libro dei sogni
Somma,,79,158,1881 Capacelli - Il vero libro dei sogni
Sommare,,56,158,1881 Capacelli - Il vero libro dei sogni
Sommergere,,19,158,1881 Capacelli - Il vero libro dei sogni
Sonagliera,,29,158,1881 Capacelli - Il vero libro dei sogni
Sonaglio,,16,158,1881 Capacelli - Il vero libro dei sogni
"Sonare, Sonatore",,64 53,158,1881 Capacelli - Il vero libro dei sogni
Sonatrice,,9,158,1881 Capacelli - Il vero libro dei sogni
Sonetto O Sonetti,,14 66,158,1881 Capacelli - Il vero libro dei sogni
Sonacchiose,,75,158,1881 Capacelli - Il vero libro dei sogni
Sonno,,60,158,1881 Capacelli - Il vero libro dei sogni
Sonnolenza,,86,158,1881 Capacelli - Il vero libro dei sogni
Sopore,,6,158,1881 Capacelli - Il vero libro dei sogni
Soppano,,71,158,1881 Capacelli - Il vero libro dei sogni
Sopracarta,,31,158,1881 Capacelli - Il vero libro dei sogni
Sopracielo,,15,158,1881 Capacelli - Il vero libro dei sogni
Sopracoperta,,81,158,1881 Capacelli - Il vero libro dei sogni
Sopranome,,24,158,1881 Capacelli - Il vero libro dei sogni
Soprano,,34,158,1881 Capacelli - Il vero libro dei sogni
Sopraparto,,7,158,1881 Capacelli - Il vero libro dei sogni
Soprapassato,,26,159,1881 Capacelli - Il vero libro dei sogni
Soprascritta,,47,159,1881 Capacelli - Il vero libro dei sogni
Soprastante,,58,159,1881 Capacelli - Il vero libro dei sogni
Soprattieni,,73,159,1881 Capacelli - Il vero libro dei sogni
Sopravvidenza,,47,159,1881 Capacelli - Il vero libro dei sogni
Sopravvivoli,,33,159,1881 Capacelli - Il vero libro dei sogni
Soprintendente,,52,159,1881 Capacelli - Il vero libro dei sogni
Sorba O Sorbo,,69,159,1881 Capacelli - Il vero libro dei sogni
Sorbetto Qualunq,,21,159,1881 Capacelli - Il vero libro dei sogni
"Sorbo, Albero",,65,159,1881 Capacelli - Il vero libro dei sogni
Sorcio O Topo,,23,159,1881 Capacelli - Il vero libro dei sogni
Sordino,,20,159,1881 Capacelli - Il vero libro dei sogni
Sordo E Sordità,,3 28,159,1881 Capacelli - Il vero libro dei sogni
Sorella,,26,159,1881 Capacelli - Il vero libro dei sogni
Sorgente,,13,159,1881 Capacelli - Il vero libro dei sogni
Sorpreso,,74,159,1881 Capacelli - Il vero libro dei sogni
Sorta,,84,159,1881 Capacelli - Il vero libro dei sogni
Sorte,,37,159,1881 Capacelli - Il vero libro dei sogni
Sortilegio,,6,159,1881 Capacelli - Il vero libro dei sogni
Soscrivere,,14,159,1881 Capacelli - Il vero libro dei sogni
Sospensione,,25,159,1881 Capacelli - Il vero libro dei sogni
Sospetto,,11,159,1881 Capacelli - Il vero libro dei sogni
Sospirare,,44,159,1881 Capacelli - Il vero libro dei sogni
Sospiro,,38,159,1881 Capacelli - Il vero libro dei sogni
Sostegno,,33,159,1881 Capacelli - Il vero libro dei sogni
Sostentamento,,84,159,1881 Capacelli - Il vero libro dei sogni
Sottana,,69,159,1881 Capacelli - Il vero libro dei sogni
Sotterfugio,,48,159,1881 Capacelli - Il vero libro dei sogni
Sotterraneo,,60,159,1881 Capacelli - Il vero libro dei sogni
Sotterrare,,7,159,1881 Capacelli - Il vero libro dei sogni
Sottocalze,,55,159,1881 Capacelli - Il vero libro dei sogni
Sottocalzoni,,66,159,1881 Capacelli - Il vero libro dei sogni
Sottocoppa,,89,159,1881 Capacelli - Il vero libro dei sogni
Sottocoppa,d'argento,84,159,1881 Capacelli - Il vero libro dei sogni
Sottocoppa,di latta,10,159,1881 Capacelli - Il vero libro dei sogni
Sottocoppa,di rame,14,159,1881 Capacelli - Il vero libro dei sogni
Sottoveste,,43,159,1881 Capacelli - Il vero libro dei sogni
Sovrano,,73,159,1881 Capacelli - Il vero libro dei sogni
Sozzura,,89,159,1881 Capacelli - Il vero libro dei sogni
Spaccare,,9,159,1881 Capacelli - Il vero libro dei sogni
Spaccare,legna,90,159,1881 Capacelli - Il vero libro dei sogni
Spaccatura,,13 27,159,1881 Capacelli - Il vero libro dei sogni
Spaccone,,32,159,1881 Capacelli - Il vero libro dei sogni
Spada E Spade,,10 36,159,1881 Capacelli - Il vero libro dei sogni
Spadaccino,,46,159,1881 Capacelli - Il vero libro dei sogni
Spadajo,,22,159,1881 Capacelli - Il vero libro dei sogni
Spago,,16,159,1881 Capacelli - Il vero libro dei sogni
Spaiare,,76,159,1881 Capacelli - Il vero libro dei sogni
Spalancare,,49,159,1881 Capacelli - Il vero libro dei sogni
Spalla,,67,159,1881 Capacelli - Il vero libro dei sogni
Spallare,,54,159,1881 Capacelli - Il vero libro dei sogni
Spallato,,58,159,1881 Capacelli - Il vero libro dei sogni
Spalliera,,57,159,1881 Capacelli - Il vero libro dei sogni
Spalliera,di fiori,86,159,1881 Capacelli - Il vero libro dei sogni
Spalliera,di agrumi,88,159,1881 Capacelli - Il vero libro dei sogni
Spalliera,di frutti,8,159,1881 Capacelli - Il vero libro dei sogni
Spalmata,,12,159,1881 Capacelli - Il vero libro dei sogni
Spalto,,28,159,1881 Capacelli - Il vero libro dei sogni
Spanciata,,35,159,1881 Capacelli - Il vero libro dei sogni
Spandere,,3,159,1881 Capacelli - Il vero libro dei sogni
Spanare,,54,159,1881 Capacelli - Il vero libro dei sogni
Spappolare,,8,159,1881 Capacelli - Il vero libro dei sogni
Sparagio E Sparagi,,78,159,1881 Capacelli - Il vero libro dei sogni
Spargiajo,,52,159,1881 Capacelli - Il vero libro dei sogni
Sparare,,71,159,1881 Capacelli - Il vero libro dei sogni
Sparo D'arme,,72,159,1881 Capacelli - Il vero libro dei sogni
Spartizione,,80,159,1881 Capacelli - Il vero libro dei sogni
Sparviere,,55,159,1881 Capacelli - Il vero libro dei sogni
Spasimo,,90,159,1881 Capacelli - Il vero libro dei sogni
Spasseggio,,70,159,1881 Capacelli - Il vero libro dei sogni
Spasso,,3,159,1881 Capacelli - Il vero libro dei sogni
Spatola,,20,159,1881 Capacelli - Il vero libro dei sogni
Spauracchio,,14,159,1881 Capacelli - Il vero libro dei sogni
Spavento,,6,159,1881 Capacelli - Il vero libro dei sogni
Spazio,,62,160,1881 Capacelli - Il vero libro dei sogni
Spazzacamino,,1,160,1881 Capacelli - Il vero libro dei sogni
Spazzare,,86,160,1881 Capacelli - Il vero libro dei sogni
Spazzatura,,4,160,1881 Capacelli - Il vero libro dei sogni
Spazzaturajo,,9,160,1881 Capacelli - Il vero libro dei sogni
Spazzola,,7,160,1881 Capacelli - Il vero libro dei sogni
Spazzolare,,19,160,1881 Capacelli - Il vero libro dei sogni
Spazzolino,,16,160,1881 Capacelli - Il vero libro dei sogni
Specchiaio,,71,160,1881 Capacelli - Il vero libro dei sogni
Specchiarsi,,24,160,1881 Capacelli - Il vero libro dei sogni
Specchi,,29,160,1881 Capacelli - Il vero libro dei sogni
Specchio,,6,160,1881 Capacelli - Il vero libro dei sogni
Specifico,,36,160,1881 Capacelli - Il vero libro dei sogni
Spedale,,33,160,1881 Capacelli - Il vero libro dei sogni
Spedaliera,,33,160,1881 Capacelli - Il vero libro dei sogni
Spedaliero,,40,160,1881 Capacelli - Il vero libro dei sogni
Spedito,,30,160,1881 Capacelli - Il vero libro dei sogni
Spedizioni,,53,160,1881 Capacelli - Il vero libro dei sogni
Spedizioniere,,57,160,1881 Capacelli - Il vero libro dei sogni
Spegnere,,61,160,1881 Capacelli - Il vero libro dei sogni
Spegnitojo,,39,160,1881 Capacelli - Il vero libro dei sogni
Spelonca,,57,160,1881 Capacelli - Il vero libro dei sogni
Spenacchiato,,77,160,1881 Capacelli - Il vero libro dei sogni
Spenacchio,,52,160,1881 Capacelli - Il vero libro dei sogni
Spenzolarsi,,5,160,1881 Capacelli - Il vero libro dei sogni
Spera,,44,160,1881 Capacelli - Il vero libro dei sogni
Speranza,,8 37,160,1881 Capacelli - Il vero libro dei sogni
Spergiuro,,13,160,1881 Capacelli - Il vero libro dei sogni
Sperone,,25,160,1881 Capacelli - Il vero libro dei sogni
Spesa,,35,160,1881 Capacelli - Il vero libro dei sogni
Spettacolo,,27,160,1881 Capacelli - Il vero libro dei sogni
Spettatori,,26,160,1881 Capacelli - Il vero libro dei sogni
Spettazzare,,53,160,1881 Capacelli - Il vero libro dei sogni
Spettorato,,58,160,1881 Capacelli - Il vero libro dei sogni
Speziale,,8,160,1881 Capacelli - Il vero libro dei sogni
Spezie,,3,160,1881 Capacelli - Il vero libro dei sogni
Spezzare,,49,160,1881 Capacelli - Il vero libro dei sogni
Spezzatura,,86,160,1881 Capacelli - Il vero libro dei sogni
Spia,,13,160,1881 Capacelli - Il vero libro dei sogni
Spiaggia,,80,160,1881 Capacelli - Il vero libro dei sogni
Spianare,,2,160,1881 Capacelli - Il vero libro dei sogni
Spianatojo,,5,160,1881 Capacelli - Il vero libro dei sogni
Spianatore,,16,160,1881 Capacelli - Il vero libro dei sogni
Spiantato,,86,160,1881 Capacelli - Il vero libro dei sogni
Spiccare,,67,160,1881 Capacelli - Il vero libro dei sogni
Spicchio,,5,160,1881 Capacelli - Il vero libro dei sogni
Spicciolare,,23,160,1881 Capacelli - Il vero libro dei sogni
Spidocchiare,,20,160,1881 Capacelli - Il vero libro dei sogni
Spiedo,,1,160,1881 Capacelli - Il vero libro dei sogni
Spiga,,31,160,1881 Capacelli - Il vero libro dei sogni
Spigo,,78,160,1881 Capacelli - Il vero libro dei sogni
Spigolo Di Muro,,7,160,1881 Capacelli - Il vero libro dei sogni
"Spilettajo, Spilletto",,8,160,1881 Capacelli - Il vero libro dei sogni
Spilli,,4,160,1881 Capacelli - Il vero libro dei sogni
Spilli,e spillo,4 51,160,1881 Capacelli - Il vero libro dei sogni
Spillone Di Testa,,9,160,1881 Capacelli - Il vero libro dei sogni
Spilloni,,62,160,1881 Capacelli - Il vero libro dei sogni
Spina,,45,160,1881 Capacelli - Il vero libro dei sogni
Spinacci,,71,160,1881 Capacelli - Il vero libro dei sogni
"Spinetta, Stromento",,55,160,1881 Capacelli - Il vero libro dei sogni
"Spinettoja, Spinetto",,86,160,1881 Capacelli - Il vero libro dei sogni
Spingarda,,47,160,1881 Capacelli - Il vero libro dei sogni
Spine,,22,160,1881 Capacelli - Il vero libro dei sogni
Spinoso,,7,160,1881 Capacelli - Il vero libro dei sogni
"Spinta, Spintone",,32,160,1881 Capacelli - Il vero libro dei sogni
Spiraglio,,63,160,1881 Capacelli - Il vero libro dei sogni
Spirare,,41,160,1881 Capacelli - Il vero libro dei sogni
Spiritato,,55,160,1881 Capacelli - Il vero libro dei sogni
Spiriti,,6,160,1881 Capacelli - Il vero libro dei sogni
Spirito,,70,160,1881 Capacelli - Il vero libro dei sogni
Spiumacciare,,45,160,1881 Capacelli - Il vero libro dei sogni
Spiumare Uccelli,,14,160,1881 Capacelli - Il vero libro dei sogni
Splendore,,54,160,1881 Capacelli - Il vero libro dei sogni
Spogliarsi,,35,160,1881 Capacelli - Il vero libro dei sogni
Spogliatoio,,12,161,1881 Capacelli - Il vero libro dei sogni
Spoglio,,37,161,1881 Capacelli - Il vero libro dei sogni
Spolverare,,41,161,1881 Capacelli - Il vero libro dei sogni
Spolverina,,55,161,1881 Capacelli - Il vero libro dei sogni
Sponda,,48,161,1881 Capacelli - Il vero libro dei sogni
Sponsali Sposaliz,,28,161,1881 Capacelli - Il vero libro dei sogni
Spoppare,,88,161,1881 Capacelli - Il vero libro dei sogni
Sporcare,,21,161,1881 Capacelli - Il vero libro dei sogni
Sporta,,38,161,1881 Capacelli - Il vero libro dei sogni
"Sportarola, Sport",,19,161,1881 Capacelli - Il vero libro dei sogni
Sporte,,30,161,1881 Capacelli - Il vero libro dei sogni
Sportellina,,3,161,1881 Capacelli - Il vero libro dei sogni
Sportello,,66,161,1881 Capacelli - Il vero libro dei sogni
Sposa E Sposo,,49,161,1881 Capacelli - Il vero libro dei sogni
Sposalizio,,10,161,1881 Capacelli - Il vero libro dei sogni
Spranga,,28,161,1881 Capacelli - Il vero libro dei sogni
Sprangare,,22,161,1881 Capacelli - Il vero libro dei sogni
Spremere,,77,161,1881 Capacelli - Il vero libro dei sogni
Sprone,,25,161,1881 Capacelli - Il vero libro dei sogni
Spronella,,26,161,1881 Capacelli - Il vero libro dei sogni
Spugna,,37,161,1881 Capacelli - Il vero libro dei sogni
Spugna,spugnare,76,161,1881 Capacelli - Il vero libro dei sogni
Spuntare,,14,161,1881 Capacelli - Il vero libro dei sogni
Spuntoni,,11,161,1881 Capacelli - Il vero libro dei sogni
Spurgare,,29,161,1881 Capacelli - Il vero libro dei sogni
Sputacchiera,,10,161,1881 Capacelli - Il vero libro dei sogni
Sputo,,62,161,1881 Capacelli - Il vero libro dei sogni
Squadra,,17,161,1881 Capacelli - Il vero libro dei sogni
Squadra,di soldati,39,161,1881 Capacelli - Il vero libro dei sogni
Squadra,di sbirri,12,161,1881 Capacelli - Il vero libro dei sogni
Squadra,per disegno,3,161,1881 Capacelli - Il vero libro dei sogni
Squadro,pesce,35,161,1881 Capacelli - Il vero libro dei sogni
Squadrone,,10,161,1881 Capacelli - Il vero libro dei sogni
Squadrone,di cavalleria,30,161,1881 Capacelli - Il vero libro dei sogni
Squarcio,,40,161,1881 Capacelli - Il vero libro dei sogni
Squartare,,36,161,1881 Capacelli - Il vero libro dei sogni
Squilla E Squille G,,3,161,1881 Capacelli - Il vero libro dei sogni
Squittinio,,11,161,1881 Capacelli - Il vero libro dei sogni
Stabbiolo,,42,161,1881 Capacelli - Il vero libro dei sogni
Staccialo,,38,161,1881 Capacelli - Il vero libro dei sogni
Stacciare,,24,161,1881 Capacelli - Il vero libro dei sogni
Staccio,,10,161,1881 Capacelli - Il vero libro dei sogni
Stadera,,34,161,1881 Capacelli - Il vero libro dei sogni
Staderajo,,60,161,1881 Capacelli - Il vero libro dei sogni
Staderara,,81,161,1881 Capacelli - Il vero libro dei sogni
Staffa,,16,161,1881 Capacelli - Il vero libro dei sogni
Staffetta,,50,161,1881 Capacelli - Il vero libro dei sogni
Staffiere,,27,161,1881 Capacelli - Il vero libro dei sogni
Staffilata,,82,161,1881 Capacelli - Il vero libro dei sogni
Staffile,,31,161,1881 Capacelli - Il vero libro dei sogni
Staggina,,44,161,1881 Capacelli - Il vero libro dei sogni
Staggio,,51,161,1881 Capacelli - Il vero libro dei sogni
Stagione,,49,161,1881 Capacelli - Il vero libro dei sogni
Stagnaio,,49,161,1881 Capacelli - Il vero libro dei sogni
"Stagnata Da Olio """,,3,161,1881 Capacelli - Il vero libro dei sogni
Stagno,,9,161,1881 Capacelli - Il vero libro dei sogni
Stagno,d'acqua,29,161,1881 Capacelli - Il vero libro dei sogni
Staja E Stajo,,88,161,1881 Capacelli - Il vero libro dei sogni
Stalla,,49,161,1881 Capacelli - Il vero libro dei sogni
Stalla,con cavalli,25,161,1881 Capacelli - Il vero libro dei sogni
Stalla,con bovi,57,161,1881 Capacelli - Il vero libro dei sogni
Stallaggio,,58,161,1881 Capacelli - Il vero libro dei sogni
Stallone,,69,161,1881 Capacelli - Il vero libro dei sogni
Stamajolo,,56,161,1881 Capacelli - Il vero libro dei sogni
Stame,,59,161,1881 Capacelli - Il vero libro dei sogni
Stamigna,,50,161,1881 Capacelli - Il vero libro dei sogni
Stampare,,17,161,1881 Capacelli - Il vero libro dei sogni
Stampare,caratteri,60,161,1881 Capacelli - Il vero libro dei sogni
Stampare,tela,27,161,1881 Capacelli - Il vero libro dei sogni
Stampatello,,57,161,1881 Capacelli - Il vero libro dei sogni
Stampatore,,3,161,1881 Capacelli - Il vero libro dei sogni
Stampatore,in rame,62,161,1881 Capacelli - Il vero libro dei sogni
Stamperia,,60,161,1881 Capacelli - Il vero libro dei sogni
Stanga,,27,162,1881 Capacelli - Il vero libro dei sogni
Stilla,e stillo,30 39,162,1881 Capacelli - Il vero libro dei sogni
Stanghetta,,61,162,1881 Capacelli - Il vero libro dei sogni
Stillare,,72,162,1881 Capacelli - Il vero libro dei sogni
Stanza Qualunque,,36,162,1881 Capacelli - Il vero libro dei sogni
Stilo,,63,162,1881 Capacelli - Il vero libro dei sogni
Stanzino,,34,162,1881 Capacelli - Il vero libro dei sogni
Stimare,,76,162,1881 Capacelli - Il vero libro dei sogni
Starna E Starne,,38,162,1881 Capacelli - Il vero libro dei sogni
Stimatore,,46,162,1881 Capacelli - Il vero libro dei sogni
Starnette,,77,162,1881 Capacelli - Il vero libro dei sogni
Stinchi E Stinco,,32,162,1881 Capacelli - Il vero libro dei sogni
"Starnato, Starnutare Stioppo",,89 28,162,1881 Capacelli - Il vero libro dei sogni
"Statua, Statuario",,55,162,1881 Capacelli - Il vero libro dei sogni
Stipa,,47,162,1881 Capacelli - Il vero libro dei sogni
Statuo,legge,80,162,1881 Capacelli - Il vero libro dei sogni
Stagione,,50,162,1881 Capacelli - Il vero libro dei sogni
Steccato,,83,162,1881 Capacelli - Il vero libro dei sogni
Stecco,,87,162,1881 Capacelli - Il vero libro dei sogni
Steccone,,87,162,1881 Capacelli - Il vero libro dei sogni
Stella E Stelle Stellato,,20,162,1881 Capacelli - Il vero libro dei sogni
Stendardo,,3,162,1881 Capacelli - Il vero libro dei sogni
^tendere,,6,162,1881 Capacelli - Il vero libro dei sogni
Stentato,,42,162,1881 Capacelli - Il vero libro dei sogni
Stento,,32,162,1881 Capacelli - Il vero libro dei sogni
Sterco,,54,162,1881 Capacelli - Il vero libro dei sogni
Sterilità,,45,162,1881 Capacelli - Il vero libro dei sogni
Sterno,,57,162,1881 Capacelli - Il vero libro dei sogni
Sterro,,35,162,1881 Capacelli - Il vero libro dei sogni
Sterzo,,65,162,1881 Capacelli - Il vero libro dei sogni
Stia,,56,162,1881 Capacelli - Il vero libro dei sogni
Stia,con polli,59,162,1881 Capacelli - Il vero libro dei sogni
Stiacciata,,40,162,1881 Capacelli - Il vero libro dei sogni
Stiacciata,unta,63,162,1881 Capacelli - Il vero libro dei sogni
Stiacciatine,,18,162,1881 Capacelli - Il vero libro dei sogni
Stiacciatura,,73,162,1881 Capacelli - Il vero libro dei sogni
Stiaccio,,67,162,1881 Capacelli - Il vero libro dei sogni
Stiaffo,,81,162,1881 Capacelli - Il vero libro dei sogni
Stiamazzo,,60,162,1881 Capacelli - Il vero libro dei sogni
Stipendio,,79,162,1881 Capacelli - Il vero libro dei sogni
Stipetto,,81,162,1881 Capacelli - Il vero libro dei sogni
Stipide,,73,162,1881 Capacelli - Il vero libro dei sogni
Stipo,,51 61,162,1881 Capacelli - Il vero libro dei sogni
Stirpe,,90,162,1881 Capacelli - Il vero libro dei sogni
Stitichezza,o,8,162,1881 Capacelli - Il vero libro dei sogni
Stivale E Stivali,,13 19,162,1881 Capacelli - Il vero libro dei sogni
Stivaletto E Stivaletti,,1,162,1881 Capacelli - Il vero libro dei sogni
Stiuma,o,5,162,1881 Capacelli - Il vero libro dei sogni
Stiumare,,33,162,1881 Capacelli - Il vero libro dei sogni
Stizza,,43,162,1881 Capacelli - Il vero libro dei sogni
Stoccata,,57,162,1881 Capacelli - Il vero libro dei sogni
Stocco,,53,162,1881 Capacelli - Il vero libro dei sogni
"Stoccofisso, Pesce",,66,162,1881 Capacelli - Il vero libro dei sogni
Stoffa Qualunque,,64,162,1881 Capacelli - Il vero libro dei sogni
Stola,,25,162,1881 Capacelli - Il vero libro dei sogni
Stoltezza,,67,162,1881 Capacelli - Il vero libro dei sogni
Stolto,,34,162,1881 Capacelli - Il vero libro dei sogni
Stomacare,,76,162,1881 Capacelli - Il vero libro dei sogni
Stomaco,,2,162,1881 Capacelli - Il vero libro dei sogni
Stomatico,,1,162,1881 Capacelli - Il vero libro dei sogni
Stoppino,,68,162,1881 Capacelli - Il vero libro dei sogni
Stoppaccio,,5,162,1881 Capacelli - Il vero libro dei sogni
Stoppo,,1,162,1881 Capacelli - Il vero libro dei sogni
Starare,,79,162,1881 Capacelli - Il vero libro dei sogni
Stidionata D'arrosto Stordito,,10,162,1881 Capacelli - Il vero libro dei sogni
Stidione,,62,162,1881 Capacelli - Il vero libro dei sogni
Storia E Storie,,69 80,162,1881 Capacelli - Il vero libro dei sogni
Stilettata,,39,162,1881 Capacelli - Il vero libro dei sogni
Storiata E Storiato,,31,162,1881 Capacelli - Il vero libro dei sogni
Stiletto,,11,162,1881 Capacelli - Il vero libro dei sogni
"Storione, Pesce",,90,162,1881 Capacelli - Il vero libro dei sogni
"Stornello, Uccello",,51,163,1881 Capacelli - Il vero libro dei sogni
Storni Di Lotto,,69,163,1881 Capacelli - Il vero libro dei sogni
"Storno, Uccello",,48,163,1881 Capacelli - Il vero libro dei sogni
Storpiata,,36,163,1881 Capacelli - Il vero libro dei sogni
Stoviglia,,40,163,1881 Capacelli - Il vero libro dei sogni
Stovigliato,,70,163,1881 Capacelli - Il vero libro dei sogni
Straboccare,,73,163,1881 Capacelli - Il vero libro dei sogni
Straccale,,61,163,1881 Capacelli - Il vero libro dei sogni
Stracchezza,,89,163,1881 Capacelli - Il vero libro dei sogni
Stracci,,63,163,1881 Capacelli - Il vero libro dei sogni
Stracciare,,79,163,1881 Capacelli - Il vero libro dei sogni
Stracciafoglio,,74,163,1881 Capacelli - Il vero libro dei sogni
Stracciamola,,81,163,1881 Capacelli - Il vero libro dei sogni
Stracciamolo,,83,163,1881 Capacelli - Il vero libro dei sogni
Stracco,,62,163,1881 Capacelli - Il vero libro dei sogni
Strada Qualunque,,15,163,1881 Capacelli - Il vero libro dei sogni
Stradiere,,47,163,1881 Capacelli - Il vero libro dei sogni
Stradone,,34,163,1881 Capacelli - Il vero libro dei sogni
Strage,,1,163,1881 Capacelli - Il vero libro dei sogni
Stralciare,,3,163,1881 Capacelli - Il vero libro dei sogni
Strale,,9,163,1881 Capacelli - Il vero libro dei sogni
Stravizzo,,46,163,1881 Capacelli - Il vero libro dei sogni
Straziare,,10,163,1881 Capacelli - Il vero libro dei sogni
Straziaro,,15,163,1881 Capacelli - Il vero libro dei sogni
Stravolgere,,49,163,1881 Capacelli - Il vero libro dei sogni
Strega,,41,163,1881 Capacelli - Il vero libro dei sogni
Stregato,,43,163,1881 Capacelli - Il vero libro dei sogni
Streghe,,13,163,1881 Capacelli - Il vero libro dei sogni
Stregone,,15,163,1881 Capacelli - Il vero libro dei sogni
Stregoneria,,25,163,1881 Capacelli - Il vero libro dei sogni
Strepito,,84,163,1881 Capacelli - Il vero libro dei sogni
Strettojo,,14,163,1881 Capacelli - Il vero libro dei sogni
Stridere,,41,163,1881 Capacelli - Il vero libro dei sogni
Stridore,,46,163,1881 Capacelli - Il vero libro dei sogni
Striglia,,44,163,1881 Capacelli - Il vero libro dei sogni
Strigliar Cavalli,,15,163,1881 Capacelli - Il vero libro dei sogni
Strillare,,1,163,1881 Capacelli - Il vero libro dei sogni
Strippare,,45,163,1881 Capacelli - Il vero libro dei sogni
Striscia Di Sangue,,45,163,1881 Capacelli - Il vero libro dei sogni
Striscia Di Sangue,di luce,80,163,1881 Capacelli - Il vero libro dei sogni
"Strione, Strioni , Vedi",,40,163,1881 Capacelli - Il vero libro dei sogni
"Comici Stramazzone, Cadere Stritolare",,26 30,163,1881 Capacelli - Il vero libro dei sogni
Strame,,18,163,1881 Capacelli - Il vero libro dei sogni
Stramortito,,63,163,1881 Capacelli - Il vero libro dei sogni
Stranezza,,78,163,1881 Capacelli - Il vero libro dei sogni
Strangolare,,21,163,1881 Capacelli - Il vero libro dei sogni
Straniera,,23,163,1881 Capacelli - Il vero libro dei sogni
Strabalzo,,50,163,1881 Capacelli - Il vero libro dei sogni
Strapiantare,,13,163,1881 Capacelli - Il vero libro dei sogni
Strappare,,31,163,1881 Capacelli - Il vero libro dei sogni
Stranuo,,83,163,1881 Capacelli - Il vero libro dei sogni
Strascico,,32,163,1881 Capacelli - Il vero libro dei sogni
Strascinare,,10,163,1881 Capacelli - Il vero libro dei sogni
Strascino,,10,163,1881 Capacelli - Il vero libro dei sogni
Strato,,35,163,1881 Capacelli - Il vero libro dei sogni
Stravasare,,17,163,1881 Capacelli - Il vero libro dei sogni
Stravaganza,,41,163,1881 Capacelli - Il vero libro dei sogni
Strofinacciolo,,66,163,1881 Capacelli - Il vero libro dei sogni
Strofinare,,23,163,1881 Capacelli - Il vero libro dei sogni
Strologare,,66,163,1881 Capacelli - Il vero libro dei sogni
Strologo,,56,163,1881 Capacelli - Il vero libro dei sogni
Stronzolo,,35,163,1881 Capacelli - Il vero libro dei sogni
Stropiccare,,36,163,1881 Capacelli - Il vero libro dei sogni
Strozzare,,52,163,1881 Capacelli - Il vero libro dei sogni
Struggere,,61,163,1881 Capacelli - Il vero libro dei sogni
Strumento Qual,,23,163,1881 Capacelli - Il vero libro dei sogni
Struzzo,uccello,3,163,1881 Capacelli - Il vero libro dei sogni
Struzzi,,65,163,1881 Capacelli - Il vero libro dei sogni
Struccatore,,6,163,1881 Capacelli - Il vero libro dei sogni
Stucco,,25,163,1881 Capacelli - Il vero libro dei sogni
Studente,,40,163,1881 Capacelli - Il vero libro dei sogni
Studenti,,23,163,1881 Capacelli - Il vero libro dei sogni
Studiare,,2,164,1881 Capacelli - Il vero libro dei sogni
Studio,,57,164,1881 Capacelli - Il vero libro dei sogni
Stuello,,10,164,1881 Capacelli - Il vero libro dei sogni
Stufa,,83,164,1881 Capacelli - Il vero libro dei sogni
Stufajola,,79,164,1881 Capacelli - Il vero libro dei sogni
Stufajolo,,47,164,1881 Capacelli - Il vero libro dei sogni
Stufato,,49,164,1881 Capacelli - Il vero libro dei sogni
Stuoja,,46,164,1881 Capacelli - Il vero libro dei sogni
Stupidità,,84,164,1881 Capacelli - Il vero libro dei sogni
Stupore,,20,164,1881 Capacelli - Il vero libro dei sogni
Stuprare,,22,164,1881 Capacelli - Il vero libro dei sogni
Stuzzicadenti,,28,164,1881 Capacelli - Il vero libro dei sogni
Stuzzicare,,49,164,1881 Capacelli - Il vero libro dei sogni
Subbia,,41,164,1881 Capacelli - Il vero libro dei sogni
Subbiare,,28,164,1881 Capacelli - Il vero libro dei sogni
Subbio,,43,164,1881 Capacelli - Il vero libro dei sogni
Subissare,,35,164,1881 Capacelli - Il vero libro dei sogni
Sublimato,,38,164,1881 Capacelli - Il vero libro dei sogni
Successione,,55,164,1881 Capacelli - Il vero libro dei sogni
Succhiellare,,29,164,1881 Capacelli - Il vero libro dei sogni
Succhiello,,73,164,1881 Capacelli - Il vero libro dei sogni
Succhiameli,,2,164,1881 Capacelli - Il vero libro dei sogni
Succhiare,,67,164,1881 Capacelli - Il vero libro dei sogni
Succiole,o ballotte,62,164,1881 Capacelli - Il vero libro dei sogni
Sudaro,,30,164,1881 Capacelli - Il vero libro dei sogni
Suddiacono,,50,164,1881 Capacelli - Il vero libro dei sogni
Suddito,,31,164,1881 Capacelli - Il vero libro dei sogni
Sudiciume,,59,164,1881 Capacelli - Il vero libro dei sogni
Sudore,,63,164,1881 Capacelli - Il vero libro dei sogni
Suffragio E Suffragi,,1,164,1881 Capacelli - Il vero libro dei sogni
Suffumigio,,7,164,1881 Capacelli - Il vero libro dei sogni
Suggetto,,1,164,1881 Capacelli - Il vero libro dei sogni
Suggestione,,88,164,1881 Capacelli - Il vero libro dei sogni
Suggettino,,29 90,164,1881 Capacelli - Il vero libro dei sogni
Suggezione,,4,164,1881 Capacelli - Il vero libro dei sogni
Sughera,,34,164,1881 Capacelli - Il vero libro dei sogni
Sughero,,23,164,1881 Capacelli - Il vero libro dei sogni
Sugna,,41,164,1881 Capacelli - Il vero libro dei sogni
Sugo Qualunque,,10,164,1881 Capacelli - Il vero libro dei sogni
Sultano E Sultana,,3 33,164,1881 Capacelli - Il vero libro dei sogni
Suocera,,34,164,1881 Capacelli - Il vero libro dei sogni
Suocera,e suocero,35 82,164,1881 Capacelli - Il vero libro dei sogni
Suola,,8,164,1881 Capacelli - Il vero libro dei sogni
Suonare,,12,164,1881 Capacelli - Il vero libro dei sogni
Suono,,30,164,1881 Capacelli - Il vero libro dei sogni
Suonatore,,55,164,1881 Capacelli - Il vero libro dei sogni
Superbia E Superbo,,13,164,1881 Capacelli - Il vero libro dei sogni
Superstizione,,60,164,1881 Capacelli - Il vero libro dei sogni
Supino,,69,164,1881 Capacelli - Il vero libro dei sogni
Supplica,,27,164,1881 Capacelli - Il vero libro dei sogni
Supplicare,,13,164,1881 Capacelli - Il vero libro dei sogni
Supplico,,27,164,1881 Capacelli - Il vero libro dei sogni
Suppurazione,,39,164,1881 Capacelli - Il vero libro dei sogni
Susina E Susine G,,1,164,1881 Capacelli - Il vero libro dei sogni
Susino Albero,,61,164,1881 Capacelli - Il vero libro dei sogni
Sussidio,,70,164,1881 Capacelli - Il vero libro dei sogni
Susta,,27,164,1881 Capacelli - Il vero libro dei sogni
Susurro E Susurratore,,40 62,164,1881 Capacelli - Il vero libro dei sogni
Svaliggiare,,34,164,1881 Capacelli - Il vero libro dei sogni
Sveglia,,63,164,1881 Capacelli - Il vero libro dei sogni
Svegliatore,,57,164,1881 Capacelli - Il vero libro dei sogni
Svenare,,57,164,1881 Capacelli - Il vero libro dei sogni
Svenato,,59,164,1881 Capacelli - Il vero libro dei sogni
Svenimento,,36,164,1881 Capacelli - Il vero libro dei sogni
Sventolarsi,,54,164,1881 Capacelli - Il vero libro dei sogni
Svenuto,,57,164,1881 Capacelli - Il vero libro dei sogni
Svergognare,,37,164,1881 Capacelli - Il vero libro dei sogni
Sverza,,59,164,1881 Capacelli - Il vero libro dei sogni
Svinatura,,34,164,1881 Capacelli - Il vero libro dei sogni
Svinare,,61,164,1881 Capacelli - Il vero libro dei sogni
Svitare,,49,164,1881 Capacelli - Il vero libro dei sogni
Tabacco,,7,165,1881 Capacelli - Il vero libro dei sogni
Tabaccaro,,45,165,1881 Capacelli - Il vero libro dei sogni
Tabacchiera,,81,165,1881 Capacelli - Il vero libro dei sogni
Tabarro,,50,165,1881 Capacelli - Il vero libro dei sogni
Tabella,e tabelle,45,165,1881 Capacelli - Il vero libro dei sogni
Tabernacolo,,3,165,1881 Capacelli - Il vero libro dei sogni
Tacca E Tacche,,3,165,1881 Capacelli - Il vero libro dei sogni
Tacchine,,28,165,1881 Capacelli - Il vero libro dei sogni
Taccolare,,68,165,1881 Capacelli - Il vero libro dei sogni
Taccone,,42,165,1881 Capacelli - Il vero libro dei sogni
Taciturno,,32,165,1881 Capacelli - Il vero libro dei sogni
Tafano,,12,165,1881 Capacelli - Il vero libro dei sogni
Taffettà Cerotto,,50,165,1881 Capacelli - Il vero libro dei sogni
Taglia,,36,165,1881 Capacelli - Il vero libro dei sogni
Tagliare Qualunque,,27,165,1881 Capacelli - Il vero libro dei sogni
Tagliate! Li,,40,165,1881 Capacelli - Il vero libro dei sogni
Taglio,,84,165,1881 Capacelli - Il vero libro dei sogni
Tagliola,,28,165,1881 Capacelli - Il vero libro dei sogni
Talamo,,39,165,1881 Capacelli - Il vero libro dei sogni
Talco,,15,165,1881 Capacelli - Il vero libro dei sogni
"Tallero, Moneta",,47,165,1881 Capacelli - Il vero libro dei sogni
Talpa,,17,165,1881 Capacelli - Il vero libro dei sogni
Tambelloni,,20,165,1881 Capacelli - Il vero libro dei sogni
Tamburro Suonare,,61,165,1881 Capacelli - Il vero libro dei sogni
Tamburro Suonare,e tamburrino,15 40,165,1881 Capacelli - Il vero libro dei sogni
Tana,,19,165,1881 Capacelli - Il vero libro dei sogni
Tanaglie,,16,165,1881 Capacelli - Il vero libro dei sogni
"Tanfo, Odore",,29,165,1881 Capacelli - Il vero libro dei sogni
Tappeto,,11,165,1881 Capacelli - Il vero libro dei sogni
Tappezzeria,,31,165,1881 Capacelli - Il vero libro dei sogni
Tappezziere,,30,165,1881 Capacelli - Il vero libro dei sogni
Tappo,,70,165,1881 Capacelli - Il vero libro dei sogni
Tara,,40,165,1881 Capacelli - Il vero libro dei sogni
"Tarantola, Tarant",,24,165,1881 Capacelli - Il vero libro dei sogni
Tarant Ballo Nap,,80,165,1881 Capacelli - Il vero libro dei sogni
Targone Erba,,31,165,1881 Capacelli - Il vero libro dei sogni
Tariffa,,1,165,1881 Capacelli - Il vero libro dei sogni
Tarlo,,32,165,1881 Capacelli - Il vero libro dei sogni
Tarme,,36,165,1881 Capacelli - Il vero libro dei sogni
Tarocchi,,29,165,1881 Capacelli - Il vero libro dei sogni
Tarpare,,4,165,1881 Capacelli - Il vero libro dei sogni
Tartagliare,,12,165,1881 Capacelli - Il vero libro dei sogni
Tartana,,39,165,1881 Capacelli - Il vero libro dei sogni
Tartaro,,48,165,1881 Capacelli - Il vero libro dei sogni
Tartaruga,,2,165,1881 Capacelli - Il vero libro dei sogni
Tartufi! Neri,,68,165,1881 Capacelli - Il vero libro dei sogni
Tartufi! Neri,bianchi,76,165,1881 Capacelli - Il vero libro dei sogni
Tasca,,9,165,1881 Capacelli - Il vero libro dei sogni
Tassa,,47,165,1881 Capacelli - Il vero libro dei sogni
Tassello,,18,165,1881 Capacelli - Il vero libro dei sogni
Tasso,,14,165,1881 Capacelli - Il vero libro dei sogni
Tasto,,33,165,1881 Capacelli - Il vero libro dei sogni
Taverna,,10,165,1881 Capacelli - Il vero libro dei sogni
Taverniere,,18,165,1881 Capacelli - Il vero libro dei sogni
Tavola,,39,165,1881 Capacelli - Il vero libro dei sogni
Tavola,apparecchiata,77,165,1881 Capacelli - Il vero libro dei sogni
Tavolaccine,,46,165,1881 Capacelli - Il vero libro dei sogni
Tavolaccio,,4,165,1881 Capacelli - Il vero libro dei sogni
Tavolata,,22,165,1881 Capacelli - Il vero libro dei sogni
Tavolato D'assi,,35,165,1881 Capacelli - Il vero libro dei sogni
Tavola Da Giuoco,,47,165,1881 Capacelli - Il vero libro dei sogni
Tavolozza,da pittore,27,165,1881 Capacelli - Il vero libro dei sogni
Tazza Di Cristallo,,12,165,1881 Capacelli - Il vero libro dei sogni
Tazza Di Cristallo,d'argento,17,165,1881 Capacelli - Il vero libro dei sogni
Tazza Di Cristallo,qualunque,19,165,1881 Capacelli - Il vero libro dei sogni
Tè,,28,165,1881 Capacelli - Il vero libro dei sogni
Teatro,,48,165,1881 Capacelli - Il vero libro dei sogni
Teatro,dei burattini,77,165,1881 Capacelli - Il vero libro dei sogni
Tedio,,33,165,1881 Capacelli - Il vero libro dei sogni
Tegamata,,25,165,1881 Capacelli - Il vero libro dei sogni
Tegame,,21,166,1881 Capacelli - Il vero libro dei sogni
Tegamino,,37,166,1881 Capacelli - Il vero libro dei sogni
Teglia,,86,166,1881 Capacelli - Il vero libro dei sogni
Tegolino,,38,166,1881 Capacelli - Il vero libro dei sogni
Tegola,,62,166,1881 Capacelli - Il vero libro dei sogni
Tela Qualunque,,43,166,1881 Capacelli - Il vero libro dei sogni
Tela Qualunque,di ragno,39,166,1881 Capacelli - Il vero libro dei sogni
Telajo,,29,166,1881 Capacelli - Il vero libro dei sogni
Teleria,,2,166,1881 Capacelli - Il vero libro dei sogni
Telescopio,,32,166,1881 Capacelli - Il vero libro dei sogni
Telo,,8,166,1881 Capacelli - Il vero libro dei sogni
Tellina E Telline,,60,166,1881 Capacelli - Il vero libro dei sogni
Temerario,,41,166,1881 Capacelli - Il vero libro dei sogni
Temperar Metallo,,30,166,1881 Capacelli - Il vero libro dei sogni
Temperar Metallo,penne,90,166,1881 Capacelli - Il vero libro dei sogni
Temperino,,7,166,1881 Capacelli - Il vero libro dei sogni
Tempesta,,36,166,1881 Capacelli - Il vero libro dei sogni
Tempia,,77,166,1881 Capacelli - Il vero libro dei sogni
Tempio,,46,166,1881 Capacelli - Il vero libro dei sogni
Tempo Bello,,75,166,1881 Capacelli - Il vero libro dei sogni
Tempo Bello,cattivo,83,166,1881 Capacelli - Il vero libro dei sogni
Tempo Bello,burrascoso,36,166,1881 Capacelli - Il vero libro dei sogni
Tenda,,43,166,1881 Capacelli - Il vero libro dei sogni
Tender Cosa Qual,,23,166,1881 Capacelli - Il vero libro dei sogni
Tender Cosa Qual,bucato,34,166,1881 Capacelli - Il vero libro dei sogni
Tendine,,42,166,1881 Capacelli - Il vero libro dei sogni
Tenebre,,50,166,1881 Capacelli - Il vero libro dei sogni
Tenente,,9,166,1881 Capacelli - Il vero libro dei sogni
Tenere Qualunque,,80,166,1881 Capacelli - Il vero libro dei sogni
Tenerezza,,24,166,1881 Capacelli - Il vero libro dei sogni
Tenerume,,16,166,1881 Capacelli - Il vero libro dei sogni
Tentazione Tentare,,5,166,1881 Capacelli - Il vero libro dei sogni
Tentennare,,82,166,1881 Capacelli - Il vero libro dei sogni
Tenuta O Possessione,,7,166,1881 Capacelli - Il vero libro dei sogni
Tenzone,,10,166,1881 Capacelli - Il vero libro dei sogni
Teologo,,28,166,1881 Capacelli - Il vero libro dei sogni
Termini,o confini,41,166,1881 Capacelli - Il vero libro dei sogni
Termometro,,30,166,1881 Capacelli - Il vero libro dei sogni
Terno Al Lotto,,79,166,1881 Capacelli - Il vero libro dei sogni
Terra Qualunque,,71,166,1881 Capacelli - Il vero libro dei sogni
Terra Qualunque,cotta,30,166,1881 Capacelli - Il vero libro dei sogni
Terrapieno,,15,166,1881 Capacelli - Il vero libro dei sogni
Terazzano,,1,166,1881 Capacelli - Il vero libro dei sogni
Terazzino,,48,166,1881 Capacelli - Il vero libro dei sogni
Terremoto,,22,166,1881 Capacelli - Il vero libro dei sogni
Terreno,,43,166,1881 Capacelli - Il vero libro dei sogni
Terriccio,,57,166,1881 Capacelli - Il vero libro dei sogni
Territorio,,27,166,1881 Capacelli - Il vero libro dei sogni
Terrazzo,,11,166,1881 Capacelli - Il vero libro dei sogni
Terrore,,28,166,1881 Capacelli - Il vero libro dei sogni
Terzana,,6,166,1881 Capacelli - Il vero libro dei sogni
Terzarola,,62,166,1881 Capacelli - Il vero libro dei sogni
Terzeria,,14,166,1881 Capacelli - Il vero libro dei sogni
Terzetto,,74,166,1881 Capacelli - Il vero libro dei sogni
"Terzina, Giuocare",,9,166,1881 Capacelli - Il vero libro dei sogni
Teschio,,49,166,1881 Capacelli - Il vero libro dei sogni
Tesoriere,,57,166,1881 Capacelli - Il vero libro dei sogni
Tesoro,,88,166,1881 Capacelli - Il vero libro dei sogni
Tessere,,26,166,1881 Capacelli - Il vero libro dei sogni
Tessitrice,,23,166,1881 Capacelli - Il vero libro dei sogni
Tessitrice,di seta,11,166,1881 Capacelli - Il vero libro dei sogni
Tessitrice,di lana,18,166,1881 Capacelli - Il vero libro dei sogni
Tessitrice,di tela,24,166,1881 Capacelli - Il vero libro dei sogni
Testa,,36,166,1881 Capacelli - Il vero libro dei sogni
Testa,con fiori,50,166,1881 Capacelli - Il vero libro dei sogni
Testacciola,,61,166,1881 Capacelli - Il vero libro dei sogni
Testaceo,,52,166,1881 Capacelli - Il vero libro dei sogni
Testamento,,57,166,1881 Capacelli - Il vero libro dei sogni
Testatore,,13,166,1881 Capacelli - Il vero libro dei sogni
Testatrice,,55,166,1881 Capacelli - Il vero libro dei sogni
Testicoli,,88,166,1881 Capacelli - Il vero libro dei sogni
Testiere Da Parrucche,,9,166,1881 Capacelli - Il vero libro dei sogni
Testo,e testi,10,166,1881 Capacelli - Il vero libro dei sogni
Testone E Testoni *,,60,167,1881 Capacelli - Il vero libro dei sogni
Testuggine,,72,167,1881 Capacelli - Il vero libro dei sogni
Tetto,,45,167,1881 Capacelli - Il vero libro dei sogni
Tibbia Strumento,,89,167,1881 Capacelli - Il vero libro dei sogni
Tettoja,,72,167,1881 Capacelli - Il vero libro dei sogni
Tiepilo,,11,167,1881 Capacelli - Il vero libro dei sogni
Tiglio,,1,167,1881 Capacelli - Il vero libro dei sogni
Tigna,,89,167,1881 Capacelli - Il vero libro dei sogni
Tignere,,2,167,1881 Capacelli - Il vero libro dei sogni
Tignoso,,78,167,1881 Capacelli - Il vero libro dei sogni
Tignola,,17,167,1881 Capacelli - Il vero libro dei sogni
Tigre,,61,167,1881 Capacelli - Il vero libro dei sogni
Timidezza,,15,167,1881 Capacelli - Il vero libro dei sogni
"Timo, Erba",,19,167,1881 Capacelli - Il vero libro dei sogni
Timone,,85,167,1881 Capacelli - Il vero libro dei sogni
Timone,di nave,47,167,1881 Capacelli - Il vero libro dei sogni
Timpani,,20,167,1881 Capacelli - Il vero libro dei sogni
Timpanista,,78,167,1881 Capacelli - Il vero libro dei sogni
Tinaja,,23,167,1881 Capacelli - Il vero libro dei sogni
Tinca E Tinche,,7,167,1881 Capacelli - Il vero libro dei sogni
Tinconi,,80,167,1881 Capacelli - Il vero libro dei sogni
Tinello,,31,167,1881 Capacelli - Il vero libro dei sogni
Tingere,,86,167,1881 Capacelli - Il vero libro dei sogni
Tino,,20,167,1881 Capacelli - Il vero libro dei sogni
Tino,con vino,22,167,1881 Capacelli - Il vero libro dei sogni
Tinozza,,76,167,1881 Capacelli - Il vero libro dei sogni
Tinta,,38,167,1881 Capacelli - Il vero libro dei sogni
Tintore,,1,167,1881 Capacelli - Il vero libro dei sogni
Tintoria,,22,167,1881 Capacelli - Il vero libro dei sogni
Tintura Qualunque,,17,167,1881 Capacelli - Il vero libro dei sogni
Tiorba Strumento,,50,167,1881 Capacelli - Il vero libro dei sogni
Tiraloro,,24,167,1881 Capacelli - Il vero libro dei sogni
Tirannia,,58,167,1881 Capacelli - Il vero libro dei sogni
Tiranno,,60,167,1881 Capacelli - Il vero libro dei sogni
Tirarsi,,5,167,1881 Capacelli - Il vero libro dei sogni
Tiratojo,,65,167,1881 Capacelli - Il vero libro dei sogni
Tirella,,6,167,1881 Capacelli - Il vero libro dei sogni
Tiro Con Cavalli,,45,167,1881 Capacelli - Il vero libro dei sogni
Tisico,,16,167,1881 Capacelli - Il vero libro dei sogni
Tizzo,e tizzone,56,167,1881 Capacelli - Il vero libro dei sogni
Toccalapis,,69,167,1881 Capacelli - Il vero libro dei sogni
Toccare Qualunque,,60,167,1881 Capacelli - Il vero libro dei sogni
Tocco,,53,167,1881 Capacelli - Il vero libro dei sogni
Toletta,,20,167,1881 Capacelli - Il vero libro dei sogni
Toga,,7,167,1881 Capacelli - Il vero libro dei sogni
Togato,,30,167,1881 Capacelli - Il vero libro dei sogni
Tollero,,74,167,1881 Capacelli - Il vero libro dei sogni
Tomajo,,81,167,1881 Capacelli - Il vero libro dei sogni
Tomba,,6,167,1881 Capacelli - Il vero libro dei sogni
Tombolo,,25,167,1881 Capacelli - Il vero libro dei sogni
Tonaca,,19,167,1881 Capacelli - Il vero libro dei sogni
Tonare,,76,167,1881 Capacelli - Il vero libro dei sogni
Tonchio,,4,167,1881 Capacelli - Il vero libro dei sogni
Tondare,,46,167,1881 Capacelli - Il vero libro dei sogni
Tondino O Piatto,,46,167,1881 Capacelli - Il vero libro dei sogni
Tonfano,,3,167,1881 Capacelli - Il vero libro dei sogni
Tonfo,,8,167,1881 Capacelli - Il vero libro dei sogni
Tonicella,,84,167,1881 Capacelli - Il vero libro dei sogni
Tonina,,17,167,1881 Capacelli - Il vero libro dei sogni
Tonnata,,19,167,1881 Capacelli - Il vero libro dei sogni
Tonno Pesce,,80,167,1881 Capacelli - Il vero libro dei sogni
Tono,,75,167,1881 Capacelli - Il vero libro dei sogni
Tonsura,,77,167,1881 Capacelli - Il vero libro dei sogni
Topazio,,8,167,1881 Capacelli - Il vero libro dei sogni
Topi,,58,167,1881 Capacelli - Il vero libro dei sogni
Topinaja,,21,167,1881 Capacelli - Il vero libro dei sogni
Topo,,66,167,1881 Capacelli - Il vero libro dei sogni
Toppa E Toppe,,14,167,1881 Capacelli - Il vero libro dei sogni
Toppe,,90,167,1881 Capacelli - Il vero libro dei sogni
Toppo,,79,167,1881 Capacelli - Il vero libro dei sogni
Torcere Filo,,19,167,1881 Capacelli - Il vero libro dei sogni
Torce,,13,167,1881 Capacelli - Il vero libro dei sogni
Torchia,,35,167,1881 Capacelli - Il vero libro dei sogni
Torchietto,,87,168,1881 Capacelli - Il vero libro dei sogni
Torchio,,11,168,1881 Capacelli - Il vero libro dei sogni
Torcitoio,,88,168,1881 Capacelli - Il vero libro dei sogni
Torcitore,,10,168,1881 Capacelli - Il vero libro dei sogni
Torcitura,,51,168,1881 Capacelli - Il vero libro dei sogni
Torcoletto,,79,168,1881 Capacelli - Il vero libro dei sogni
Torcoliere,,53,168,1881 Capacelli - Il vero libro dei sogni
Tordella,,54,168,1881 Capacelli - Il vero libro dei sogni
Tordo E Tordi,,81,168,1881 Capacelli - Il vero libro dei sogni
Tormento,,19,168,1881 Capacelli - Il vero libro dei sogni
Tornaletto,,62,168,1881 Capacelli - Il vero libro dei sogni
Tornajo,,9,168,1881 Capacelli - Il vero libro dei sogni
Tornio,,15,168,1881 Capacelli - Il vero libro dei sogni
Tornire,,5,168,1881 Capacelli - Il vero libro dei sogni
Toro E Tori,,47,168,1881 Capacelli - Il vero libro dei sogni
Toro E Tori,infuriato,56,168,1881 Capacelli - Il vero libro dei sogni
Torpore,,54,168,1881 Capacelli - Il vero libro dei sogni
Torre,,13,168,1881 Capacelli - Il vero libro dei sogni
Torre,con campane,49,168,1881 Capacelli - Il vero libro dei sogni
Torrente,,24,168,1881 Capacelli - Il vero libro dei sogni
Torri,,21,168,1881 Capacelli - Il vero libro dei sogni
Torrione,,65,168,1881 Capacelli - Il vero libro dei sogni
Torrioni Con Cann,,80,168,1881 Capacelli - Il vero libro dei sogni
Torsolo O Torsoli,,71,168,1881 Capacelli - Il vero libro dei sogni
Torta Qualunque,,5,168,1881 Capacelli - Il vero libro dei sogni
Tortellaja,,1,168,1881 Capacelli - Il vero libro dei sogni
Tortellaje,,45,168,1881 Capacelli - Il vero libro dei sogni
Tortelli,,3,168,1881 Capacelli - Il vero libro dei sogni
Tortora,e tortore,63,168,1881 Capacelli - Il vero libro dei sogni
Tosare,,65,168,1881 Capacelli - Il vero libro dei sogni
Tosone,,82,168,1881 Capacelli - Il vero libro dei sogni
Tosse,,88,168,1881 Capacelli - Il vero libro dei sogni
Tossico,,83,168,1881 Capacelli - Il vero libro dei sogni
Tossire,,7,168,1881 Capacelli - Il vero libro dei sogni
Totani Pesce,,13,168,1881 Capacelli - Il vero libro dei sogni
Tovaglia,,85,168,1881 Capacelli - Il vero libro dei sogni
Tovagliolino,,11,168,1881 Capacelli - Il vero libro dei sogni
Trabacca,,74,168,1881 Capacelli - Il vero libro dei sogni
Trabacca,legno marit timo,30,168,1881 Capacelli - Il vero libro dei sogni
Trabiccolo,,30,168,1881 Capacelli - Il vero libro dei sogni
Trabocchetto,,16,168,1881 Capacelli - Il vero libro dei sogni
Tracolla,,16,168,1881 Capacelli - Il vero libro dei sogni
Tradimento,,27,168,1881 Capacelli - Il vero libro dei sogni
Traditore,,12,168,1881 Capacelli - Il vero libro dei sogni
Traffico,,90,168,1881 Capacelli - Il vero libro dei sogni
Trafiggere,,17,168,1881 Capacelli - Il vero libro dei sogni
Trafila,,2,168,1881 Capacelli - Il vero libro dei sogni
Trafitta,,44,168,1881 Capacelli - Il vero libro dei sogni
Traforare,,79,168,1881 Capacelli - Il vero libro dei sogni
Traforo,,29,168,1881 Capacelli - Il vero libro dei sogni
Trafusole,,32,168,1881 Capacelli - Il vero libro dei sogni
Tragedia,,16,168,1881 Capacelli - Il vero libro dei sogni
Tragetto O Traghetto,,21,168,1881 Capacelli - Il vero libro dei sogni
Traino,,65,168,1881 Capacelli - Il vero libro dei sogni
Tralcio,,51,168,1881 Capacelli - Il vero libro dei sogni
Trama,,36,168,1881 Capacelli - Il vero libro dei sogni
Tramaglio,,6,168,1881 Capacelli - Il vero libro dei sogni
Tramezzo,,45,168,1881 Capacelli - Il vero libro dei sogni
Tramoggia,,60,168,1881 Capacelli - Il vero libro dei sogni
Tramontana,,24,168,1881 Capacelli - Il vero libro dei sogni
Tramontano,,6,168,1881 Capacelli - Il vero libro dei sogni
Tramortito,,33,168,1881 Capacelli - Il vero libro dei sogni
Trampoli,,65,168,1881 Capacelli - Il vero libro dei sogni
Trapanare,,59,168,1881 Capacelli - Il vero libro dei sogni
Trapano,,62,168,1881 Capacelli - Il vero libro dei sogni
Trappola,,11,168,1881 Capacelli - Il vero libro dei sogni
Trappola,con topo,14,168,1881 Capacelli - Il vero libro dei sogni
"Trastullo , Vedi Giuoco",,70,168,1881 Capacelli - Il vero libro dei sogni
Trattamento,,75,168,1881 Capacelli - Il vero libro dei sogni
Trattora,,49,168,1881 Capacelli - Il vero libro dei sogni
Trattore,,46,168,1881 Capacelli - Il vero libro dei sogni
Travaglio,,28,168,1881 Capacelli - Il vero libro dei sogni
Trave,e travi,64,168,1881 Capacelli - Il vero libro dei sogni
Travicello,,44,169,1881 Capacelli - Il vero libro dei sogni
Treccia,,3,169,1881 Capacelli - Il vero libro dei sogni
Treccia,bionda,60,169,1881 Capacelli - Il vero libro dei sogni
Treccia,nera,16,169,1881 Capacelli - Il vero libro dei sogni
Treggia,,67,169,1881 Capacelli - Il vero libro dei sogni
Tremare,,1,169,1881 Capacelli - Il vero libro dei sogni
Tremito,,13,169,1881 Capacelli - Il vero libro dei sogni
Tremoto O Terrem,,22,169,1881 Capacelli - Il vero libro dei sogni
Trepiede,e trepiedi,21,169,1881 Capacelli - Il vero libro dei sogni
Tresca,,2,169,1881 Capacelli - Il vero libro dei sogni
Trescone,,3,169,1881 Capacelli - Il vero libro dei sogni
Trespolo,,10,169,1881 Capacelli - Il vero libro dei sogni
Triaca,,36,169,1881 Capacelli - Il vero libro dei sogni
Triangolo,,71,169,1881 Capacelli - Il vero libro dei sogni
Tribbiare,,22,169,1881 Capacelli - Il vero libro dei sogni
Tribolazione,,78,169,1881 Capacelli - Il vero libro dei sogni
Tribolo Pianta,,19,169,1881 Capacelli - Il vero libro dei sogni
Tribuna,,57,169,1881 Capacelli - Il vero libro dei sogni
Tribunale,,35,169,1881 Capacelli - Il vero libro dei sogni
Tributo,,69,169,1881 Capacelli - Il vero libro dei sogni
Trifoglio,,43,169,1881 Capacelli - Il vero libro dei sogni
Triglia,pesce,38,169,1881 Capacelli - Il vero libro dei sogni
Trillo,,51,169,1881 Capacelli - Il vero libro dei sogni
Trina,,23,169,1881 Capacelli - Il vero libro dei sogni
Trinaio,,15,169,1881 Capacelli - Il vero libro dei sogni
Trincetto,,78,169,1881 Capacelli - Il vero libro dei sogni
Trincera,,70,169,1881 Capacelli - Il vero libro dei sogni
Trincera,aperta,85,169,1881 Capacelli - Il vero libro dei sogni
Trinciare,,4,169,1881 Capacelli - Il vero libro dei sogni
Trionfo,,5,169,1881 Capacelli - Il vero libro dei sogni
Tripolo,,7,169,1881 Capacelli - Il vero libro dei sogni
Trippa,,54,169,1881 Capacelli - Il vero libro dei sogni
Trippaio,,51,169,1881 Capacelli - Il vero libro dei sogni
Tripudio,,6,169,1881 Capacelli - Il vero libro dei sogni
Triregno,,77,169,1881 Capacelli - Il vero libro dei sogni
Tritare,,84,169,1881 Capacelli - Il vero libro dei sogni
Tritello,,70,169,1881 Capacelli - Il vero libro dei sogni
Tritume,,83,169,1881 Capacelli - Il vero libro dei sogni
Trofeo,,79,169,1881 Capacelli - Il vero libro dei sogni
Trogolo,,4,169,1881 Capacelli - Il vero libro dei sogni
Troia,,81,169,1881 Capacelli - Il vero libro dei sogni
Tromba,,61,169,1881 Capacelli - Il vero libro dei sogni
Trombetta,,34,169,1881 Capacelli - Il vero libro dei sogni
Trombettiere,,8,169,1881 Capacelli - Il vero libro dei sogni
Trombone Fiore,,64,169,1881 Capacelli - Il vero libro dei sogni
Troncare,,27,169,1881 Capacelli - Il vero libro dei sogni
Tronco O Troncone,,52,169,1881 Capacelli - Il vero libro dei sogni
Trono,,54,169,1881 Capacelli - Il vero libro dei sogni
Trota,pesce,56,169,1881 Capacelli - Il vero libro dei sogni
Trottare,,71,169,1881 Capacelli - Il vero libro dei sogni
Trottola,,70,169,1881 Capacelli - Il vero libro dei sogni
"Trucco, Giuoco",,18,169,1881 Capacelli - Il vero libro dei sogni
"Trucco, Giuoco",con giuocatori,60,169,1881 Capacelli - Il vero libro dei sogni
Trucioli O Trucciolo,,81,169,1881 Capacelli - Il vero libro dei sogni
Truffa,,65,169,1881 Capacelli - Il vero libro dei sogni
Truppe,,63,169,1881 Capacelli - Il vero libro dei sogni
Truppa Molta,,80,169,1881 Capacelli - Il vero libro dei sogni
Tubercolo,,72,169,1881 Capacelli - Il vero libro dei sogni
Tubo,,64,169,1881 Capacelli - Il vero libro dei sogni
Tuffo,,66,169,1881 Capacelli - Il vero libro dei sogni
Tugurio,,81,169,1881 Capacelli - Il vero libro dei sogni
Tulipani E Tolipano Fio,ri,6,169,1881 Capacelli - Il vero libro dei sogni
Tumore,,7,169,1881 Capacelli - Il vero libro dei sogni
Tumulto,,67,169,1881 Capacelli - Il vero libro dei sogni
Tuono,,43,169,1881 Capacelli - Il vero libro dei sogni
Tuorli D'uova,,67,169,1881 Capacelli - Il vero libro dei sogni
Turacciolo,,21,169,1881 Capacelli - Il vero libro dei sogni
Turba,,66,169,1881 Capacelli - Il vero libro dei sogni
Turbante,,71,169,1881 Capacelli - Il vero libro dei sogni
Turbine,,83,169,1881 Capacelli - Il vero libro dei sogni
Turchina,,10,169,1881 Capacelli - Il vero libro dei sogni
Turco,e turchi,25 83,169,1881 Capacelli - Il vero libro dei sogni
Turibolo,,49,170,1881 Capacelli - Il vero libro dei sogni
Tutela,,86,170,1881 Capacelli - Il vero libro dei sogni
Tutore E Tutrice,,52,170,1881 Capacelli - Il vero libro dei sogni
"Tuzia, Rimedio",,26,170,1881 Capacelli - Il vero libro dei sogni
Ubbidienza,,63,170,1881 Capacelli - Il vero libro dei sogni
Ubbriaco O Briaco,,4,170,1881 Capacelli - Il vero libro dei sogni
Uccellare,,29,170,1881 Capacelli - Il vero libro dei sogni
Uccelliera,,25,170,1881 Capacelli - Il vero libro dei sogni
Uccelli E Uccello,,36,170,1881 Capacelli - Il vero libro dei sogni
Uccello Di Gabbia,,7,170,1881 Capacelli - Il vero libro dei sogni
Uccidere,,83,170,1881 Capacelli - Il vero libro dei sogni
Uccidersi,,30,170,1881 Capacelli - Il vero libro dei sogni
Ucciso,,76,170,1881 Capacelli - Il vero libro dei sogni
Udienza,,79,170,1881 Capacelli - Il vero libro dei sogni
Ufflziatura,,56,170,1881 Capacelli - Il vero libro dei sogni
Uffizio,,74,170,1881 Capacelli - Il vero libro dei sogni
Uffiziolo,,21,170,1881 Capacelli - Il vero libro dei sogni
Uggia,,31,170,1881 Capacelli - Il vero libro dei sogni
Ugna,,29,170,1881 Capacelli - Il vero libro dei sogni
Ugnatura,,36,170,1881 Capacelli - Il vero libro dei sogni
Ugola,,42,170,1881 Capacelli - Il vero libro dei sogni
Ulcera E Ulcere,,8,170,1881 Capacelli - Il vero libro dei sogni
Ulcerato,,90,170,1881 Capacelli - Il vero libro dei sogni
Uliva E Ulive,,68,170,1881 Capacelli - Il vero libro dei sogni
Ulive Dolci,,2,170,1881 Capacelli - Il vero libro dei sogni
Ulivette Dolci,,2,170,1881 Capacelli - Il vero libro dei sogni
"Ulivo, Albero",,81,170,1881 Capacelli - Il vero libro dei sogni
Umidità,,12,170,1881 Capacelli - Il vero libro dei sogni
Ungere,,30,170,1881 Capacelli - Il vero libro dei sogni
Unghie,,62,170,1881 Capacelli - Il vero libro dei sogni
Unguento Qualunque,,90,170,1881 Capacelli - Il vero libro dei sogni
Unicorno,,22,170,1881 Capacelli - Il vero libro dei sogni
Uniforme,,12,170,1881 Capacelli - Il vero libro dei sogni
Università,,32,170,1881 Capacelli - Il vero libro dei sogni
Vacanza,,62,170,1881 Capacelli - Il vero libro dei sogni
Vacca,,11,170,1881 Capacelli - Il vero libro dei sogni
Untume,,2,170,1881 Capacelli - Il vero libro dei sogni
Untuosità,,60,170,1881 Capacelli - Il vero libro dei sogni
Uomo,,6,170,1881 Capacelli - Il vero libro dei sogni
Uovo Ed Uova,,2,170,1881 Capacelli - Il vero libro dei sogni
Urlo,ed urla,23,170,1881 Capacelli - Il vero libro dei sogni
Urna,,75,170,1881 Capacelli - Il vero libro dei sogni
Urtone,,22,170,1881 Capacelli - Il vero libro dei sogni
Urtone,usenze,50,170,1881 Capacelli - Il vero libro dei sogni
Usciale,,80,170,1881 Capacelli - Il vero libro dei sogni
Usciere,,22,170,1881 Capacelli - Il vero libro dei sogni
Uscio,,4,170,1881 Capacelli - Il vero libro dei sogni
Usciolino,,3,170,1881 Capacelli - Il vero libro dei sogni
Usignuolo,,17,170,1881 Capacelli - Il vero libro dei sogni
Usspro,,4,170,1881 Capacelli - Il vero libro dei sogni
Usura,,62,170,1881 Capacelli - Il vero libro dei sogni
Usuraio,,90,170,1881 Capacelli - Il vero libro dei sogni
Utello,,22,170,1881 Capacelli - Il vero libro dei sogni
Utero,,4,170,1881 Capacelli - Il vero libro dei sogni
Utilità,,36,170,1881 Capacelli - Il vero libro dei sogni
Ut Re O Otre,,13,170,1881 Capacelli - Il vero libro dei sogni
Uva,,19,170,1881 Capacelli - Il vero libro dei sogni
Uva,bianca,32,170,1881 Capacelli - Il vero libro dei sogni
Uva,spina,72,170,1881 Capacelli - Il vero libro dei sogni
Uva,rossa,52,170,1881 Capacelli - Il vero libro dei sogni
Uva,nera,33,170,1881 Capacelli - Il vero libro dei sogni
Uva,di tre volte,42,170,1881 Capacelli - Il vero libro dei sogni
Uva,secca,23,170,1881 Capacelli - Il vero libro dei sogni
Uva,passa,61,170,1881 Capacelli - Il vero libro dei sogni
Spagna,,40,170,1881 Capacelli - Il vero libro dei sogni
Vaccaro,,11,170,1881 Capacelli - Il vero libro dei sogni
Vacche,,49,170,1881 Capacelli - Il vero libro dei sogni
Vacche,scappate,25,171,1881 Capacelli - Il vero libro dei sogni
Vacchetta,,73,171,1881 Capacelli - Il vero libro dei sogni
Vagabondo,,14,171,1881 Capacelli - Il vero libro dei sogni
Vagellare,,40,171,1881 Capacelli - Il vero libro dei sogni
Vagina,,89,171,1881 Capacelli - Il vero libro dei sogni
Vagliare,,54,171,1881 Capacelli - Il vero libro dei sogni
Vagliatura,,14,171,1881 Capacelli - Il vero libro dei sogni
Vaglio,,75,171,1881 Capacelli - Il vero libro dei sogni
Vaio,,69,171,1881 Capacelli - Il vero libro dei sogni
Vaiolato,,9,171,1881 Capacelli - Il vero libro dei sogni
Vaiolo,,70,171,1881 Capacelli - Il vero libro dei sogni
Vaiolo,innestato,83,171,1881 Capacelli - Il vero libro dei sogni
"Valeriana, Erba",,15,171,1881 Capacelli - Il vero libro dei sogni
Valicatore,,85,171,1881 Capacelli - Il vero libro dei sogni
Valico,,65,171,1881 Capacelli - Il vero libro dei sogni
Valigia,,2,171,1881 Capacelli - Il vero libro dei sogni
Valigiaio,,29,171,1881 Capacelli - Il vero libro dei sogni
Valle,,35,171,1881 Capacelli - Il vero libro dei sogni
Vallonea,,82,171,1881 Capacelli - Il vero libro dei sogni
Valoroso,,10,171,1881 Capacelli - Il vero libro dei sogni
Valutare,,52,171,1881 Capacelli - Il vero libro dei sogni
Vampa,,81,171,1881 Capacelli - Il vero libro dei sogni
Vanga,,11,171,1881 Capacelli - Il vero libro dei sogni
Vangare,,80,171,1881 Capacelli - Il vero libro dei sogni
Vangelo,,58,171,1881 Capacelli - Il vero libro dei sogni
Vanguardia,,75,171,1881 Capacelli - Il vero libro dei sogni
Vaniglia,,52,171,1881 Capacelli - Il vero libro dei sogni
Vanità,,12,171,1881 Capacelli - Il vero libro dei sogni
Vantaggio,,59,171,1881 Capacelli - Il vero libro dei sogni
Vapore,,9,171,1881 Capacelli - Il vero libro dei sogni
Vasaro,,11,171,1881 Capacelli - Il vero libro dei sogni
Vasca D'acqua,,10,171,1881 Capacelli - Il vero libro dei sogni
Vascello,,49,171,1881 Capacelli - Il vero libro dei sogni
Vascello,di mare,10,171,1881 Capacelli - Il vero libro dei sogni
Vassello.di Vino,,4,171,1881 Capacelli - Il vero libro dei sogni
Vasi Con Fiori,,10,171,1881 Capacelli - Il vero libro dei sogni
Vassallo,,84,171,1881 Capacelli - Il vero libro dei sogni
Vassoio,,78,171,1881 Capacelli - Il vero libro dei sogni
Vecchia,,65,171,1881 Capacelli - Il vero libro dei sogni
Vecchiaia,,26,171,1881 Capacelli - Il vero libro dei sogni
Vecchio,,6,171,1881 Capacelli - Il vero libro dei sogni
Vecchione,,11,171,1881 Capacelli - Il vero libro dei sogni
Vecce,,15,171,1881 Capacelli - Il vero libro dei sogni
Vedova,,18,171,1881 Capacelli - Il vero libro dei sogni
Vedovo,,36,171,1881 Capacelli - Il vero libro dei sogni
Veduta Qualunque,,35,171,1881 Capacelli - Il vero libro dei sogni
Veggia Qualunque,,87,171,1881 Capacelli - Il vero libro dei sogni
Veglia Di Ballo,,24,171,1881 Capacelli - Il vero libro dei sogni
Vegliare,,20,171,1881 Capacelli - Il vero libro dei sogni
Vela,,62,171,1881 Capacelli - Il vero libro dei sogni
Veleggiare,,41,171,1881 Capacelli - Il vero libro dei sogni
Veleno,,18,171,1881 Capacelli - Il vero libro dei sogni
Velenoso,,63,171,1881 Capacelli - Il vero libro dei sogni
•veletta,,38,171,1881 Capacelli - Il vero libro dei sogni
Velo,,16,171,1881 Capacelli - Il vero libro dei sogni
Vello,,87,171,1881 Capacelli - Il vero libro dei sogni
Vellutaro,,11,171,1881 Capacelli - Il vero libro dei sogni
Velluto,,69,171,1881 Capacelli - Il vero libro dei sogni
Vena O Biada,,17,171,1881 Capacelli - Il vero libro dei sogni
Vene,del sangue,22,171,1881 Capacelli - Il vero libro dei sogni
Vendemmia,,21,171,1881 Capacelli - Il vero libro dei sogni
Vendemmiare,,26,171,1881 Capacelli - Il vero libro dei sogni
Vendemmiatori,,12,171,1881 Capacelli - Il vero libro dei sogni
Vendita Di Qualunque Ge,nere,86,171,1881 Capacelli - Il vero libro dei sogni
Vendetta,,40,171,1881 Capacelli - Il vero libro dei sogni
Venerazione,,17,171,1881 Capacelli - Il vero libro dei sogni
Ventaglio,,37,171,1881 Capacelli - Il vero libro dei sogni
Ventagliaro,,22,171,1881 Capacelli - Il vero libro dei sogni
Ventarola,,84,171,1881 Capacelli - Il vero libro dei sogni
Vento,,80,171,1881 Capacelli - Il vero libro dei sogni
Ventola E Ventole,,88,171,1881 Capacelli - Il vero libro dei sogni
Ventosità,,50,171,1881 Capacelli - Il vero libro dei sogni
Ventre,,19,172,1881 Capacelli - Il vero libro dei sogni
Ventriera,,14,172,1881 Capacelli - Il vero libro dei sogni
"Verdea, Vino",,19,172,1881 Capacelli - Il vero libro dei sogni
Verduco,,86,172,1881 Capacelli - Il vero libro dei sogni
Verdura O Verzura,,10,172,1881 Capacelli - Il vero libro dei sogni
Verga,,61,172,1881 Capacelli - Il vero libro dei sogni
Vergantino,,53,172,1881 Capacelli - Il vero libro dei sogni
Vergine,,20,172,1881 Capacelli - Il vero libro dei sogni
Vergogna,,28,172,1881 Capacelli - Il vero libro dei sogni
Vergola,,23,172,1881 Capacelli - Il vero libro dei sogni
Verità,,77,172,1881 Capacelli - Il vero libro dei sogni
Verme,,2,172,1881 Capacelli - Il vero libro dei sogni
Vermi,,66,172,1881 Capacelli - Il vero libro dei sogni
Vermicellaio,,29,172,1881 Capacelli - Il vero libro dei sogni
Vermicelli,,27,172,1881 Capacelli - Il vero libro dei sogni
Vermiglione,,22,172,1881 Capacelli - Il vero libro dei sogni
Verminoso,,9,172,1881 Capacelli - Il vero libro dei sogni
Vernice,,28,172,1881 Capacelli - Il vero libro dei sogni
Verniciare,,23,172,1881 Capacelli - Il vero libro dei sogni
Verniciatore,,27,172,1881 Capacelli - Il vero libro dei sogni
Verone,,88,172,1881 Capacelli - Il vero libro dei sogni
Verricello,,34,172,1881 Capacelli - Il vero libro dei sogni
Verro,,49,172,1881 Capacelli - Il vero libro dei sogni
Versare,,28,172,1881 Capacelli - Il vero libro dei sogni
Versar Vino,,28,172,1881 Capacelli - Il vero libro dei sogni
Versar Vino,acqua,16,172,1881 Capacelli - Il vero libro dei sogni
Vertigine,,36,172,1881 Capacelli - Il vero libro dei sogni
Vertiginoso,,33,172,1881 Capacelli - Il vero libro dei sogni
Verzicole,,54,172,1881 Capacelli - Il vero libro dei sogni
Verzino,,17,172,1881 Capacelli - Il vero libro dei sogni
"Verzotto, Cavallo",,49,172,1881 Capacelli - Il vero libro dei sogni
Verzura,,9,172,1881 Capacelli - Il vero libro dei sogni
Vescia O Vescie,,43,172,1881 Capacelli - Il vero libro dei sogni
Vescica,,16,172,1881 Capacelli - Il vero libro dei sogni
Vescicante,,23,172,1881 Capacelli - Il vero libro dei sogni
Vescovato,,32,172,1881 Capacelli - Il vero libro dei sogni
Vescovo,,61,172,1881 Capacelli - Il vero libro dei sogni
Vespa O Vespe,,79,172,1881 Capacelli - Il vero libro dei sogni
"Vespaio, Malattia",,3,172,1881 Capacelli - Il vero libro dei sogni
Vespro,,30,172,1881 Capacelli - Il vero libro dei sogni
Vesta,,1,172,1881 Capacelli - Il vero libro dei sogni
Vestirei,,69,172,1881 Capacelli - Il vero libro dei sogni
Vestirei,in maschera,37,172,1881 Capacelli - Il vero libro dei sogni
Vestirei,in gala,60,172,1881 Capacelli - Il vero libro dei sogni
Vestirei,usualmente,27,172,1881 Capacelli - Il vero libro dei sogni
Vetriata,,4,172,1881 Capacelli - Il vero libro dei sogni
Vetrice,,23,172,1881 Capacelli - Il vero libro dei sogni
Vetriolo,,13,172,1881 Capacelli - Il vero libro dei sogni
Vetro,e vetri,74,172,1881 Capacelli - Il vero libro dei sogni
Vettovaglia,,84,172,1881 Capacelli - Il vero libro dei sogni
Vettura,,20,172,1881 Capacelli - Il vero libro dei sogni
Vetturale,,86,172,1881 Capacelli - Il vero libro dei sogni
Vetturali,,12,172,1881 Capacelli - Il vero libro dei sogni
"Vezzo, Carezza",,11,172,1881 Capacelli - Il vero libro dei sogni
Vezzo Di Perle,,90,172,1881 Capacelli - Il vero libro dei sogni
Vezzo Di Perle,di granati,20,172,1881 Capacelli - Il vero libro dei sogni
Vezzo Di Perle,di coralli,20,172,1881 Capacelli - Il vero libro dei sogni
Vezzo Di Perle,qualunque,23,172,1881 Capacelli - Il vero libro dei sogni
Viaggiare,,23,172,1881 Capacelli - Il vero libro dei sogni
Viaggiatore,,39,172,1881 Capacelli - Il vero libro dei sogni
Viaggio,,17,172,1881 Capacelli - Il vero libro dei sogni
Viale,,74,172,1881 Capacelli - Il vero libro dei sogni
Vicariato,,86,172,1881 Capacelli - Il vero libro dei sogni
Vicario E Vicaria C,,8,172,1881 Capacelli - Il vero libro dei sogni
Vicinato,,49,172,1881 Capacelli - Il vero libro dei sogni
Vicolo,,47,172,1881 Capacelli - Il vero libro dei sogni
Vieto O Roba Vietata,,35,172,1881 Capacelli - Il vero libro dei sogni
Vigilia,,24,172,1881 Capacelli - Il vero libro dei sogni
Vigna,,81,172,1881 Capacelli - Il vero libro dei sogni
Vignarola,,82,172,1881 Capacelli - Il vero libro dei sogni
Vignarolo,,61,172,1881 Capacelli - Il vero libro dei sogni
Villa,,29,172,1881 Capacelli - Il vero libro dei sogni
Villaggio,,10,172,1881 Capacelli - Il vero libro dei sogni
Villano,,11,172,1881 Capacelli - Il vero libro dei sogni
Villeggianti,,2,173,1881 Capacelli - Il vero libro dei sogni
Villeggiatura,,62,173,1881 Capacelli - Il vero libro dei sogni
Vinaccia,,19,173,1881 Capacelli - Il vero libro dei sogni
Vinaccioli,,89,173,1881 Capacelli - Il vero libro dei sogni
Vinaio,,18,173,1881 Capacelli - Il vero libro dei sogni
Vincere Al Giuoco ?,,6,173,1881 Capacelli - Il vero libro dei sogni
Vincere Al Giuoco ?,la lite,31,173,1881 Capacelli - Il vero libro dei sogni
Vino Bianco,,52,173,1881 Capacelli - Il vero libro dei sogni
Vino Bianco,rosso,3 20,173,1881 Capacelli - Il vero libro dei sogni
Vino Bianco,qualunque,21,173,1881 Capacelli - Il vero libro dei sogni
"Viola, Strumento",,84,173,1881 Capacelli - Il vero libro dei sogni
Viole Mammole,,5,173,1881 Capacelli - Il vero libro dei sogni
"Violetto, Colore",,57,173,1881 Capacelli - Il vero libro dei sogni
Violino,,75,173,1881 Capacelli - Il vero libro dei sogni
Violini,,16,173,1881 Capacelli - Il vero libro dei sogni
Violoncello,,26,173,1881 Capacelli - Il vero libro dei sogni
Violone,,60,173,1881 Capacelli - Il vero libro dei sogni
Viottola,,88,173,1881 Capacelli - Il vero libro dei sogni
Viottolo,,18,173,1881 Capacelli - Il vero libro dei sogni
Viottolone,,90,173,1881 Capacelli - Il vero libro dei sogni
Vipera,,5,173,1881 Capacelli - Il vero libro dei sogni
Viperaio,,11,173,1881 Capacelli - Il vero libro dei sogni
Vipere,,15,173,1881 Capacelli - Il vero libro dei sogni
Virtù,,37,173,1881 Capacelli - Il vero libro dei sogni
Virtuoso Di Musica,,59,173,1881 Capacelli - Il vero libro dei sogni
Virtuoso Di Musica,di scienze,16,173,1881 Capacelli - Il vero libro dei sogni
Viscere,,48,173,1881 Capacelli - Il vero libro dei sogni
Visiera,,15,173,1881 Capacelli - Il vero libro dei sogni
Visiono,,39,173,1881 Capacelli - Il vero libro dei sogni
Visita,,57,173,1881 Capacelli - Il vero libro dei sogni
Viso,,60,173,1881 Capacelli - Il vero libro dei sogni
Vita,,79,173,1881 Capacelli - Il vero libro dei sogni
Vitalba,,1,173,1881 Capacelli - Il vero libro dei sogni
Vite,,15,173,1881 Capacelli - Il vero libro dei sogni
Vite,con uva,18,173,1881 Capacelli - Il vero libro dei sogni
Vitella E Vitello,,43,173,1881 Capacelli - Il vero libro dei sogni
Vitelle E Vitelli,,14,173,1881 Capacelli - Il vero libro dei sogni
Vitellino E Vitellini,,12,173,1881 Capacelli - Il vero libro dei sogni
Viticci E Vi Ìccio,,1,173,1881 Capacelli - Il vero libro dei sogni
Vitigno,,69,173,1881 Capacelli - Il vero libro dei sogni
Vittima,,2,173,1881 Capacelli - Il vero libro dei sogni
Vitto,,81,173,1881 Capacelli - Il vero libro dei sogni
Vittoria,,71,173,1881 Capacelli - Il vero libro dei sogni
Vittorioso,,22,173,1881 Capacelli - Il vero libro dei sogni
Vivagno,,82,173,1881 Capacelli - Il vero libro dei sogni
Vivaio,,34,173,1881 Capacelli - Il vero libro dei sogni
Vivaio,con pesci,21,173,1881 Capacelli - Il vero libro dei sogni
Vivanda,,22,173,1881 Capacelli - Il vero libro dei sogni
Vivandiera,,88,173,1881 Capacelli - Il vero libro dei sogni
Vivandiere,,8,173,1881 Capacelli - Il vero libro dei sogni
Vizio,,5,173,1881 Capacelli - Il vero libro dei sogni
Vocabolario,ò,9,173,1881 Capacelli - Il vero libro dei sogni
Voce,,68,173,1881 Capacelli - Il vero libro dei sogni
Vogare,,46,173,1881 Capacelli - Il vero libro dei sogni
Voglia,,2,173,1881 Capacelli - Il vero libro dei sogni
Volano Giuoco,,55,173,1881 Capacelli - Il vero libro dei sogni
Volare,,18,173,1881 Capacelli - Il vero libro dei sogni
Volare,in sogno,80,173,1881 Capacelli - Il vero libro dei sogni
Volatica,,38,173,1881 Capacelli - Il vero libro dei sogni
Volatile Qualunque,,21,173,1881 Capacelli - Il vero libro dei sogni
Volatore,,20,173,1881 Capacelli - Il vero libro dei sogni
Volgo,,60,173,1881 Capacelli - Il vero libro dei sogni
Volpato Grano,,13,173,1881 Capacelli - Il vero libro dei sogni
Volpi,,21,173,1881 Capacelli - Il vero libro dei sogni
Volume,,67,173,1881 Capacelli - Il vero libro dei sogni
Vomere,,74,173,1881 Capacelli - Il vero libro dei sogni
Vomica S,,2,173,1881 Capacelli - Il vero libro dei sogni
Vomitare,,7,173,1881 Capacelli - Il vero libro dei sogni
Vomito,,36,173,1881 Capacelli - Il vero libro dei sogni
Voragine,,24,173,1881 Capacelli - Il vero libro dei sogni
Votacesso,,9,173,1881 Capacelli - Il vero libro dei sogni
Votapozzi,,47,173,1881 Capacelli - Il vero libro dei sogni
Votare,,79,173,1881 Capacelli - Il vero libro dei sogni
Votivo,,61,173,1881 Capacelli - Il vero libro dei sogni
Voto,,29,173,1881 Capacelli - Il vero libro dei sogni
Zacchera,,75,174,1881 Capacelli - Il vero libro dei sogni
Zaffare,,14,174,1881 Capacelli - Il vero libro dei sogni
Zaffata,,77,174,1881 Capacelli - Il vero libro dei sogni
Zafferano,,2,174,1881 Capacelli - Il vero libro dei sogni
Zaffo,,11,174,1881 Capacelli - Il vero libro dei sogni
Zaffrone,,19,174,1881 Capacelli - Il vero libro dei sogni
Zambuco,,31,174,1881 Capacelli - Il vero libro dei sogni
Zampa E Zampe,,8,174,1881 Capacelli - Il vero libro dei sogni
Zampettare,,46,174,1881 Capacelli - Il vero libro dei sogni
Zampillo D'acqua,,26,174,1881 Capacelli - Il vero libro dei sogni
"Zampogna, Strum",,81,174,1881 Capacelli - Il vero libro dei sogni
Zana,,10,174,1881 Capacelli - Il vero libro dei sogni
Zana,con bambini,4,174,1881 Capacelli - Il vero libro dei sogni
Zanaiolo,,10,174,1881 Capacelli - Il vero libro dei sogni
Zanzare,,22,174,1881 Capacelli - Il vero libro dei sogni
Zanzariere,,33,174,1881 Capacelli - Il vero libro dei sogni
Zappa,,10,174,1881 Capacelli - Il vero libro dei sogni
Zappare,,14,174,1881 Capacelli - Il vero libro dei sogni
Zatta E Zatte,,39,174,1881 Capacelli - Il vero libro dei sogni
Zavorra,,70,174,1881 Capacelli - Il vero libro dei sogni
Zazzera,,22,174,1881 Capacelli - Il vero libro dei sogni
Zecca,,36,174,1881 Capacelli - Il vero libro dei sogni
Zecchiere,,13,174,1881 Capacelli - Il vero libro dei sogni
Zecchino,,15,174,1881 Capacelli - Il vero libro dei sogni
Zendale,,10,174,1881 Capacelli - Il vero libro dei sogni
Zerbino,,70,174,1881 Capacelli - Il vero libro dei sogni
"Zero, Pesce",,61,174,1881 Capacelli - Il vero libro dei sogni
Zia,,11,174,1881 Capacelli - Il vero libro dei sogni
Zibaldone,,23,174,1881 Capacelli - Il vero libro dei sogni
Zibellino,,10,174,1881 Capacelli - Il vero libro dei sogni
Zibetto,,14,174,1881 Capacelli - Il vero libro dei sogni
Zibibbo,,44,174,1881 Capacelli - Il vero libro dei sogni
Zigolo,uccello ?,2,174,1881 Capacelli - Il vero libro dei sogni
Zimarra,,32,174,1881 Capacelli - Il vero libro dei sogni
Zimbello,,80,174,1881 Capacelli - Il vero libro dei sogni
Zingara,,22,174,1881 Capacelli - Il vero libro dei sogni
Zingaro,,61,174,1881 Capacelli - Il vero libro dei sogni
Zinale,,17,174,1881 Capacelli - Il vero libro dei sogni
Zino,,51,174,1881 Capacelli - Il vero libro dei sogni
Zipolo,,24,174,1881 Capacelli - Il vero libro dei sogni
Zizzania,,9,174,1881 Capacelli - Il vero libro dei sogni
Zoccolo E Zoccoli,,6,174,1881 Capacelli - Il vero libro dei sogni
Zodiato,,12 90,174,1881 Capacelli - Il vero libro dei sogni
Zolfanelli,,69,174,1881 Capacelli - Il vero libro dei sogni
Zolfanellaio,,1,174,1881 Capacelli - Il vero libro dei sogni
Zolfino,,12,174,1881 Capacelli - Il vero libro dei sogni
Zolfo,,11,174,1881 Capacelli - Il vero libro dei sogni
Zolla E Zolle,,21,174,1881 Capacelli - Il vero libro dei sogni
Zombare,,18,174,1881 Capacelli - Il vero libro dei sogni
Zoppi E Zoppo,,11,174,1881 Capacelli - Il vero libro dei sogni
Zucca,,67,174,1881 Capacelli - Il vero libro dei sogni
Zuccaio,,16,174,1881 Capacelli - Il vero libro dei sogni
Zucchero,,69,174,1881 Capacelli - Il vero libro dei sogni
Zucchetta,,26,174,1881 Capacelli - Il vero libro dei sogni
Zucconare,,69,174,1881 Capacelli - Il vero libro dei sogni
Zuccone,,67,174,1881 Capacelli - Il vero libro dei sogni
Zuffa,,66,174,1881 Capacelli - Il vero libro dei sogni
Zufoli,,11,174,1881 Capacelli - Il vero libro dei sogni
Zuppa,,77,174,1881 Capacelli - Il vero libro dei sogni
Abitare In Campagna Denota Persecuzione Di,beni,8,175,1881 Capacelli - Il vero libro dei sogni
Accendere Lume Significa Allegrezza,,73,175,1881 Capacelli - Il vero libro dei sogni
Acqua Puzzolente Parimente Malattia,,60,175,1881 Capacelli - Il vero libro dei sogni
Adulterio Commettere,significa scandalo dato G,4,175,1881 Capacelli - Il vero libro dei sogni
Albero Vedere Significa Allegrezza,,41,175,1881 Capacelli - Il vero libro dei sogni
Ammazzare,api significa danno,60,175,1881 Capacelli - Il vero libro dei sogni
Ammazzare,uccelli significa danno,44,175,1881 Capacelli - Il vero libro dei sogni
Andar Zoppicando Significa Pigrizia,,70,175,1881 Capacelli - Il vero libro dei sogni
Api Che Entrano In Casa Significa Danno Dei Ne,mici,3,175,1881 Capacelli - Il vero libro dei sogni
Armati Vedere Significa Fatica,,41,175,1881 Capacelli - Il vero libro dei sogni
Aste,o picche avere denota guerra,87,176,1881 Capacelli - Il vero libro dei sogni
Aste,portare denota sicurezza,48,176,1881 Capacelli - Il vero libro dei sogni
Aste,spezzare denota fatica,38,176,1881 Capacelli - Il vero libro dei sogni
Aver In Capo Una Corona D'oro,indica lite,8 49,176,1881 Capacelli - Il vero libro dei sogni
Aver Un Bastone Nelle Mani,denota mestizia,8,176,1881 Capacelli - Il vero libro dei sogni
Aver Cintura D'argento Denota,bene,49,176,1881 Capacelli - Il vero libro dei sogni
Aver Castrati Indica Abbondanza,,10,176,1881 Capacelli - Il vero libro dei sogni
Aver Il Corpo Robusto,denota dominio,43,176,1881 Capacelli - Il vero libro dei sogni
Aver Sale Denota Sapienza,,18,176,1881 Capacelli - Il vero libro dei sogni
Aver Pidocchi Denota Miseria,,25,176,1881 Capacelli - Il vero libro dei sogni
Bagnare Vederti Significa,iracondia,26,176,1881 Capacelli - Il vero libro dei sogni
Barba Corta,avere significa ricchezza,6,176,1881 Capacelli - Il vero libro dei sogni
Barba Lavarti Significa Ansietà,,69,176,1881 Capacelli - Il vero libro dei sogni
Barbaro Essere Significa Molestia,,45,176,1881 Capacelli - Il vero libro dei sogni
Bastone O Bacchetta Avere Nell'andare Significa,infermità,87,176,1881 Capacelli - Il vero libro dei sogni
Benedire Vederti,significa allegrezza,88,176,1881 Capacelli - Il vero libro dei sogni
Benefizi Fare Significa Allegrezza,,38,176,1881 Capacelli - Il vero libro dei sogni
Bovi Vedere Dormire Significa Cattivo,tempo,66,177,1881 Capacelli - Il vero libro dei sogni
Bovi Che Montano,a riva significa male,3,177,1881 Capacelli - Il vero libro dei sogni
Bovi Bianchi Che Saltellano,significa onore,83,177,1881 Capacelli - Il vero libro dei sogni
Bovi Magri Significa Carestia,,31,177,1881 Capacelli - Il vero libro dei sogni
Braccia Sporche,avere significa miseria,71,177,1881 Capacelli - Il vero libro dei sogni
Cader Vederti Denota Onore,,54,177,1881 Capacelli - Il vero libro dei sogni
Candeliere Acceso Denota Prigionia,,81,177,1881 Capacelli - Il vero libro dei sogni
Cane Avere Denota Compagnia,,81,177,1881 Capacelli - Il vero libro dei sogni
Cantatrice,vedere denota pianto,77,177,1881 Capacelli - Il vero libro dei sogni
Capelli Cader In Capo Denota Perdita,d'amici,82,177,1881 Capacelli - Il vero libro dei sogni
Capo Con Capelli Lunghi Avere,den. dignità,23,177,1881 Capacelli - Il vero libro dei sogni
Capo Tosato,denota danno con inganno,72,177,1881 Capacelli - Il vero libro dei sogni
Carboni Mangiare,denota danno,74,177,1881 Capacelli - Il vero libro dei sogni
Carne A Lesso Mangiare,denota malinconia,70,178,1881 Capacelli - Il vero libro dei sogni
Carretta Vedere Denota Infermità,,49,178,1881 Capacelli - Il vero libro dei sogni
Cartello Avere Denota Sicurezza,,19,178,1881 Capacelli - Il vero libro dei sogni
Cavaliere Che Smonta,da cavallo den. perdita,2,178,1881 Capacelli - Il vero libro dei sogni
Cavarti I Capelli Denota Perdita,d'amici,33,178,1881 Capacelli - Il vero libro dei sogni
Chiave Avere,denota iracondia,29,178,1881 Capacelli - Il vero libro dei sogni
Coglier Neve Denota Lite,,76,178,1881 Capacelli - Il vero libro dei sogni
Coglier Olive Denota Guadagno,,34,178,1881 Capacelli - Il vero libro dei sogni
Combatter Coi Serpenti Denota Punizione Dei Ne,mici,55,178,1881 Capacelli - Il vero libro dei sogni
Con Bestie Di Quattro Piedi Rissare Denota Infer,mità,6,178,1881 Capacelli - Il vero libro dei sogni
Con Filosofo Favellare,denota inganno,62,179,1881 Capacelli - Il vero libro dei sogni
Contar Dell'argento Denota Guadagno,,29,179,1881 Capacelli - Il vero libro dei sogni
Corvo Vedere Denota Tentazione,,5,179,1881 Capacelli - Il vero libro dei sogni
Da Grande Esser Assaltato,denota onore,79,179,1881 Capacelli - Il vero libro dei sogni
Dal Carro Dismontare Denota Onori,pendenti,24,179,1881 Capacelli - Il vero libro dei sogni
Danari Maneggiare Denota Inganno,,39,179,1881 Capacelli - Il vero libro dei sogni
Desco Apparecchiato,denota abbondanza,36,179,1881 Capacelli - Il vero libro dei sogni
Dragone Vedere Denota Guadagno,,8,179,1881 Capacelli - Il vero libro dei sogni
Essere In Campo Denota Esser Ingannato Dai Ne,mici,65,180,1881 Capacelli - Il vero libro dei sogni
Essere Molestato Da Bestie Denota Offesa Dei Ne,mici,50,180,1881 Capacelli - Il vero libro dei sogni
Esser Tramutato In Uccello Denota Mutazione Di,luogo,57,180,1881 Capacelli - Il vero libro dei sogni
Esser Maritato Indica Pericolo,,54,180,1881 Capacelli - Il vero libro dei sogni
Esser Bandito Denota Mutazione,,55,180,1881 Capacelli - Il vero libro dei sogni
Esser Molestato Da Cani Indica Molestia Dei Ne,mici,60,180,1881 Capacelli - Il vero libro dei sogni
Esser Sepolto Indica Travaglio,,78,180,1881 Capacelli - Il vero libro dei sogni
Esser Pazzo Denota Allegrezza,,30,180,1881 Capacelli - Il vero libro dei sogni
Esser Ubbriaco,indica pazzia,82,180,1881 Capacelli - Il vero libro dei sogni
Esser Offeso Da Un Lupo Denota Inganno Dei Ne,mici,85,180,1881 Capacelli - Il vero libro dei sogni
Esser Travagliati,nella testa denota inferm,59,180,1881 Capacelli - Il vero libro dei sogni
Fantasma,vedere denota angustia,20,180,1881 Capacelli - Il vero libro dei sogni
Far Testamento,indica interpretazione,81,180,1881 Capacelli - Il vero libro dei sogni
Far Unguenti Denota Angustie,,29,180,1881 Capacelli - Il vero libro dei sogni
Femmina Vedere Significa Infermità,,51,181,1881 Capacelli - Il vero libro dei sogni
Femmine Vedere Significa Mortificazione,,49,181,1881 Capacelli - Il vero libro dei sogni
Feste Vedere Significa Allegrezza,,88,181,1881 Capacelli - Il vero libro dei sogni
Fetore Sentire Denota Dolore,,77,181,1881 Capacelli - Il vero libro dei sogni
Figliuoli Veder E Favellar Con Essi Ind,danno,9,181,1881 Capacelli - Il vero libro dei sogni
Formento Trarre Indica Malattia,,46,181,1881 Capacelli - Il vero libro dei sogni
Formiche Vedere Indica Infermità,,22,181,1881 Capacelli - Il vero libro dei sogni
Forno Ardere Indica Mutazione,,20,181,1881 Capacelli - Il vero libro dei sogni
Incendio Vedere Denota Pericolo,,73,182,1881 Capacelli - Il vero libro dei sogni
In Fiume Camminare,indica rivolta,71,182,1881 Capacelli - Il vero libro dei sogni
In Fuoco Vederti,gittare indica collera,55,182,1881 Capacelli - Il vero libro dei sogni
In Letto Giacere,denota pericolo,59,182,1881 Capacelli - Il vero libro dei sogni
In Tavole,esser dipinto denota vita lunga,39,182,1881 Capacelli - Il vero libro dei sogni
In Tavole,in terra esser sepolto denota malinconia,21,182,1881 Capacelli - Il vero libro dei sogni
In Tavole,intrare in nave denota viaggio,44,182,1881 Capacelli - Il vero libro dei sogni
In Tavole,intrare in tempio significa operar bene,33,182,1881 Capacelli - Il vero libro dei sogni
In Tavole,ire o far Viaggio significa travaglio,3,182,1881 Capacelli - Il vero libro dei sogni
Lampada Accesa Vedere Denota,passione,22,182,1881 Capacelli - Il vero libro dei sogni
Lardo Mangiare,denota aver compagni,9,182,1881 Capacelli - Il vero libro dei sogni
Legare Vedere Denota Impaccio,,56,182,1881 Capacelli - Il vero libro dei sogni
Legger Scrittura,denota buona fortuna,60,182,1881 Capacelli - Il vero libro dei sogni
Le Mani Servirsi Mangiare,indica danno,72,182,1881 Capacelli - Il vero libro dei sogni
Lettere Imparare Denota Allegrezza,,79,182,1881 Capacelli - Il vero libro dei sogni
Luna Bianca Vedere Denota,pena,70,182,1881 Capacelli - Il vero libro dei sogni
Mangiar Argento,denota danno,20,183,1881 Capacelli - Il vero libro dei sogni
Mangiar Erba Denota Povertà,,86,183,1881 Capacelli - Il vero libro dei sogni
Mangiar Pane,nero denota male,74,183,1881 Capacelli - Il vero libro dei sogni
Mangiar,sopra la terra significa iracondia,2,183,1881 Capacelli - Il vero libro dei sogni
Mani Guardare Indica Infermità,,40,183,1881 Capacelli - Il vero libro dei sogni
Mare Torbido,vedere denota bene,6,183,1881 Capacelli - Il vero libro dei sogni
Mettersi Un Mantello,denota dignità,83,183,1881 Capacelli - Il vero libro dei sogni
Mula Carica Vedere Denota Aumento,d'affari,78,183,1881 Capacelli - Il vero libro dei sogni
Mutarsi D'abito,indica buona sorte,47,183,1881 Capacelli - Il vero libro dei sogni
Nascerti Vederti,denota buona ventura,5,183,1881 Capacelli - Il vero libro dei sogni
Nave Con Fontana,denota travaglio,69,183,1881 Capacelli - Il vero libro dei sogni
Nubi Vedere Denota Discordia,,87,184,1881 Capacelli - Il vero libro dei sogni
Nutrire Animali Indica Ricchezza,,3,184,1881 Capacelli - Il vero libro dei sogni
Olio Raccogliere Denota,bene,8,184,1881 Capacelli - Il vero libro dei sogni
Olio Raccogliere Denota,denota danno,15,184,1881 Capacelli - Il vero libro dei sogni
Orina Bevuta Significa,sanità ricuperata,22,184,1881 Capacelli - Il vero libro dei sogni
Oro Maneggiare,significa iracondia,57,184,1881 Capacelli - Il vero libro dei sogni
Orto Lavorare O Rivedere Indica,bene,5,184,1881 Capacelli - Il vero libro dei sogni
•rzo Maneggiare Indica Allegrezza,,17,184,1881 Capacelli - Il vero libro dei sogni
Ove Rotte Denota Male,,27,184,1881 Capacelli - Il vero libro dei sogni
•vi Bianchi Denota Bene,,15,184,1881 Capacelli - Il vero libro dei sogni
Palazzi Vedere Indica Molestia,,43,184,1881 Capacelli - Il vero libro dei sogni
Palma Ricevere Denota Onore,,5,184,1881 Capacelli - Il vero libro dei sogni
Pane Mangiare,denota bene,70,184,1881 Capacelli - Il vero libro dei sogni
Parlar,con molti indica pericolo,48,184,1881 Capacelli - Il vero libro dei sogni
Passar Ponti Denota Travaglio,,13,184,1881 Capacelli - Il vero libro dei sogni
Pesci Nascere Indica Pioggia,,39,184,1881 Capacelli - Il vero libro dei sogni
Piedi Lavarti Denota Ansietà,,14,184,1881 Capacelli - Il vero libro dei sogni
Pomi Mangiare Significa Allegrezza,,11,185,1881 Capacelli - Il vero libro dei sogni
Ponte Rosso Passare Indica,paura,33,185,1881 Capacelli - Il vero libro dei sogni
Puntura Avere Denota Infermità,,71,185,1881 Capacelli - Il vero libro dei sogni
Quietare Denota Esser Perseguitato,,84,185,1881 Capacelli - Il vero libro dei sogni
Rasa Gonnella Denota Male,,32,185,1881 Capacelli - Il vero libro dei sogni
Rei Vedere A Morire Indica,mal augurio,77,185,1881 Capacelli - Il vero libro dei sogni
Ricevere Anello Indica Sicurezza,,55,185,1881 Capacelli - Il vero libro dei sogni
Rose Raccogliere,denota bene,50,185,1881 Capacelli - Il vero libro dei sogni
Saette Gettare Indica Disgusti,,6,185,1881 Capacelli - Il vero libro dei sogni
Sangue Assai Denota Insidie,,20,185,1881 Capacelli - Il vero libro dei sogni
Scarpe,nuove avere denota guadagno,63,185,1881 Capacelli - Il vero libro dei sogni
Sepoltura Vedere Denota Travaglio,,74,185,1881 Capacelli - Il vero libro dei sogni
Serpente Uccidere Indica Separazione,,57,185,1881 Capacelli - Il vero libro dei sogni
Sole Offuscato Indica Pericolo,,61,185,1881 Capacelli - Il vero libro dei sogni
Sopra La Scala Ascendere,denota onore,68,186,1881 Capacelli - Il vero libro dei sogni
Sopra,le pietre andare denota male,25,186,1881 Capacelli - Il vero libro dei sogni
Sparviere Pigliare Denota Guadagno,,47,186,1881 Capacelli - Il vero libro dei sogni
Spese Fare Denota Danno,,46,186,1881 Capacelli - Il vero libro dei sogni
Statua Vedere Indica Tristezza,,38,186,1881 Capacelli - Il vero libro dei sogni
Tagliar Alberi Significa Male,,86,186,1881 Capacelli - Il vero libro dei sogni
Tanti,vedere denota bene,23,186,1881 Capacelli - Il vero libro dei sogni
Tenebre Vedere Indica,infermità,20,186,1881 Capacelli - Il vero libro dei sogni
Testamento,fare denota male,82,186,1881 Capacelli - Il vero libro dei sogni
Tirar Pietra Denota Malinconia,,36,186,1881 Capacelli - Il vero libro dei sogni
Tirar Ad Uccelli Indica Insidie,nemiche,60,186,1881 Capacelli - Il vero libro dei sogni
Tormentato Vederti Indica Innamoramento,,16,186,1881 Capacelli - Il vero libro dei sogni
Uccelli Pigliare Denota Guadagno,,14,186,1881 Capacelli - Il vero libro dei sogni
Uomo,vestito di bianco denota evento felice,62,186,1881 Capacelli - Il vero libro dei sogni
Veder Ardere Denota Pianto,,34,186,1881 Capacelli - Il vero libro dei sogni
Veder Rose Denota Allegrezza,,81,187,1881 Capacelli - Il vero libro dei sogni
Veder Correre Denota Allegrezza,,29,187,1881 Capacelli - Il vero libro dei sogni
Veder Corvi Denota Guadagno,,29,187,1881 Capacelli - Il vero libro dei sogni
Veder Camelli,denota ricchezza,70,187,1881 Capacelli - Il vero libro dei sogni
Veder Fuighi,denota abbondanza,83,187,1881 Capacelli - Il vero libro dei sogni
Veder Fratelli Indica Guadagno,,26,187,1881 Capacelli - Il vero libro dei sogni
Veder Fantasma Indica Pericolo,,50,187,1881 Capacelli - Il vero libro dei sogni
Veder Rete Denota Pioggia,,40,187,1881 Capacelli - Il vero libro dei sogni
Veder Oche Indica Onori,,54,187,1881 Capacelli - Il vero libro dei sogni
Veder Tenebre Denota Infermità,,39,187,1881 Capacelli - Il vero libro dei sogni
Veder Veste Indica Miseria,,62,187,1881 Capacelli - Il vero libro dei sogni
Veder Morire Alcuno,denota abbandono,7,187,1881 Capacelli - Il vero libro dei sogni
Vederti,annegare denota male,89,187,1881 Capacelli - Il vero libro dei sogni
Vederti,creditore d'altri indica discapito,65,187,1881 Capacelli - Il vero libro dei sogni
Vederti Giovane,denota felicità,8,187,1881 Capacelli - Il vero libro dei sogni
Vederti Avvolto In Lenzuola,denota pericolo,4,187,1881 Capacelli - Il vero libro dei sogni
Vergogna Coperti Di Broderia,gioia ed onore,8 9 89,187,1881 Capacelli - Il vero libro dei sogni
Se Si Crede Mangiar More De Nota Fertilità,ed abbondanza,9 30 62,188,1881 Capacelli - Il vero libro dei sogni
Albero. Montar Sopra Un Albero Denota Onore,cadérne il contrario,2 5,188,1881 Capacelli - Il vero libro dei sogni
Albicocchi. Gli Albicocchi Ed Altri Simili Frutti Denota A Quello Che Sogna Vederli E Mangiarli Sanità Piacere,e contenti,25 40 70,188,1881 Capacelli - Il vero libro dei sogni
Dare Un Anello Denota,danno,34 68 69,188,1881 Capacelli - Il vero libro dei sogni
Aquila. È Buon Segno A Chi Sogna Di Veder Vo Lare Un'aquila Ma Se Cade Sopra Di Sè È Segn,di mal augurio,8 46,188,1881 Capacelli - Il vero libro dei sogni
Arco In Cielo. Sognar Di Veder L'arco In Cielo Dall'oriente È Buon Segno Pei Poveri Ed Infermi,vederlo dall'occaso buon segno pei ricchi,5 7 18,188,1881 Capacelli - Il vero libro dei sogni
Sognar Di Cogliere Argento Ed Oro Denota Perdita,e danno,4,188,1881 Capacelli - Il vero libro dei sogni
Sognar Di Cogliere Argento Ed Oro Denota Perdita,"serena denota ogni sorta di bene, vederla torbida il contrario",17,188,1881 Capacelli - Il vero libro dei sogni
"Baciare. Baciare La Terra Denota Malinconia Baciare Alcuno, Amicizia",e fortuna,40 59 87,189,1881 Capacelli - Il vero libro dei sogni
"Barba. Se Alcuno Sogna Che Si Fa Rader La Bar Ba È Sicurezza Se La Sua Barba È Lunga Più Del Solito, Denota Accrescimento",di beni,88,189,1881 Capacelli - Il vero libro dei sogni
Bevanda Dolce. Sognare D'essere Ubbriacato Da Qualche Bevanda Dolce Denota Che Sarete,amato ed arricch.da qualche grande 6886,18,189,1881 Capacelli - Il vero libro dei sogni
Bocca. Se Qualcuno Sogna D' Avere La Bocca Più,grande del solito indica gran ricchezza,2 16,189,1881 Capacelli - Il vero libro dei sogni
Sognare D'essere Ornato Di Fiori De Nota Piaceri E Contenti,di poca fortuna,1 16,189,1881 Capacelli - Il vero libro dei sogni
Sognare D'essere Ornato Di Fiori De Nota Piaceri E Contenti,prato denota profitto,9 12 87,190,1881 Capacelli - Il vero libro dei sogni
Briaco Sognar D'esser Briaco Denota Aumento Di Beni,e ricuperamento di sanità,3,190,1881 Capacelli - Il vero libro dei sogni
"Sognare D'essere In Buon Cammino Denota Gioia, Ricchezze",e prosperità,9,190,1881 Capacelli - Il vero libro dei sogni
Capelli. Veder Capelli Ed Una Testa Ben Pet Tinata Denota Amicizia E Liberazione Di Cat,tivi affari,4 6 20,190,1881 Capacelli - Il vero libro dei sogni
Cappone. Sognare Di Vedere Un Cappone Od Una Pollanca Denota Tristezza,e noja,29 34 60,190,1881 Capacelli - Il vero libro dei sogni
Cervo. Sognar D'aver Ucciso Un Cervo Denota,eredità e vincita di nemici,8,190,1881 Capacelli - Il vero libro dei sogni
Colombi. Sognar Di Veder Colombi Nota Gioia,nella casa e buon successo negli affari,3 14 25,191,1881 Capacelli - Il vero libro dei sogni
Sognar Di Sentir Cantar In Musica O Suonare Denota Sanità,ai malati,2 28,191,1881 Capacelli - Il vero libro dei sogni
Corvo. Veder Un Corvo,den. cattivo aug,27 68,191,1881 Capacelli - Il vero libro dei sogni
Eclisse. Vedere Un Eclisse Di Sole O Di Luna Indica Perdita Di Parenti,e amici,6 88,191,1881 Capacelli - Il vero libro dei sogni
Estate. Sognar L'estate Caldo Denota Che Rac,coglierai grandi frutti de' tuoi poderi,2 33 40,191,1881 Capacelli - Il vero libro dei sogni
Se Una Donna Sogna Veder Un Uomo Con Questa Stessa Prerogativa Lo Stesso,effetto,3,192,1881 Capacelli - Il vero libro dei sogni
"Se Qualcuno Sogna Che Avendo Fame È Stato Saziato, Diverrà Ricco A Proporzione Della Sua",fame,2 49 61,192,1881 Capacelli - Il vero libro dei sogni
Fave. Sognar Di Mangiar Fave Denota Que Rela,e liti,6,192,1881 Capacelli - Il vero libro dei sogni
"Se La Donna Sogna Di Partorire Un Fi Glio E Che Noii Sia Gravida, Segno Che Verrà",a buon termine nelle sue intraprese,33 37 42,192,1881 Capacelli - Il vero libro dei sogni
Fiume. Veder L'acqua In Un Fiume Chiara De,nota sicurezza nei propri affari,34 50,192,1881 Capacelli - Il vero libro dei sogni
Passeggiar In Una Foresta Denota,pena,23 24,192,1881 Capacelli - Il vero libro dei sogni
"Fuoco. Il Fuoco Estinto Denota Povertà, Ac Ceso Moderato E Senza Fumo Denota Abbon",danza di beni,12,192,1881 Capacelli - Il vero libro dei sogni
Vedere Galline Con Pulcini Denota Per,dita e danno,5 6 56,193,1881 Capacelli - Il vero libro dei sogni
Vedere Galline Con Pulcini Denota Per,"fortuna se gonfie, tagliate o storte perdita e danno",17 27 47,193,1881 Capacelli - Il vero libro dei sogni
Gatto. Sognar D'esserti Azzuffato Col Gatto De Nota Che Sarai Assalito,dai ladri,3 5 90,193,1881 Capacelli - Il vero libro dei sogni
Gemme. Gemme In,dono indica infelicità,37 53,193,1881 Capacelli - Il vero libro dei sogni
Gemme. Gemme In,raccoglierne denota profitto e ricchezza,13,193,1881 Capacelli - Il vero libro dei sogni
Ricevere Una Guanciata Denota Che,siete perseguitati,3 15,193,1881 Capacelli - Il vero libro dei sogni
Sentire,odore,1,194,1881 Capacelli - Il vero libro dei sogni
Sentire,"di lauro di oliva o della palma, indica alle donne figliuólanza, alle figlie pronto matrimonio agli uomini buon esito ne' loro affari",1,194,1881 Capacelli - Il vero libro dei sogni
Pr,ig,7,195,1881 Capacelli - Il vero libro dei sogni
Pr,"se pacifico indica rifa da- mento, se agitato da burrasca, indica pericolo",48 53 70,195,1881 Capacelli - Il vero libro dei sogni
Pr,gioia,7 43 52,195,1881 Capacelli - Il vero libro dei sogni
Nido. D'uccelli Ritrovare Denota Acquisto Di Ric,chezza,2,196,1881 Capacelli - Il vero libro dei sogni
Olio. Olio Raccogliere Denota,abbondanza,8 86,196,1881 Capacelli - Il vero libro dei sogni
Sognar Di Nettarsi Le Orecchie Indica Che,sei servito ed obbedito fedelmente #,3 37 7,196,1881 Capacelli - Il vero libro dei sogni
Palpebre. Sognar Di Aver Le Palpebre Pio Belle E Più Grandi È Segnoche Sarai Onorato Estimato Da Tutti Sognar,"che sono cadute, tutto al contrario",55,196,1881 Capacelli - Il vero libro dei sogni
Piccioni. Sognare Di Vederne Dei Bianchi Denota,felice successo ne' tuoi affari,81,197,1881 Capacelli - Il vero libro dei sogni
Pioggia. Sognar Di Veder Piovere Placidamente E Senza Temporale O Tempesta Denota Guadagno,e profitto,25 35 65,197,1881 Capacelli - Il vero libro dei sogni
Pisciare. Sognar Di Pisciare Contro Di Un Muro,denota spaccio pronto de' propri affari,4 56 85,197,1881 Capacelli - Il vero libro dei sogni
Porci. Questi Animali Denotano Persone Oziose Che,non pensano che a vivere a spese altrui #,13 27 4,197,1881 Capacelli - Il vero libro dei sogni
Portogalli. Sognar Di Mangiare Portogalli Denota Piaghe,e dolori,26 55 60,197,1881 Capacelli - Il vero libro dei sogni
Sognar Di Essere In Praterie Indica,buon augurio,44,197,1881 Capacelli - Il vero libro dei sogni
Chi Sogna Ritrivarne,denota inopia o indigenza,2,198,1881 Capacelli - Il vero libro dei sogni
Rimedio. Rimedio Prendere O Dare Denota Vi,vere in povertà,12 31 80,198,1881 Capacelli - Il vero libro dei sogni
Scarpe. Sognar D'averle Scarpe Rotte O Di Cam,minar nel fango denota danno e povertà,5 24,198,1881 Capacelli - Il vero libro dei sogni
"Sognar Vedere Scorpioni, O Brutti","animali, denota sventure per nemici occulti",40,198,1881 Capacelli - Il vero libro dei sogni
Scrivere. Scrivere Sopra Una Carta Denota Accusa Leggere,lettere denota buone nuove,2 27 40,198,1881 Capacelli - Il vero libro dei sogni
Quello Che Sogna D'andare Alla Sepol Tura Di Qualcuno De' Suoi Parenti Od Amici De Nota Se È Giovane Che Si Mariterà Con Sod Disfazione,e piacere,22 29,198,1881 Capacelli - Il vero libro dei sogni
Sole. Vedere Il Sole A Levarsi Denota Prospe Rità E Buone Nuove Vederlo Tramontare Il Contrario Vederlo Rosso Ed Oscuro Denota Arenamento,dei tuoi affari,45 49 70,199,1881 Capacelli - Il vero libro dei sogni
Sposare. Sognare Di Sposare Denota Malattia,e malinconia,3,199,1881 Capacelli - Il vero libro dei sogni
Sognar D' Avere Comperato Stivali Nuovi Indica Buon,esito de' tuoi affari,39 50,199,1881 Capacelli - Il vero libro dei sogni
Temporale. Nota Pericolo,e danno,23 27,199,1881 Capacelli - Il vero libro dei sogni
Rappresentar,tragedie denota perdita d' amici,8,199,1881 Capacelli - Il vero libro dei sogni
Terremoto. Significa Pericolo,,5 56,199,1881 Capacelli - Il vero libro dei sogni
Fare Unguento Denota Noia,,17,199,1881 Capacelli - Il vero libro dei sogni
Sognar Di Mangiar Uova Denota Gua,dagno,22 59,199,1881 Capacelli - Il vero libro dei sogni
Vaiolo. Sognar D' Essere Vaiolato Denota Pro,fitto e ricchezze ma poco onorevoli,62,200,1881 Capacelli - Il vero libro dei sogni
Zoroastro,,1,200,1881 Capacelli - Il vero libro dei sogni
31768. Il Numero,,12,201,1881 Capacelli - Il vero libro dei sogni
Suppongasi Ch Il Giorno Dell'est Razione Sia,il settembre,9,201,1881 Capacelli - Il vero libro dei sogni
"1814, Siccome In Tal Giorno Ve Nere Si Troverà Nei",gradi,12,201,1881 Capacelli - Il vero libro dei sogni
"1814, Siccome In Tal Giorno Ve Nere Si Troverà Nei","del segno di Libbra, così si dovrà moltiplicare per , co",12,201,1881 Capacelli - Il vero libro dei sogni
Questo Prodotto Lo Moltipli,"cherai ancora per , che ti darà 385912: eccoti",9,201,1881 Capacelli - Il vero libro dei sogni
"Milano Ponendoli Con Ordine. Questi Essendo Composti Di Due Figure, Si Sommano, Escluden",do il,9,201,1881 Capacelli - Il vero libro dei sogni
E Si Segna L'avanzo E Nel Caso Che Le Cifre Componenti Il Numero Diano La Somma,"di , si descrive il medesimo",9 9,201,1881 Capacelli - Il vero libro dei sogni
Sommare Escludendo Da Ciascheduna Somma Una Volta,sola il come qui appresso: cosi,9,201,1881 Capacelli - Il vero libro dei sogni
Sommare Escludendo Da Ciascheduna Somma Una Volta,in seguito,8 19,202,1881 Capacelli - Il vero libro dei sogni
Replica,,7,202,1881 Capacelli - Il vero libro dei sogni
Debbasi Prescegliere Si Osserva Quali Di Essi Si Vegga Nelle Righe Superiori E Si Scorge Che Nella Terza,riga vi è,59,202,1881 Capacelli - Il vero libro dei sogni
"E , L'ultimo Dei Quali Non Giuo- Candosi Resta Il Numero",che sorti effettiva,59,202,1881 Capacelli - Il vero libro dei sogni
"E , L'ultimo Dei Quali Non Giuo- Candosi Resta Il Numero",mente nella susseguente estrazione del,9,202,1881 Capacelli - Il vero libro dei sogni
"E , L'ultimo Dei Quali Non Giuo- Candosi Resta Il Numero",seguente estrazione del marzo,22,202,1881 Capacelli - Il vero libro dei sogni
"E , L'ultimo Dei Quali Non Giuo- Candosi Resta Il Numero",e si operi come si è detto di sopra,49,202,1881 Capacelli - Il vero libro dei sogni
Nella Quarta Linea Della Sovrapposta Piramide,"si vede replicato il , che sortì",22,203,1881 Capacelli - Il vero libro dei sogni
Effettivamente Nell'estrazione,"del marzo, nella quale usciron",22,203,1881 Capacelli - Il vero libro dei sogni
Estrazione,del maggio,10,203,1881 Capacelli - Il vero libro dei sogni
Nella Terza Riga Della Piramide Si Vedono Re Plicati Il,"ed il , uno dei quali sorti",53 25,203,1881 Capacelli - Il vero libro dei sogni
Nella Terza Riga Della Piramide Si Vedono Re Plicati Il,effet tivamente nell'estrazione del,29,203,1881 Capacelli - Il vero libro dei sogni
"Ne Formerai La Somma, Come Per Esempio",per Roma ai gen,15,203,1881 Capacelli - Il vero libro dei sogni
"Ne Formerai La Somma, Come Per Esempio","naio in cui, contando dal marzo al gen naio inclusivo, si ha",11,203,1881 Capacelli - Il vero libro dei sogni
"Ne Formerai La Somma, Come Per Esempio","di calende, e si dica",15,203,1881 Capacelli - Il vero libro dei sogni
Giorni Dell'estrazione,di calende,11,203,1881 Capacelli - Il vero libro dei sogni
Giorni Dell'estrazione,fa somma delle,26 8,203,1881 Capacelli - Il vero libro dei sogni
Due Prime,figure,85,203,1881 Capacelli - Il vero libro dei sogni
"1813, Si Ha",giorno dell'estrazione,28,204,1881 Capacelli - Il vero libro dei sogni
"1813, Si Ha",e di calende,8,204,1881 Capacelli - Il vero libro dei sogni
Si Sommeranno Come Nel Sottoposto Esempio Ove,si avrà il e - che ridotto per darà,9 3 9,204,1881 Capacelli - Il vero libro dei sogni
Si Sommeranno Come Nel Sottoposto Esempio Ove,il quale accopiato,4,204,1881 Capacelli - Il vero libro dei sogni
Si Sommeranno Come Nel Sottoposto Esempio Ove,al numero che gli ri mane a sinistra dà,44,204,1881 Capacelli - Il vero libro dei sogni
Milano Ò Alla Distanza,di gradi di latitudine,45,204,1881 Capacelli - Il vero libro dei sogni
Dal Polo: La Prima Estrazione Di Novembre Del 1813 Fu Il Giorno,osservando il numero del polo che,4,204,1881 Capacelli - Il vero libro dei sogni
Che Il Numero De' Mesi Dal Marzo Al Novembre Inclusivo,è,9,204,1881 Capacelli - Il vero libro dei sogni
S-à,,14,205,1881 Capacelli - Il vero libro dei sogni
Estrazione Di Milano Suddetta,,44 61,205,1881 Capacelli - Il vero libro dei sogni
Gennaio,,5,206,1881 Capacelli - Il vero libro dei sogni
Maggio,,2,206,1881 Capacelli - Il vero libro dei sogni
Settembre,,3,206,1881 Capacelli - Il vero libro dei sogni
Febbraio,,5,206,1881 Capacelli - Il vero libro dei sogni
Giugno,,3,206,1881 Capacelli - Il vero libro dei sogni
Ottobre,,2,206,1881 Capacelli - Il vero libro dei sogni
Marzo,,3,206,1881 Capacelli - Il vero libro dei sogni
Luglio,,3,206,1881 Capacelli - Il vero libro dei sogni
Novembre,,3,206,1881 Capacelli - Il vero libro dei sogni
Aprile,,3,206,1881 Capacelli - Il vero libro dei sogni
Agosto,,3,206,1881 Capacelli - Il vero libro dei sogni
Dicembre,,3,206,1881 Capacelli - Il vero libro dei sogni
Il Numero Simpatico Di Quest'anno,"è , poi",86,206,1881 Capacelli - Il vero libro dei sogni
Simpatico,,86,206,1881 Capacelli - Il vero libro dei sogni
Simpatico,"per la prima estrazione si mette solo una volta, poi il primo estratto è an tecedente, quindi il gennaio dell'estrazione ven tura e poi l'altro simpatico",1,206,1881 Capacelli - Il vero libro dei sogni
Nella Seconda Estrazione Dell'anno,si pone,86,206,1881 Capacelli - Il vero libro dei sogni
Secondi Estratti Antecedenti Quindi Il Giorno Della Ventura Estrazione: Terza Estrazione,tre volte,86,206,1881 Capacelli - Il vero libro dei sogni
Giorno Dell'estrazione,,21,207,1881 Capacelli - Il vero libro dei sogni
Polo,,9,207,1881 Capacelli - Il vero libro dei sogni
Calende,,5,207,1881 Capacelli - Il vero libro dei sogni
Calende,a estrazione,4,207,1881 Capacelli - Il vero libro dei sogni
Calende,volte e quattro estratti,4,207,1881 Capacelli - Il vero libro dei sogni
Calende,volte e sei estratti,86 5,207,1881 Capacelli - Il vero libro dei sogni
Figura Del Simpatico,,86,207,1881 Capacelli - Il vero libro dei sogni
Esempio,,7 8 3 2 8 6 4,207,1881 Capacelli - Il vero libro dei sogni
Genova,,9,209,1881 Capacelli - Il vero libro dei sogni
Milano,,9,209,1881 Capacelli - Il vero libro dei sogni
Venezia,,9,209,1881 Capacelli - Il vero libro dei sogni
Napoli E Roma,,10,209,1881 Capacelli - Il vero libro dei sogni
L'estrazione,di Venezia del febbrajo,7,209,1881 Capacelli - Il vero libro dei sogni
Indovinelli Cabalistici,fPER LE ANNUE ESTRAZIONI,48,210,1881 Capacelli - Il vero libro dei sogni
E Col Cinque L'assicura,,7,211,1881 Capacelli - Il vero libro dei sogni
Ecco Certa La Risposta,,3,211,1881 Capacelli - Il vero libro dei sogni
L'una Muor L'altro S'intana,,4,212,1881 Capacelli - Il vero libro dei sogni
Son Poeta E Ballerino,,3,214,1881 Capacelli - Il vero libro dei sogni
Al Favor D'aria Tranquilla,,1,214,1881 Capacelli - Il vero libro dei sogni
Sino All'ultimo Dei Crini,,19,215,1881 Capacelli - Il vero libro dei sogni
Sette Polli Di Cucina,,2,215,1881 Capacelli - Il vero libro dei sogni
Sette Polli Di Cucina,ti,1,216,1881 Capacelli - Il vero libro dei sogni
' Ventisei,,1,217,1881 Capacelli - Il vero libro dei sogni
Giugno,on tre mesi e più che la quartana,5,219,1881 Capacelli - Il vero libro dei sogni
Tra Poco Certamente Intisichisco,,7,219,1881 Capacelli - Il vero libro dei sogni
Regni Italia,,40,220,1881 Capacelli - Il vero libro dei sogni
Portogallo,,4,220,1881 Capacelli - Il vero libro dei sogni
Spagna,,87,220,1881 Capacelli - Il vero libro dei sogni
Francia,,2,220,1881 Capacelli - Il vero libro dei sogni
Austria,,24,220,1881 Capacelli - Il vero libro dei sogni
Turchia,,8,220,1881 Capacelli - Il vero libro dei sogni
Prussia,,4,220,1881 Capacelli - Il vero libro dei sogni
Russia,,89,220,1881 Capacelli - Il vero libro dei sogni
Svezia,,15,220,1881 Capacelli - Il vero libro dei sogni
Danimarca,,24,220,1881 Capacelli - Il vero libro dei sogni
Ungheria,,58,220,1881 Capacelli - Il vero libro dei sogni
Boemia,,54,220,1881 Capacelli - Il vero libro dei sogni
Svizzera,,7,220,1881 Capacelli - Il vero libro dei sogni
Capitali Roma,,85,220,1881 Capacelli - Il vero libro dei sogni
Costantinopoli Copenaghen,,72,220,1881 Capacelli - Il vero libro dei sogni
Lisbona,,29,220,1881 Capacelli - Il vero libro dei sogni
Londra,,2,220,1881 Capacelli - Il vero libro dei sogni
Buda-pest,,11,220,1881 Capacelli - Il vero libro dei sogni
Madrid,,3,220,1881 Capacelli - Il vero libro dei sogni
Berlino,,1,220,1881 Capacelli - Il vero libro dei sogni
Praga,,67,220,1881 Capacelli - Il vero libro dei sogni
Parigi,,2,220,1881 Capacelli - Il vero libro dei sogni
Pietroburgo,,16,220,1881 Capacelli - Il vero libro dei sogni
Lucerna,,3,220,1881 Capacelli - Il vero libro dei sogni
Vienna,,14,220,1881 Capacelli - Il vero libro dei sogni
Stoccolma,,22,220,1881 Capacelli - Il vero libro dei sogni
Città D'italia Alessandria Arezzo,,75,220,1881 Capacelli - Il vero libro dei sogni
Bastia,,18,220,1881 Capacelli - Il vero libro dei sogni
Ancona,,24,220,1881 Capacelli - Il vero libro dei sogni
Assisi,,2,220,1881 Capacelli - Il vero libro dei sogni
Bellinzona,,52,220,1881 Capacelli - Il vero libro dei sogni
Aquila,,9,220,1881 Capacelli - Il vero libro dei sogni
Bari,,5,220,1881 Capacelli - Il vero libro dei sogni
Belluno,,7,220,1881 Capacelli - Il vero libro dei sogni
Bergamo,,9,221,1881 Capacelli - Il vero libro dei sogni
Bologna,,19,221,1881 Capacelli - Il vero libro dei sogni
Brescia Io Camerino,,29,221,1881 Capacelli - Il vero libro dei sogni
Capua,,63,221,1881 Capacelli - Il vero libro dei sogni
Casale,,15,221,1881 Capacelli - Il vero libro dei sogni
Catania,,40,221,1881 Capacelli - Il vero libro dei sogni
Cento,,1,221,1881 Capacelli - Il vero libro dei sogni
Cesena,,88,221,1881 Capacelli - Il vero libro dei sogni
Chiavari,,18,221,1881 Capacelli - Il vero libro dei sogni
Como,,8,221,1881 Capacelli - Il vero libro dei sogni
Crema,,12,221,1881 Capacelli - Il vero libro dei sogni
Cremona,,2,221,1881 Capacelli - Il vero libro dei sogni
Faenza,,8,221,1881 Capacelli - Il vero libro dei sogni
Firenze,,27,221,1881 Capacelli - Il vero libro dei sogni
Fermo,,45,221,1881 Capacelli - Il vero libro dei sogni
Ferrara,,13,221,1881 Capacelli - Il vero libro dei sogni
Forlì,,83,221,1881 Capacelli - Il vero libro dei sogni
Genova,,11,221,1881 Capacelli - Il vero libro dei sogni
Imola,,70,221,1881 Capacelli - Il vero libro dei sogni
Lodi,,4,221,1881 Capacelli - Il vero libro dei sogni
Loreto,,29,221,1881 Capacelli - Il vero libro dei sogni
Lucca,,64,221,1881 Capacelli - Il vero libro dei sogni
Macerata,,7,221,1881 Capacelli - Il vero libro dei sogni
Mantova,,88,221,1881 Capacelli - Il vero libro dei sogni
Messina,,72,221,1881 Capacelli - Il vero libro dei sogni
Milano,,33,221,1881 Capacelli - Il vero libro dei sogni
Modena,,76,221,1881 Capacelli - Il vero libro dei sogni
Napoli,,15,221,1881 Capacelli - Il vero libro dei sogni
Nizza,,26,221,1881 Capacelli - Il vero libro dei sogni
Novara,,5,221,1881 Capacelli - Il vero libro dei sogni
Otranto,,86,221,1881 Capacelli - Il vero libro dei sogni
Padova,,45,221,1881 Capacelli - Il vero libro dei sogni
Palermo,,43,221,1881 Capacelli - Il vero libro dei sogni
Parma,,18,221,1881 Capacelli - Il vero libro dei sogni
Pavia,,50,221,1881 Capacelli - Il vero libro dei sogni
Perugia,,22,221,1881 Capacelli - Il vero libro dei sogni
Pesaro,,19,221,1881 Capacelli - Il vero libro dei sogni
Piacenza,,84,221,1881 Capacelli - Il vero libro dei sogni
Pisa,,16,221,1881 Capacelli - Il vero libro dei sogni
Ravenna,,7,221,1881 Capacelli - Il vero libro dei sogni
Recanati,,77,221,1881 Capacelli - Il vero libro dei sogni
Reggio,,60,221,1881 Capacelli - Il vero libro dei sogni
Reggio,di Calabria,81,221,1881 Capacelli - Il vero libro dei sogni
Rimini,,28,221,1881 Capacelli - Il vero libro dei sogni
Roma,,6,221,1881 Capacelli - Il vero libro dei sogni
Salerno,,41,221,1881 Capacelli - Il vero libro dei sogni
Savona,,33,221,1881 Capacelli - Il vero libro dei sogni
Siena,,11,221,1881 Capacelli - Il vero libro dei sogni
Siracusa,,87,221,1881 Capacelli - Il vero libro dei sogni
Spoleto,,90,221,1881 Capacelli - Il vero libro dei sogni
Taranto,,48,221,1881 Capacelli - Il vero libro dei sogni
Tortona,,34,221,1881 Capacelli - Il vero libro dei sogni
Trento,,37,221,1881 Capacelli - Il vero libro dei sogni
Treviso,,47,221,1881 Capacelli - Il vero libro dei sogni
Torino,,19,221,1881 Capacelli - Il vero libro dei sogni
Udine,,4,221,1881 Capacelli - Il vero libro dei sogni
Urbino,,2,221,1881 Capacelli - Il vero libro dei sogni
Venezia,,8,221,1881 Capacelli - Il vero libro dei sogni
Verona,,8,221,1881 Capacelli - Il vero libro dei sogni
Vicenza,,30,221,1881 Capacelli - Il vero libro dei sogni
Viterbo,,90,221,1881 Capacelli - Il vero libro dei sogni
Teatro Cannobiana,,57,221,1881 Capacelli - Il vero libro dei sogni
Castelli,,36,221,1881 Capacelli - Il vero libro dei sogni
Dal Verme,,44,221,1881 Capacelli - Il vero libro dei sogni
Manzoni,,83,221,1881 Capacelli - Il vero libro dei sogni
Re Nuovo,,74,221,1881 Capacelli - Il vero libro dei sogni
Arena Anfiteatro,,90,221,1881 Capacelli - Il vero libro dei sogni
Ippodromo,,84,221,1881 Capacelli - Il vero libro dei sogni
Milanese,,55,221,1881 Capacelli - Il vero libro dei sogni
Carcano,,56,221,1881 Capacelli - Il vero libro dei sogni
S. Radegonda,,42,221,1881 Capacelli - Il vero libro dei sogni
Filodrammatici,,20,221,1881 Capacelli - Il vero libro dei sogni
Fossati,,27,221,1881 Capacelli - Il vero libro dei sogni
Commenda,,79,221,1881 Capacelli - Il vero libro dei sogni
Fiando,,56,221,1881 Capacelli - Il vero libro dei sogni
E Si Unisce Al Primo,"della risposta, che sarà",47,222,1881 Capacelli - Il vero libro dei sogni
Gennaio Gennaio,,21 49 60 7 85,222,1881 Capacelli - Il vero libro dei sogni
Febbraio Febbraio,,12 88 41 47 88,222,1881 Capacelli - Il vero libro dei sogni
Marzo Marzo,,1 80 17 34 56,222,1881 Capacelli - Il vero libro dei sogni
Aprile,,18 59 76 15,222,1881 Capacelli - Il vero libro dei sogni
Aprile,,8,222,1881 Capacelli - Il vero libro dei sogni
Maggio,,45 86,222,1881 Capacelli - Il vero libro dei sogni
Maggio,,5 67 76,222,1881 Capacelli - Il vero libro dei sogni
Giugno Giugno,,89 65 21 13 48,222,1881 Capacelli - Il vero libro dei sogni
Luglio 5318 Luglio,,33 76 54,222,1881 Capacelli - Il vero libro dei sogni
Agosto Agosto,,16 21 31 64 32,222,1881 Capacelli - Il vero libro dei sogni
Settembre Settembre,,7 57 84 12 60 73 33 60,222,1881 Capacelli - Il vero libro dei sogni
Ottobre,,62 80 31 45,222,1881 Capacelli - Il vero libro dei sogni
Ottobre,,5,222,1881 Capacelli - Il vero libro dei sogni
Novembr. Novembr,,17 10 73 32 28 41 83 80 60 33,222,1881 Capacelli - Il vero libro dei sogni
Dicembre 1036 Dicembre,,62 78 15,222,1881 Capacelli - Il vero libro dei sogni
Romane Il Mondo,,1,227,1881 Capacelli - Il vero libro dei sogni
Il Sole,,2,227,1881 Capacelli - Il vero libro dei sogni
La Luna,,3,227,1881 Capacelli - Il vero libro dei sogni
Le Stelle,,4,227,1881 Capacelli - Il vero libro dei sogni
Cupido,,5,227,1881 Capacelli - Il vero libro dei sogni
La Morte,,6,227,1881 Capacelli - Il vero libro dei sogni
Due Spade,,7,227,1881 Capacelli - Il vero libro dei sogni
Martello,,8,227,1881 Capacelli - Il vero libro dei sogni
Turbante,,9,227,1881 Capacelli - Il vero libro dei sogni
Uomo,,10,227,1881 Capacelli - Il vero libro dei sogni
Uomo,con gerlo Tenaglia,11,227,1881 Capacelli - Il vero libro dei sogni
Fiasco Di Vino,,12,227,1881 Capacelli - Il vero libro dei sogni
Vaso,,13,227,1881 Capacelli - Il vero libro dei sogni
Palazzo,,14,227,1881 Capacelli - Il vero libro dei sogni
Lume Di Notte,,15,227,1881 Capacelli - Il vero libro dei sogni
Tamburo,,16,227,1881 Capacelli - Il vero libro dei sogni
It. Cane Cesto,,18,227,1881 Capacelli - Il vero libro dei sogni
It. Cane Cesto,umano Anello,21,227,1881 Capacelli - Il vero libro dei sogni
Caldaio Al Fuoco,,22,227,1881 Capacelli - Il vero libro dei sogni
Cadino,,23,227,1881 Capacelli - Il vero libro dei sogni
Istrice,,24,227,1881 Capacelli - Il vero libro dei sogni
Ventaglio,,25,227,1881 Capacelli - Il vero libro dei sogni
Grappo D'uva,,26,227,1881 Capacelli - Il vero libro dei sogni
Albero,,27,227,1881 Capacelli - Il vero libro dei sogni
Chiave,,28,227,1881 Capacelli - Il vero libro dei sogni
Graticola,,29,227,1881 Capacelli - Il vero libro dei sogni
Delfino Barca,,31,227,1881 Capacelli - Il vero libro dei sogni
Sirena Di Mar,,32,227,1881 Capacelli - Il vero libro dei sogni
Melone,,33,227,1881 Capacelli - Il vero libro dei sogni
Calamaio,,34,227,1881 Capacelli - Il vero libro dei sogni
Candeliere,,35,227,1881 Capacelli - Il vero libro dei sogni
Candeliere,con can dela accesa Cadrega,36,227,1881 Capacelli - Il vero libro dei sogni
Contadino,,37,227,1881 Capacelli - Il vero libro dei sogni
Quattro Dadi,,38,227,1881 Capacelli - Il vero libro dei sogni
Forbice,,39,227,1881 Capacelli - Il vero libro dei sogni
Leone,,40,227,1881 Capacelli - Il vero libro dei sogni
Secchione,,41,227,1881 Capacelli - Il vero libro dei sogni
Arpa,,42,227,1881 Capacelli - Il vero libro dei sogni
Campana,,43,227,1881 Capacelli - Il vero libro dei sogni
Arco Con Frecce,,44,227,1881 Capacelli - Il vero libro dei sogni
Soffietto,,45,227,1881 Capacelli - Il vero libro dei sogni
Compasso,,46,228,1881 Capacelli - Il vero libro dei sogni
Gallo,,68,228,1881 Capacelli - Il vero libro dei sogni
Una Torre,,47,228,1881 Capacelli - Il vero libro dei sogni
Bilancia,,60,228,1881 Capacelli - Il vero libro dei sogni
Calice,,48,228,1881 Capacelli - Il vero libro dei sogni
Corona Reale,,70,228,1881 Capacelli - Il vero libro dei sogni
Fornaio,,49,228,1881 Capacelli - Il vero libro dei sogni
Con,pane i . Porco,71,228,1881 Capacelli - Il vero libro dei sogni
Cavallo,,50,228,1881 Capacelli - Il vero libro dei sogni
Pesce,,72,228,1881 Capacelli - Il vero libro dei sogni
Sega,,51,228,1881 Capacelli - Il vero libro dei sogni
Ponte,,73,228,1881 Capacelli - Il vero libro dei sogni
Ruota,,52,228,1881 Capacelli - Il vero libro dei sogni
Pavone,,74,228,1881 Capacelli - Il vero libro dei sogni
Stivale,,53,228,1881 Capacelli - Il vero libro dei sogni
Fontana,,75,228,1881 Capacelli - Il vero libro dei sogni
Spaccalegna,,54,228,1881 Capacelli - Il vero libro dei sogni
Civetta,,76,228,1881 Capacelli - Il vero libro dei sogni
Cuor Con Frecce,,55,228,1881 Capacelli - Il vero libro dei sogni
Vaso Con Fieri,,77,228,1881 Capacelli - Il vero libro dei sogni
Botte,,56,228,1881 Capacelli - Il vero libro dei sogni
Ritratto,,78,228,1881 Capacelli - Il vero libro dei sogni
Serpe,,57,228,1881 Capacelli - Il vero libro dei sogni
Giglio,,79,228,1881 Capacelli - Il vero libro dei sogni
Scure,,58,228,1881 Capacelli - Il vero libro dei sogni
Scarpa,,80,228,1881 Capacelli - Il vero libro dei sogni
Melo Grano,,59,228,1881 Capacelli - Il vero libro dei sogni
Violino,,81,228,1881 Capacelli - Il vero libro dei sogni
Stella Organo,,82,228,1881 Capacelli - Il vero libro dei sogni
Occhiali,,61,228,1881 Capacelli - Il vero libro dei sogni
Oca,,83,228,1881 Capacelli - Il vero libro dei sogni
Scorpione,,62,228,1881 Capacelli - Il vero libro dei sogni
Tre Cipressi,,84,228,1881 Capacelli - Il vero libro dei sogni
Scopa,,63,228,1881 Capacelli - Il vero libro dei sogni
Coniglio,,85,228,1881 Capacelli - Il vero libro dei sogni
Cadregaro,,64,228,1881 Capacelli - Il vero libro dei sogni
Pino,,86,228,1881 Capacelli - Il vero libro dei sogni
Aquila,,65,228,1881 Capacelli - Il vero libro dei sogni
Rospo,,87,228,1881 Capacelli - Il vero libro dei sogni
Fiori Diversi,,66,228,1881 Capacelli - Il vero libro dei sogni
Pellegrino,,88,228,1881 Capacelli - Il vero libro dei sogni
Sabbia,,67,228,1881 Capacelli - Il vero libro dei sogni
Sabbia,con pupa- Pozzo,89,228,1881 Capacelli - Il vero libro dei sogni
Sabbia,gallo Gondola,90,228,1881 Capacelli - Il vero libro dei sogni
Cappuccino Nell'ultima,,1,229,1881 Capacelli - Il vero libro dei sogni
Cappuccino Nell'ultima,del mese Ritrovo un altro semplicetto,2,229,1881 Capacelli - Il vero libro dei sogni
Almeno,,3,229,1881 Capacelli - Il vero libro dei sogni
Almeno,le carte mie Lo presentano perfetto,4,229,1881 Capacelli - Il vero libro dei sogni
Quasi Sarei Per Dire,,5,229,1881 Capacelli - Il vero libro dei sogni
Quasi Sarei Per Dire,fra questi non,6 8,229,1881 Capacelli - Il vero libro dei sogni
Quasi Sarei Per Dire,può mancare Dunque via prendete,7,229,1881 Capacelli - Il vero libro dei sogni
Se Volete Guadagnare,,8,229,1881 Capacelli - Il vero libro dei sogni
Sugli Arcani Del Futuro,,10,229,1881 Capacelli - Il vero libro dei sogni
Per Primo Oppure,,14,229,1881 Capacelli - Il vero libro dei sogni
Per Primo Oppure,terzo Credete al mio dire,15,229,1881 Capacelli - Il vero libro dei sogni
Eccolo Ho Rivoltato,,18,230,1881 Capacelli - Il vero libro dei sogni
Anzi Tal Preciso,,19,230,1881 Capacelli - Il vero libro dei sogni
Mi Sembra Fuor Cavato,,20,230,1881 Capacelli - Il vero libro dei sogni
Ritrovo Ancor La Ventin,,21,230,1881 Capacelli - Il vero libro dei sogni
Propizia A Dar L'eletto,,22,230,1881 Capacelli - Il vero libro dei sogni
Fra Ventiquattro,,23,230,1881 Capacelli - Il vero libro dei sogni
Fra Ventiquattro,e ventisei Sortir dovrà perfetto,24,230,1881 Capacelli - Il vero libro dei sogni
Se Ben,,25,230,1881 Capacelli - Il vero libro dei sogni
Se Ben,studiate le estrazioni Ultimate,26,230,1881 Capacelli - Il vero libro dei sogni
Se Ben,di ogni mese Dir me lo saprete,27,230,1881 Capacelli - Il vero libro dei sogni
La Figura Del Terzo,,29,230,1881 Capacelli - Il vero libro dei sogni
La Figura Del Terzo,estratto Va regolata,30,230,1881 Capacelli - Il vero libro dei sogni
La Figura Del Terzo,col primo e quinto II prodotto o due di meno,31,230,1881 Capacelli - Il vero libro dei sogni
Perciò,,33,230,1881 Capacelli - Il vero libro dei sogni
Perciò,quasi vi giuro Come fuori lo crederei,34,230,1881 Capacelli - Il vero libro dei sogni
E Quarto Dovrei Sortir,,35,230,1881 Capacelli - Il vero libro dei sogni
Quel Ventiquattro,,36,230,1881 Capacelli - Il vero libro dei sogni
Quel Ventiquattro,o ventisei V'ho spiegato,37,230,1881 Capacelli - Il vero libro dei sogni
Quel Ventiquattro,ancor la prova Per farvi toccar con mano,38,230,1881 Capacelli - Il vero libro dei sogni
Come Tutti Chiar Vedrete,,39,230,1881 Capacelli - Il vero libro dei sogni
Quel,,41,230,1881 Capacelli - Il vero libro dei sogni
Quel,mese scorso troverete Che dava ottantacinque e ottantasetta,42,230,1881 Capacelli - Il vero libro dei sogni
Appunto Il Giorno Nove,,43,230,1881 Capacelli - Il vero libro dei sogni
Sorti Bea Chiar Perfetto,,44,230,1881 Capacelli - Il vero libro dei sogni
Procuriamo,,45,231,1881 Capacelli - Il vero libro dei sogni
Procuriamo,di ritrovare Altro punto in questa parte,46,231,1881 Capacelli - Il vero libro dei sogni
Che Non Sia Disprezzabile,,47,231,1881 Capacelli - Il vero libro dei sogni
E Fondato,,48,231,1881 Capacelli - Il vero libro dei sogni
E Fondato,ben sull'arte Sentite,49,231,1881 Capacelli - Il vero libro dei sogni
E Fondato,nei miei libri Ritrovo la cinquantina,50,231,1881 Capacelli - Il vero libro dei sogni
E Fondato,sarà estratto Parlarvi,55,231,1881 Capacelli - Il vero libro dei sogni
E Fondato,così libero In verità,56,231,1881 Capacelli - Il vero libro dei sogni
E Fondato,quasi son matto Parlo sempre per probabile,57,231,1881 Capacelli - Il vero libro dei sogni
Come Tutti Chiar,,59,231,1881 Capacelli - Il vero libro dei sogni
Come Tutti Chiar,sapete Che nascosto sta il futuro,60,231,1881 Capacelli - Il vero libro dei sogni
Per Quanto,,61,231,1881 Capacelli - Il vero libro dei sogni
Per Quanto,l'arte tien di cera Non manco a mio dovere,62,231,1881 Capacelli - Il vero libro dei sogni
Mostrandovi Li Più Probabili,,63,231,1881 Capacelli - Il vero libro dei sogni
Che Fuor Devon Cadere,,64,231,1881 Capacelli - Il vero libro dei sogni
Ancora Sulla Luna,,65,231,1881 Capacelli - Il vero libro dei sogni
Ritrovo,,66,231,1881 Capacelli - Il vero libro dei sogni
Ritrovo,queste prove Non saprei comprendere,67,231,1881 Capacelli - Il vero libro dei sogni
Perchè Risulta,,68,231,1881 Capacelli - Il vero libro dei sogni
Perchè Risulta,novantanove Potrei far zero,69,231,1881 Capacelli - Il vero libro dei sogni
O Pure Coda,alla più,70,231,1881 Capacelli - Il vero libro dei sogni
O Pure Coda,sessantasei Se siete d'opinione,71,231,1881 Capacelli - Il vero libro dei sogni
Così Fuori Lo Crederei,,72,231,1881 Capacelli - Il vero libro dei sogni
Procurate Di Ben Scegliere,,73,232,1881 Capacelli - Il vero libro dei sogni
Come,,75,232,1881 Capacelli - Il vero libro dei sogni
Come,credo certo il terno Dall'urna,76,232,1881 Capacelli - Il vero libro dei sogni
Come,sarà avverato Almeno così lo credo,77,232,1881 Capacelli - Il vero libro dei sogni
Ai Ventisette,,78,232,1881 Capacelli - Il vero libro dei sogni
Ai Ventisette,del mese Come spero soddisfare,79,232,1881 Capacelli - Il vero libro dei sogni
Ai Ventisette,il mio lettor cortese,80 30,232,1881 Capacelli - Il vero libro dei sogni
Rammentatevi Cari Amici,,81,232,1881 Capacelli - Il vero libro dei sogni
Lo Ripeto A Tutti,,83,232,1881 Capacelli - Il vero libro dei sogni
Lo Ripeto A Tutti,quanti A giocarlo,84,232,1881 Capacelli - Il vero libro dei sogni
Lo Ripeto A Tutti,come suol l'arte Capaci ben dell'arte,85,232,1881 Capacelli - Il vero libro dei sogni
Ora Dunque Ponderate,,87,232,1881 Capacelli - Il vero libro dei sogni
Se Vincere Volete,,88,232,1881 Capacelli - Il vero libro dei sogni
Ed Ancora Molto,,89,232,1881 Capacelli - Il vero libro dei sogni
Ed Ancora Molto,gaio Mi vedrete,90,232,1881 Capacelli - Il vero libro dei sogni
Salomone Nelle Parabole Cap,,27,235,1881 Capacelli - Il vero libro dei sogni
"Quando Si È Tirata Tutta La Somma, Si Fa La Prima Prova, Osservando",se tolti i resta il,12,236,1881 Capacelli - Il vero libro dei sogni
"Dopo Questo Si Aggiunga Alla Medesima Som Ma Il Numero Del Giorno Poi Il Nome Della Giornata Corrente Del Mese, Il Numero Delle Calende , E Finalmente Il Numero Del Giorno Della Luna; Fatto Questo Si Somma E Si Fa La Seconda Prova Osservando Se Tolti Via Tutti I",il numero,12,236,1881 Capacelli - Il vero libro dei sogni
Della Somma Che Ne Risulterà Se Ne,"leva il facendo la terza prova, osservando",12,236,1881 Capacelli - Il vero libro dei sogni
"Se Il Numero Residuale Sia Dei Rami D 'oro ; E Se Ciò Sia , È Segno Infallibile Dell'estrazione Del Numero ; Se Però Nella Prima Prova Il Nu Mero Residuale","è , e nella seconda , quel",1 11,236,1881 Capacelli - Il vero libro dei sogni
Primieramente Si Deve Ridurre Il Numero,come sotto dimostra,79,236,1881 Capacelli - Il vero libro dei sogni
Primieramente Si Deve Ridurre Il Numero,"rimane , che",7,236,1881 Capacelli - Il vero libro dei sogni
Dopa Si Aggiunge Il Numero Del Giorno Che,"è , poscia il numero",15,237,1881 Capacelli - Il vero libro dei sogni
"Del Giorno Corrente, Che","è il , poi il numero",16,237,1881 Capacelli - Il vero libro dei sogni
"Del Giorno Corrente, Che","calende, che è",1,237,1881 Capacelli - Il vero libro dei sogni
Poi Il Numero,"del giorno della luna, che è il ; fatta",20,237,1881 Capacelli - Il vero libro dei sogni
Poi Il Numero,"tutta la somma, che è il , levati i vi si fa",7 12,237,1881 Capacelli - Il vero libro dei sogni
"La Seconda Prova, Che Resta Il",ch'è numero,5,237,1881 Capacelli - Il vero libro dei sogni
344 E Ne Viene Della Qual,"somma toltone il resta il , che è fausto",2 3,237,1881 Capacelli - Il vero libro dei sogni
Esempio,e,1,237,1881 Capacelli - Il vero libro dei sogni
Esempio,di,3,237,1881 Capacelli - Il vero libro dei sogni
So Et,,9,237,1881 Capacelli - Il vero libro dei sogni
Toltone,avanza,12 7,237,1881 Capacelli - Il vero libro dei sogni
Giorno Della Settimana,,15,238,1881 Capacelli - Il vero libro dei sogni
Giorno Del Mese,,16,238,1881 Capacelli - Il vero libro dei sogni
Calende,,1,238,1881 Capacelli - Il vero libro dei sogni
Giorno Della Luna,,26,238,1881 Capacelli - Il vero libro dei sogni
Tolti I,,12,238,1881 Capacelli - Il vero libro dei sogni
Tolti I,avanza,14,238,1881 Capacelli - Il vero libro dei sogni
Somma Tolti I,,12,238,1881 Capacelli - Il vero libro dei sogni
Somma Tolti I,avanza,14,238,1881 Capacelli - Il vero libro dei sogni
Domenica,,13,238,1881 Capacelli - Il vero libro dei sogni
Lunedì,,18,238,1881 Capacelli - Il vero libro dei sogni
Martedì,,15,238,1881 Capacelli - Il vero libro dei sogni
Merco,ledì . Giovedì,25,238,1881 Capacelli - Il vero libro dei sogni
Venerdì,,11,238,1881 Capacelli - Il vero libro dei sogni
Sabato,,10,238,1881 Capacelli - Il vero libro dei sogni
Abcdefghik,,3,238,1881 Capacelli - Il vero libro dei sogni
Lmnopqrstv,,12,238,1881 Capacelli - Il vero libro dei sogni
