symbol,detail,numbers,page,source
Abate,vederlo fermo significa avere difficoltà per un breve periodo di tempo; 31,31,1,Smorfia napoletana - La vera cabala del lotto
Abate,ricevere la sua benedizione: significa che qualcuno pensa al tuo futuro; 47,47,1,Smorfia napoletana - La vera cabala del lotto
Abate,vederlo predicare: significa essere perseguitati dalla cattiva coscienza; 45,45,1,Smorfia napoletana - La vera cabala del lotto
Abate,vederlo vicino ad una suora: la fortuna è assicurata; 87,87,1,Smorfia napoletana - La vera cabala del lotto
Abate,vederlo ubriaco: significa forte insicurezza; 16,16,1,Smorfia napoletana - La vera cabala del lotto
Abate,vederlo venire verso di te: significa che un amico ti tradirà; 31,31,1,Smorfia napoletana - La vera cabala del lotto
Abate,vederlo dormire: bisogna essere pazienti e attendere con fiducia; 90,90,2,Smorfia napoletana - La vera cabala del lotto
Abate,vederlo grasso: è necessario rinunciare a qualche cosa per avere dei risultati; 17,17,2,Smorfia napoletana - La vera cabala del lotto
Abate,comportarsi male sotto questo abito: significa pietà sincera; 36,36,2,Smorfia napoletana - La vera cabala del lotto
Abate,vederlo amministrare i sacramenti: è presagio di una vita lunga; 70,70,2,Smorfia napoletana - La vera cabala del lotto
Abat-Jour,significa voler nascondere qualcosa a tutti; 42,42,2,Smorfia napoletana - La vera cabala del lotto
Abbaiare,abbaiare dei tuo cane: una persona amica ti aiuterà; 25,25,2,Smorfia napoletana - La vera cabala del lotto
Abbaiare,abbaiare di un cane sconosciuto: attenzione ad un pericolo; 17,17,2,Smorfia napoletana - La vera cabala del lotto
Abbaiare,abbaiare di molti cani: dispiaceri; 13,13,2,Smorfia napoletana - La vera cabala del lotto
Abbaiare,abbaiare di un cane rabbioso: riceverai insulti e gravi offese; 90,90,2,Smorfia napoletana - La vera cabala del lotto
Abbaino,se ti accontenti sarai felice; 13,13,2,Smorfia napoletana - La vera cabala del lotto
Abbaino,nuovo: stai per iniziare una nuova vita; 14,14,2,Smorfia napoletana - La vera cabala del lotto
Abbaino,fatiscente: cambierai ambiente; 23,23,2,Smorfia napoletana - La vera cabala del lotto
Abbaino,esservi rinchiuso: una situazione spiacevole ti sblocca; 27,27,2,Smorfia napoletana - La vera cabala del lotto
Abbandonare,"un amico: insincerità, tradimento; 75",75,2,Smorfia napoletana - La vera cabala del lotto
Abbandonare,essere abbandonato dalla famiglia: avrai presto un miglioramento finanziario; 63,63,2,Smorfia napoletana - La vera cabala del lotto
Abbandonare,essere abbandonato da amici: perderai dei denaro; 75,75,3,Smorfia napoletana - La vera cabala del lotto
Abbandonare,abbandonare una cane: hai seri problemi con la persona amata; 60,60,3,Smorfia napoletana - La vera cabala del lotto
Abbandonare,abbandonare la moglie: allegria; 37,37,3,Smorfia napoletana - La vera cabala del lotto
Abbandonare,abbandonare un mezzo di trasporto: riguardarsi dai pericoli; 14,14,3,Smorfia napoletana - La vera cabala del lotto
Abbandonare,abbandonare un rifugio sicuro: affrontare la vita; 4,4,3,Smorfia napoletana - La vera cabala del lotto
Abbandonare,abbandonare i genitori: significa miseria; 3,3,3,Smorfia napoletana - La vera cabala del lotto
Abbandonare,abbandonare il lavoro: significa sventura; 5,5,3,Smorfia napoletana - La vera cabala del lotto
Abbandonare,abbandonare i figli: temi la vecchiaia; 56,56,3,Smorfia napoletana - La vera cabala del lotto
Abbandonare,abbandonare l'amante: rivuoi la libertà; 73,73,3,Smorfia napoletana - La vera cabala del lotto
Abbassare,il capo: ti senti inferiore rispetto agli altri; 4,4,3,Smorfia napoletana - La vera cabala del lotto
Abbassare,gli occhi: sfuggi la realtà; 56,56,3,Smorfia napoletana - La vera cabala del lotto
Abbassare,il viso: avrai problemi che ti faranno piangere; 24,24,3,Smorfia napoletana - La vera cabala del lotto
Abbassare,le mani: desiderio di riposo; 55,55,3,Smorfia napoletana - La vera cabala del lotto
Abbattere,con l'ascia: la tua ricchezza diminuirà; 1,1,3,Smorfia napoletana - La vera cabala del lotto
Abbattere,alberi da frutto: malattia improvvisa; 32,32,3,Smorfia napoletana - La vera cabala del lotto
Abbattere,un nemico: supererai le difficoltà finanziarie; 81,81,3,Smorfia napoletana - La vera cabala del lotto
Abbattere,sentirsi abbattuto: per migliorare bisogna impegnarsi di più; 64,64,3,Smorfia napoletana - La vera cabala del lotto
Abbazia,desiderio di tranquillità; 22,22,3,Smorfia napoletana - La vera cabala del lotto
Abbellire,"sé stesso: avere fiducia, credere in sé stessi; 40",40,4,Smorfia napoletana - La vera cabala del lotto
Abbellire,la casa: segno di maturità; 2,2,4,Smorfia napoletana - La vera cabala del lotto
Abbellire,una stanza: voler migliorare alcuni aspetti di sé stesso; 84,84,4,Smorfia napoletana - La vera cabala del lotto
Abbeverare,un animale: aiuterai il prossimo; 27,27,4,Smorfia napoletana - La vera cabala del lotto
Abbeverare,abbeverarsi da una fonte: presagio; 56,56,4,Smorfia napoletana - La vera cabala del lotto
Abbigliarsi,con molta cura: ti sottovaluti; 30,30,4,Smorfia napoletana - La vera cabala del lotto
Abbigliarsi,con trascuratezza: aiuti da nemici; 34,34,4,Smorfia napoletana - La vera cabala del lotto
Abbondanza,povertà futura; 56,56,4,Smorfia napoletana - La vera cabala del lotto
Abbottonare,"il proprio vestito: fai attenzione, non rischiare; 16",16,4,Smorfia napoletana - La vera cabala del lotto
Abbottonare,il vestito a qualcuno: hai risolto una lite; 18,18,4,Smorfia napoletana - La vera cabala del lotto
Abbracciare,bisogno d'affetto; 85,85,4,Smorfia napoletana - La vera cabala del lotto
Abbracciare,una donna: ingiustizia; 76,76,4,Smorfia napoletana - La vera cabala del lotto
Abbracciare,animali: ingenuità; 22,22,4,Smorfia napoletana - La vera cabala del lotto
Abbracciare,figli: incomprensione;17,17,4,Smorfia napoletana - La vera cabala del lotto
Abbracciare,una statua: illusione; 14,14,4,Smorfia napoletana - La vera cabala del lotto
Abbreviare,la vita: non aver fretta di vivere intensamente; 26,26,4,Smorfia napoletana - La vera cabala del lotto
Abbreviare,il lavoro: è necessario un periodo di pausa; 1,1,4,Smorfia napoletana - La vera cabala del lotto
Abbreviare,la strada; desideri subito il successo; 45,45,4,Smorfia napoletana - La vera cabala del lotto
Abete,ottimo presagio; fortuna; 22,22,5,Smorfia napoletana - La vera cabala del lotto
Abisso,vederlo: sei vicino ad un tranello; 26,26,5,Smorfia napoletana - La vera cabala del lotto
Abisso,cadere: devi analizzare meglio te stesso; 44,44,5,Smorfia napoletana - La vera cabala del lotto
Abitante,di campagna: desiderio di un amore romantico; 55,55,5,Smorfia napoletana - La vera cabala del lotto
Abitante,"di città: freddezza, calcolo; 84",84,5,Smorfia napoletana - La vera cabala del lotto
Abitazione,fatiscente: hai un forte complesso di inferiorità; 40,40,5,Smorfia napoletana - La vera cabala del lotto
Abitazione,bella: desideri mostrarti migliore di quello che sei; 86,86,5,Smorfia napoletana - La vera cabala del lotto
Abitazione,"moderna: ottime prospettive per il futuro, 18",18,5,Smorfia napoletana - La vera cabala del lotto
Abitazione,da costruire: allegria e felici novità in famiglia; 79,79,5,Smorfia napoletana - La vera cabala del lotto
Abitazione,cambiaria: miglioramenti nel prossimo futuro; 42,42,5,Smorfia napoletana - La vera cabala del lotto
Abitazione,in campagna; desiderio di pace; 55,55,5,Smorfia napoletana - La vera cabala del lotto
Abito,"protezione, sicurezza; 82",82,5,Smorfia napoletana - La vera cabala del lotto
Abito,"adatto alla stagione: sei equilibrato, avrai successo, 87",87,5,Smorfia napoletana - La vera cabala del lotto
Abito,inadatto: grossi problemi da risolvere 28,28,5,Smorfia napoletana - La vera cabala del lotto
Abito,da sposa: sei contrario al matrimonio e alle tradizioni di famiglia; 3,3,5,Smorfia napoletana - La vera cabala del lotto
Abito,nuovo: se cerchi un lavoro nuovo io troverai; 15,15,5,Smorfia napoletana - La vera cabala del lotto
Abito,"scuro, nero: paura di imprevisti; 73",73,5,Smorfia napoletana - La vera cabala del lotto
Abito,"vecchio: voglia di cambiare, 62",62,5,Smorfia napoletana - La vera cabala del lotto
Abito,di lusso: senso di inferiorità; 2,2,5,Smorfia napoletana - La vera cabala del lotto
Abito,sporco e lacero: paura di nemici; 48,48,6,Smorfia napoletana - La vera cabala del lotto
Abito,da bambino: rinunci spesso alle tue responsabilità; 2,2,6,Smorfia napoletana - La vera cabala del lotto
Aborto,problemi in vista; 28,28,6,Smorfia napoletana - La vera cabala del lotto
Aborto,per spavento: accusa pericolosa; 74,74,6,Smorfia napoletana - La vera cabala del lotto
Aborto,spontaneo: paura delle responsabilità; 72,72,6,Smorfia napoletana - La vera cabala del lotto
Aborto,volontario: desiderio di libertà; 71,71,6,Smorfia napoletana - La vera cabala del lotto
Accampamento,di zingari: stai pensando ad un lungo viaggio; 16,16,6,Smorfia napoletana - La vera cabala del lotto
Accarezzare,animali domestici: fai attenzione all'invidia degli altri; 27,27,6,Smorfia napoletana - La vera cabala del lotto
Accarezzare,la consorte: soffri di solitudine; 17,17,6,Smorfia napoletana - La vera cabala del lotto
Accarezzare,l'amante: desiderio di lusso; 22,22,6,Smorfia napoletana - La vera cabala del lotto
Accarezzare,i genitori: hai dei complessi di colpa da cui devi liberarti; 30,30,6,Smorfia napoletana - La vera cabala del lotto
Accarezzare,animali selvatici: devi evitare di litigare; 3,3,6,Smorfia napoletana - La vera cabala del lotto
Accarezzare,morti: fortuna; 56,56,6,Smorfia napoletana - La vera cabala del lotto
Accatastare,oggetti inutili: sei troppo confuso; 31,31,6,Smorfia napoletana - La vera cabala del lotto
Accatastare,denaro e oggetti: spendi al di sopra delle tue possibilità; 63,63,6,Smorfia napoletana - La vera cabala del lotto
Accatastare,libri: necessiti di un periodo di meditazione; 64,64,6,Smorfia napoletana - La vera cabala del lotto
Accattone,devi avere fiducia in te stesso: 2,2,6,Smorfia napoletana - La vera cabala del lotto
Accattone,"per strada: mancanza di affetto, solitudine: 7",7,6,Smorfia napoletana - La vera cabala del lotto
Accendere,un fuoco: devi essere più tranquillo; 78,78,7,Smorfia napoletana - La vera cabala del lotto
Accendere,"una candela: periodo spensierato, allegro; 14",14,7,Smorfia napoletana - La vera cabala del lotto
Accendere,la luce: hai un problema che non riesci a risolvere; 14,14,7,Smorfia napoletana - La vera cabala del lotto
Accendere,una sigaretta: sei insicuro; 7,7,7,Smorfia napoletana - La vera cabala del lotto
Accendere,"il camino: tranquillità, sicurezza economica e finanziaria; 11",11,7,Smorfia napoletana - La vera cabala del lotto
Accettare,qualcuno o qualcosa: in questo momento il tuo umore è eccellente; 17,17,7,Smorfia napoletana - La vera cabala del lotto
Acciaio,incandescente: la tua decisione può essere nociva ad altri; 73,73,7,Smorfia napoletana - La vera cabala del lotto
Acciughe,pescarle: presto una gradita sorpresa; 13,13,7,Smorfia napoletana - La vera cabala del lotto
Acciughe,vive: hai paura di essere preso in giro; 75,75,7,Smorfia napoletana - La vera cabala del lotto
Acciughe,cotte: deterioramento dei rapporti sentimentali; 41,41,7,Smorfia napoletana - La vera cabala del lotto
Acciughe,mangiarle: desiderio sessuale; 3,3,7,Smorfia napoletana - La vera cabala del lotto
Accoltellare,evitare gesti o parole impulsive; 18,18,7,Smorfia napoletana - La vera cabala del lotto
Accoltellare,vedere accoltellare: sei tormentato da una rivalità in amore; 21,21,7,Smorfia napoletana - La vera cabala del lotto
Accompagnare,"un parente: avrai dei contrasti di interesse, 55",55,7,Smorfia napoletana - La vera cabala del lotto
Accompagnare,un morto: un affare è andato molto male; 37,37,7,Smorfia napoletana - La vera cabala del lotto
Accompagnare,un amico: è importante parlare del lavoro; 43,43,7,Smorfia napoletana - La vera cabala del lotto
Accompagnare,a cerimonia nuziale: prossima eredità; 53,53,8,Smorfia napoletana - La vera cabala del lotto
Accoppiare,"due animali: vincita, abbondanza; 68",68,8,Smorfia napoletana - La vera cabala del lotto
Accorrere In Aiuto,disgrazia vicina; 26,26,8,Smorfia napoletana - La vera cabala del lotto
Accumulare Ricchezze,perdita di denaro; 42,42,8,Smorfia napoletana - La vera cabala del lotto
Accusare,essere accusati: in arrivo brutte notizie; 72,72,8,Smorfia napoletana - La vera cabala del lotto
Accusare,un parente: malattia; 6,6,8,Smorfia napoletana - La vera cabala del lotto
Aceto,gelosia; 75,75,8,Smorfia napoletana - La vera cabala del lotto
Aceto,"bianco: decadimento, rovina; 13",13,8,Smorfia napoletana - La vera cabala del lotto
Aceto,rosso: hai insultato qualcuno; 27,27,8,Smorfia napoletana - La vera cabala del lotto
Aceto,preparalo: sarai scorretto; 38,38,8,Smorfia napoletana - La vera cabala del lotto
Aceto,condire: risolvi una lite: 2,2,8,Smorfia napoletana - La vera cabala del lotto
Aceto,versarlo accidentalmente: giudichi qualcuno in modo errato; 63,63,8,Smorfia napoletana - La vera cabala del lotto
Acqua,calda: malattia in vista; 30,30,8,Smorfia napoletana - La vera cabala del lotto
Acqua,fredda: odio dichiarato; 69,69,8,Smorfia napoletana - La vera cabala del lotto
Acqua,che bolle: puoi fare grandi acquisti; 37,37,8,Smorfia napoletana - La vera cabala del lotto
Acqua,che si rovescia: sei osservato; 80,80,8,Smorfia napoletana - La vera cabala del lotto
Acqua,sporca: precauzione; 34,34,8,Smorfia napoletana - La vera cabala del lotto
Acqua,versarne: incendio; 88,88,8,Smorfia napoletana - La vera cabala del lotto
Acqua,"dal rubinetto: essere tormentati, 45",45,9,Smorfia napoletana - La vera cabala del lotto
Acqua,di sorgente: spensieratezza; 40,40,9,Smorfia napoletana - La vera cabala del lotto
Acqua,benedetta: tranquillità; 3,3,9,Smorfia napoletana - La vera cabala del lotto
Acqua,berla: nascita in famiglia; 6,6,9,Smorfia napoletana - La vera cabala del lotto
Acqua,distillata: purezza; 17,17,9,Smorfia napoletana - La vera cabala del lotto
Acqua,in bottiglia: desideri di forti emozioni; 13,13,9,Smorfia napoletana - La vera cabala del lotto
Acqua,di mare: grandi viaggi si prospetteranno; 36,36,9,Smorfia napoletana - La vera cabala del lotto
Acqua,bagnarsi: cambiamento; 87,87,9,Smorfia napoletana - La vera cabala del lotto
Acqua,"di colonia: il tuo obiettivo è avere successo, 11",11,9,Smorfia napoletana - La vera cabala del lotto
Acqua,piovana: riceverai un premio gradito; 6,6,9,Smorfia napoletana - La vera cabala del lotto
Acqua,cadere in acqua bollente: sei abbandonato dalla fortuna: 37,37,9,Smorfia napoletana - La vera cabala del lotto
Acquavite,"berla: desideri dimenticare i tuoi guai, 53",53,9,Smorfia napoletana - La vera cabala del lotto
Acquavite,assaggiarla: ami i piaceri della vita; 50,50,9,Smorfia napoletana - La vera cabala del lotto
Acquisto,"di auto: presto ci saranno dei cambiamenti, 18",18,9,Smorfia napoletana - La vera cabala del lotto
Acquisto,"di merce: le sofferenze stanno per finire, 88",88,9,Smorfia napoletana - La vera cabala del lotto
Acquisto,"di casa: desiderio di cambiare la propria situazione, 12",12,9,Smorfia napoletana - La vera cabala del lotto
Acquisto,di terreno: cambierai lavoro 6,6,9,Smorfia napoletana - La vera cabala del lotto
Addentare,pane: ottimo rapporto con la natura; 16,16,9,Smorfia napoletana - La vera cabala del lotto
Addentare,carne: successo sentimentale; 27,27,9,Smorfia napoletana - La vera cabala del lotto
Addentare,frutta: riconoscimenti nel campo dei lavoro; 30,30,9,Smorfia napoletana - La vera cabala del lotto
Addentare,"essere addentato: malattia, artrite; 46",46,9,Smorfia napoletana - La vera cabala del lotto
Addormentarsi,buone notizie; 10,10,10,Smorfia napoletana - La vera cabala del lotto
Addormentarsi,da soli: cambierai ambiente; 45,45,10,Smorfia napoletana - La vera cabala del lotto
Addormentarsi,in campagna: matrimonio in vista; 67,67,10,Smorfia napoletana - La vera cabala del lotto
Adulterio,commetterlo: qualcuno sparla di te; 40,40,10,Smorfia napoletana - La vera cabala del lotto
Adulterio,esserne vittima: il coniuge ti è fedelissimo; 33,33,10,Smorfia napoletana - La vera cabala del lotto
Adulterio,esserne pentito: scoprirai cosa desideri veramente; 3,3,10,Smorfia napoletana - La vera cabala del lotto
Aeroporto,trovi difficoltà ad organizzare il tuo tempo; 42,42,10,Smorfia napoletana - La vera cabala del lotto
Affannarsi,sei troppo calmo e tranquillo; 3,3,10,Smorfia napoletana - La vera cabala del lotto
Affogare,"nel mare: cambierai attività e incontrerai delle difficoltà, 2",2,10,Smorfia napoletana - La vera cabala del lotto
Affogare,sé stessi: guadagno; 5,5,10,Smorfia napoletana - La vera cabala del lotto
Affogare,qualcuno: hai paura di non essere sufficientemente amato; 3,3,10,Smorfia napoletana - La vera cabala del lotto
Affrettarsi,insicurezza interiore; 90,90,10,Smorfia napoletana - La vera cabala del lotto
Affrontare,"animali feroci: sei circondato da persone ostili, 49",49,10,Smorfia napoletana - La vera cabala del lotto
Affrontare,nemici; complicazioni affettive; 9,9,10,Smorfia napoletana - La vera cabala del lotto
Aggirare,un ostacolo: non considerarti troppo furbo; 71,71,10,Smorfia napoletana - La vera cabala del lotto
Aggrapparsi,a qualcosa: devi essere forte d'animo; 61,61,11,Smorfia napoletana - La vera cabala del lotto
Aggressione,visita non gradita; 90,90,11,Smorfia napoletana - La vera cabala del lotto
Aggressione,di giorno: hai paura degli istinti; 15,15,11,Smorfia napoletana - La vera cabala del lotto
Aggressione,di notte: una donna niente per interesse; 83,83,11,Smorfia napoletana - La vera cabala del lotto
Aguzzino,noie; 77/89,77 89,11,Smorfia napoletana - La vera cabala del lotto
Aglio,mangiarlo: stai attraversando un periodo triste; 9,9,11,Smorfia napoletana - La vera cabala del lotto
Aglio,piantarlo: ti attende un'avventura sentimentale molto piacevole; 35,35,11,Smorfia napoletana - La vera cabala del lotto
Aglio,coglierlo: discussioni con i tuoi familiari; 41,41,11,Smorfia napoletana - La vera cabala del lotto
Aglio,cucinarlo: vita affettiva ricca; 12,12,11,Smorfia napoletana - La vera cabala del lotto
Agnello,pazienza; 21/15,21 15,11,Smorfia napoletana - La vera cabala del lotto
Agnello,accarezzare un agnello: stai trovando un amico; 57,57,11,Smorfia napoletana - La vera cabala del lotto
Agnello,tosare un agnello perdi denaro; 59,59,11,Smorfia napoletana - La vera cabala del lotto
Agnello,portare in spalla un agnello: avvenire assicurato; 4/89,4 89,11,Smorfia napoletana - La vera cabala del lotto
Agnello,comperarlo: la felicità è vicina; 6,6,11,Smorfia napoletana - La vera cabala del lotto
Agnello,vederlo pascolare: i figli ti danno grandi soddisfazioni; 67,67,11,Smorfia napoletana - La vera cabala del lotto
Agnello,ucciderlo: non lasciarli influenzare dai cattivi consigli; 64,64,11,Smorfia napoletana - La vera cabala del lotto
Ago,problemi nel campo sentimentale; 16/60,16 60,11,Smorfia napoletana - La vera cabala del lotto
Ago,"perderlo: insicurezza, 40",40,11,Smorfia napoletana - La vera cabala del lotto
Ago,essere punti: desideri sessuali; 12,12,11,Smorfia napoletana - La vera cabala del lotto
Agonia,di sé stessi: non sei capace di effettuare i cambiamenti che vorresti 49,49,12,Smorfia napoletana - La vera cabala del lotto
Agonia,assistere: presagio di buona salute; 85,85,12,Smorfia napoletana - La vera cabala del lotto
Agosto,poca voglia di lavorare; 8,8,12,Smorfia napoletana - La vera cabala del lotto
Agricoltore,diventerai ricco coi tuo lavoro; 77,77,12,Smorfia napoletana - La vera cabala del lotto
Agrumi,vederne in quantità: abbondanza e novità piacevoli; 79,79,12,Smorfia napoletana - La vera cabala del lotto
Agrumi,mangiarne: sacrifici; 41,41,12,Smorfia napoletana - La vera cabala del lotto
Airone,sarai ingannato: 28,28,12,Smorfia napoletana - La vera cabala del lotto
Aiuto,chiederlo: inconsciamente vuoi aiutare qualcuno; 9,9,12,Smorfia napoletana - La vera cabala del lotto
Alba,il tuo avvenire è interessante; 32,32,12,Smorfia napoletana - La vera cabala del lotto
Albergo,riposo; 32,32,12,Smorfia napoletana - La vera cabala del lotto
Albergo,vederlo: tormento 76,76,12,Smorfia napoletana - La vera cabala del lotto
Albergo,confortevole: periodo felice; 83,83,12,Smorfia napoletana - La vera cabala del lotto
Albergo,notturno: il tuo entusiasmo crollerà; 46,46,12,Smorfia napoletana - La vera cabala del lotto
Albero,verde: speranza; 35,35,13,Smorfia napoletana - La vera cabala del lotto
Albero,fiorito: gioia 73,73,13,Smorfia napoletana - La vera cabala del lotto
Albero,"diritto: buone notizie, 23/24/47",23 24 47,13,Smorfia napoletana - La vera cabala del lotto
Albero,"con frutti: hai tantissimi amici, 41",41,13,Smorfia napoletana - La vera cabala del lotto
Albero,"ingiallito: futura e grave infermità, 1",1,13,Smorfia napoletana - La vera cabala del lotto
Albero,"di Natale: gioia e felicità, la famiglia è unita; 33/90/15",33 90 15,13,Smorfia napoletana - La vera cabala del lotto
Albero,sempre verde: hai un forte carattere: 71,71,13,Smorfia napoletana - La vera cabala del lotto
Albero,"infranto: problemi in famiglia, 40",40,13,Smorfia napoletana - La vera cabala del lotto
Albero,secco: lutto familiare; 33,33,13,Smorfia napoletana - La vera cabala del lotto
Albero,arrampicarsi: desiderio sessuale; 3,3,13,Smorfia napoletana - La vera cabala del lotto
Albero,"addormentarsi sotto un albero: abbandono, 8/69",8 69,13,Smorfia napoletana - La vera cabala del lotto
Albero,rifugiarsi sotto: bisogno di protezione; 70,70,13,Smorfia napoletana - La vera cabala del lotto
Albero,piantarlo: progetti per il futuro; 73,73,13,Smorfia napoletana - La vera cabala del lotto
Albero,"trovarsi dentro: prosperità, 13",13,13,Smorfia napoletana - La vera cabala del lotto
Albero,storto: nemici 85,85,13,Smorfia napoletana - La vera cabala del lotto
Albero,"d'olivo: tranquillità, pace; i tuoi desideri si avvereranno; 1",1,13,Smorfia napoletana - La vera cabala del lotto
Albero,di ontano: sereno avvenire; 56,56,13,Smorfia napoletana - La vera cabala del lotto
Albero,di pesche: piccole contrarietà; 8/41,8 41,13,Smorfia napoletana - La vera cabala del lotto
Albero,di sambuco: malattia 12,12,13,Smorfia napoletana - La vera cabala del lotto
Albero,di fichi maturi: farai un bellissimo viaggio 8,8,13,Smorfia napoletana - La vera cabala del lotto
Albero,"di noci o di mandorle: gioia e denaro, 9/26",9 26,13,Smorfia napoletana - La vera cabala del lotto
Albero,della nave: vorresti migliorarti; 42,42,13,Smorfia napoletana - La vera cabala del lotto
Albicocche,"necessiti di riposo, di qualche momento di evasione; 65",65,13,Smorfia napoletana - La vera cabala del lotto
Albicocche,"mangiarne durante la stagione: salute, gioia; 25/40",25 40,14,Smorfia napoletana - La vera cabala del lotto
Albicocche,mangiarne fuori la stagione: speranze svanite; 3/56,3 56,14,Smorfia napoletana - La vera cabala del lotto
Albicocche,secche: noia; 21/36,21 36,14,Smorfia napoletana - La vera cabala del lotto
Album Di Fotografie,ricordi graditi 5/81,5 81,14,Smorfia napoletana - La vera cabala del lotto
Alfabeto,tutte le lettere scritte: chiarezza di vedute; 11,11,14,Smorfia napoletana - La vera cabala del lotto
Alimenti,abbondanza; 89,89,14,Smorfia napoletana - La vera cabala del lotto
Allacciare,le scarpe: sei in una situazione senza uscita; 80,80,14,Smorfia napoletana - La vera cabala del lotto
Allacciare,qualche cosa: migliorano i tuoi rapporti sentimentali; 30,30,14,Smorfia napoletana - La vera cabala del lotto
Allagamento,problemi personali; 27,27,14,Smorfia napoletana - La vera cabala del lotto
Allagamento,in campagna: i tuoi successi amorosi svaniscono; 17,17,14,Smorfia napoletana - La vera cabala del lotto
Allagamento,in città: attenzione ai tuoi nemici che vogliono nuocerti; 27,27,14,Smorfia napoletana - La vera cabala del lotto
Allagamento,allagare la casa: segno di maturità e di crescita; 50,50,14,Smorfia napoletana - La vera cabala del lotto
Allattare,per una donna: senso di responsabilità; 15,15,14,Smorfia napoletana - La vera cabala del lotto
Allattare,il proprio figlio: avrai difficoltà a crescerò i figli; 13,13,14,Smorfia napoletana - La vera cabala del lotto
Allattare,"vedere una donna che allatta: desiderio di tranquillità, di pace; 44",44,14,Smorfia napoletana - La vera cabala del lotto
Allegria,sensazione nel sogno: leggerezza; 71,71,14,Smorfia napoletana - La vera cabala del lotto
Allevare,incremento nel lavoro; 78,78,15,Smorfia napoletana - La vera cabala del lotto
Allevare,"animali: vuoi sempre avere in mano la situazione, 75",75,15,Smorfia napoletana - La vera cabala del lotto
Allevare,"figli: desiderio di sicurezza affettiva, 3",3,15,Smorfia napoletana - La vera cabala del lotto
Allievo,essere un allievo: qualcosa che devi affrontare ti fa paura; 1,1,15,Smorfia napoletana - La vera cabala del lotto
Allineare,degli oggetti: perdita di tempo: 4,4,15,Smorfia napoletana - La vera cabala del lotto
Allontanarsi,dagli amici: hai un animo sereno; 31,31,15,Smorfia napoletana - La vera cabala del lotto
Allontanarsi,dall'amante: i problemi che ti preoccupano andranno a buon fine; 39,39,15,Smorfia napoletana - La vera cabala del lotto
Allontanarsi,di casa: ti senti minacciato; 45,45,15,Smorfia napoletana - La vera cabala del lotto
Allontanarsi,dai genitori: devi verificare la tua autonomia; 42,42,15,Smorfia napoletana - La vera cabala del lotto
Allontanarsi,dal mondo: desideri iniziare una nuova vita: 9,9,15,Smorfia napoletana - La vera cabala del lotto
Allontanarsi,dal coniuge: la solita vita ti stanca: 69,69,15,Smorfia napoletana - La vera cabala del lotto
Allontanarsi,dal lavoro: sei alla ricerca di una libertà che ti manca; 15,15,15,Smorfia napoletana - La vera cabala del lotto
Alloro,corona di alloro: successo: 90,90,15,Smorfia napoletana - La vera cabala del lotto
Alloro,foglie: il tuo buon senso ti aiuterà; 8,8,15,Smorfia napoletana - La vera cabala del lotto
Alluvione,una lettera ti porterà delle novità; 74,74,15,Smorfia napoletana - La vera cabala del lotto
Altalena,fortissimo desiderio sessuale; 30,30,15,Smorfia napoletana - La vera cabala del lotto
Altare,inginocchiarsi: rispetto per l'autorità; 30,30,16,Smorfia napoletana - La vera cabala del lotto
Altare,con fiori: pensi ai patrimonio ma non lo dici: 90,90,16,Smorfia napoletana - La vera cabala del lotto
Altare,"spoglio: hai avuto una grande delusione, 51",51,16,Smorfia napoletana - La vera cabala del lotto
Altare,"distrutto, rovesciato: malinconia, noia; 70",70,16,Smorfia napoletana - La vera cabala del lotto
Altare,"demolirlo: disgrazie gravi, disperazione; perdita di figli; 30",30,16,Smorfia napoletana - La vera cabala del lotto
Altezza,essere in alta: gioia; 90,90,16,Smorfia napoletana - La vera cabala del lotto
Altezza,di un uomo: sfortuna nell'amore; 21,21,16,Smorfia napoletana - La vera cabala del lotto
Altezza,di un palazzo: stai andando incontro a gravi difficoltà 29,29,16,Smorfia napoletana - La vera cabala del lotto
Alveare,"ricchezza, abbondanza; 33",33,16,Smorfia napoletana - La vera cabala del lotto
Alzare,qualcosa: buone novità; 22,22,16,Smorfia napoletana - La vera cabala del lotto
Alzare,la voce: controllati; 7,7,16,Smorfia napoletana - La vera cabala del lotto
Alzare,le mani: sei debole e non sai difenderti. 55,55,16,Smorfia napoletana - La vera cabala del lotto
Alzare,la testa: devi prenderti una rivincita; 80,80,16,Smorfia napoletana - La vera cabala del lotto
Alzare,gli occhi: riceverai delle scuse da chi ti ha offeso; 86,86,16,Smorfia napoletana - La vera cabala del lotto
Alzarsi,"dalla sedia: buone notizie, uno visita inattesa; 3",3,16,Smorfia napoletana - La vera cabala del lotto
Alzarsi,dal letto: malattia; 80,80,16,Smorfia napoletana - La vera cabala del lotto
Amante,"infedele: presto la tua costanza in amore verrà premiata, 87",87,16,Smorfia napoletana - La vera cabala del lotto
Amante,calmo e sereno: il tuo amante ti è fedele; 52,52,17,Smorfia napoletana - La vera cabala del lotto
Amante,fare l'amore con: pensi ancora a una storia passata; 39,39,17,Smorfia napoletana - La vera cabala del lotto
Amante,che ti abbandona: sei sicuro di te stesso: 87,87,17,Smorfia napoletana - La vera cabala del lotto
Amante,che ti bada: avrai un regalo motto gradito; 86,86,17,Smorfia napoletana - La vera cabala del lotto
Amante,geloso/a: ti sei reso conto di quanto la vita è difficile; 39,39,17,Smorfia napoletana - La vera cabala del lotto
Amante,tuo/a: lotti per essere felice; 80,80,17,Smorfia napoletana - La vera cabala del lotto
Amare,il padre: ti senti incompreso; 15,15,17,Smorfia napoletana - La vera cabala del lotto
Amare,la madre: hai avuto successo sul lavoro; 52,52,17,Smorfia napoletana - La vera cabala del lotto
Amare,la sorella: attraversi un momento di tranquillità interiore; 4,4,17,Smorfia napoletana - La vera cabala del lotto
Amare,il fratello: sei geloso nei suoi confronti: 3,3,17,Smorfia napoletana - La vera cabala del lotto
Amare,una persona sconosciuta: sei narcisista; 66,66,17,Smorfia napoletana - La vera cabala del lotto
Amare,il compagno/a: desideri sentirti protetto; 48,48,17,Smorfia napoletana - La vera cabala del lotto
Amarena,mangiarne: hai un carattere molto dolce; 55,55,17,Smorfia napoletana - La vera cabala del lotto
Ambo,"buon presagio, possibile vincita al lotto: 40",40,17,Smorfia napoletana - La vera cabala del lotto
Ambulanza,"vuota, una persona cara morirà; 89",89,17,Smorfia napoletana - La vera cabala del lotto
Ambulanza,con un ferito a bordo: salute in famiglia; 90,90,17,Smorfia napoletana - La vera cabala del lotto
America,sognare di andarci: ottimi affari;18,18,17,Smorfia napoletana - La vera cabala del lotto
Amici,offendere gli: presto h ammalerai; 13,13,17,Smorfia napoletana - La vera cabala del lotto
Amici,venire offeso dagli: ti arriveranno delle buone notizie: 66,66,18,Smorfia napoletana - La vera cabala del lotto
Amici,vecchi amici: hai bisogno di sicurezza; 17,17,18,Smorfia napoletana - La vera cabala del lotto
Amici,"trovarne di nuovi: buon presagio, gioia e felicità; 23",23,18,Smorfia napoletana - La vera cabala del lotto
Amici,"ridere con: litigi, rotture; 21",21,18,Smorfia napoletana - La vera cabala del lotto
Ammalato,esserlo: dolore; 10,10,18,Smorfia napoletana - La vera cabala del lotto
Ammalato,"visitare un: raggiungerai il tuo scopo, 67",67,18,Smorfia napoletana - La vera cabala del lotto
Ammalato,consolare un:felicità; 21,21,18,Smorfia napoletana - La vera cabala del lotto
Ammazzare,api o uccelli: danno; 44,44,18,Smorfia napoletana - La vera cabala del lotto
Ammazzare,le mosche: pigrizia; 18,18,18,Smorfia napoletana - La vera cabala del lotto
Ammazzare,serpenti: supererai delle difficoltà; 28,28,18,Smorfia napoletana - La vera cabala del lotto
Ammazzare,"la moglie: non hai più voglia di agire, sei depresso; 71",71,18,Smorfia napoletana - La vera cabala del lotto
Ammazzare,il marito: insicurezza; 83,83,18,Smorfia napoletana - La vera cabala del lotto
Ammazzare,per gelosia: non temi nulla; 27,27,18,Smorfia napoletana - La vera cabala del lotto
Ammazzare,"per legittima difesa: attenzione agli amici falsi, 77",77,18,Smorfia napoletana - La vera cabala del lotto
Ammazzare,la madre: possibile crollo dei tuoi affari; 90,90,18,Smorfia napoletana - La vera cabala del lotto
Ammirare,vivi in un ambiente povero; 19,19,18,Smorfia napoletana - La vera cabala del lotto
Ammobiliare,a casa: viaggio; 75,75,18,Smorfia napoletana - La vera cabala del lotto
Ammogliarsi,se sei sposato il tuo matrimonio è in pericolo; 73,73,18,Smorfia napoletana - La vera cabala del lotto
Ammuffire,un cibo: hai paura di non arrivare mai a tempo 7,7,19,Smorfia napoletana - La vera cabala del lotto
Amore,essere respinti: il successo ti arriverà; 23,23,19,Smorfia napoletana - La vera cabala del lotto
Amore,con una prostituta: felicità 82,82,19,Smorfia napoletana - La vera cabala del lotto
Amore,corrisposto: infelicità imminente; 2,2,19,Smorfia napoletana - La vera cabala del lotto
Analfabeta,essere: ti senti impotente: 82,82,19,Smorfia napoletana - La vera cabala del lotto
Analfabeta,vedere qualcuno: ti senti superiore; 83,83,19,Smorfia napoletana - La vera cabala del lotto
Ancora,fuori dell'acqua: sei sicuro di te stesso; 22,22,19,Smorfia napoletana - La vera cabala del lotto
Ancora,gettarla: i tuoi progetti si realizzeranno facilmente; 58,58,19,Smorfia napoletana - La vera cabala del lotto
Anello,prossimo matrimonio; 10,10,19,Smorfia napoletana - La vera cabala del lotto
Anello,d'oro: presagio di morte; 19,19,19,Smorfia napoletana - La vera cabala del lotto
Anello,di brillanti: grande avidità; 24,24,19,Smorfia napoletana - La vera cabala del lotto
Anello,di bronzo: successi scarsi; 1,1,19,Smorfia napoletana - La vera cabala del lotto
Anello,di acciaio: se vuoi vincere devi lottare molto; 77,77,19,Smorfia napoletana - La vera cabala del lotto
Anello,"con rubini: amerai due donne, 77",77,19,Smorfia napoletana - La vera cabala del lotto
Anello,di ferro: la tua libertà è in pericolo; 47,47,19,Smorfia napoletana - La vera cabala del lotto
Anello,infilarlo: desiderio sessuale; 35,35,19,Smorfia napoletana - La vera cabala del lotto
Anello,sfilarlo: rompere un legame; 13,13,19,Smorfia napoletana - La vera cabala del lotto
Anello,riceverlo in dono: sicurezza; 78,78,19,Smorfia napoletana - La vera cabala del lotto
Anello,donarlo: perdita; 18,18,19,Smorfia napoletana - La vera cabala del lotto
Anello,trovarlo: avrai visite inaspettate; 38,38,19,Smorfia napoletana - La vera cabala del lotto
Angelo,vederlo in volo: purezza;39,39,20,Smorfia napoletana - La vera cabala del lotto
Angelo,per i malati: la convalescenza sarà lunga: 47,47,20,Smorfia napoletana - La vera cabala del lotto
Angelo,per i sani: buone notizie in arrivo; 67,67,20,Smorfia napoletana - La vera cabala del lotto
Angelo,dorato: i grandi progetti non si realizzeranno; 23,23,20,Smorfia napoletana - La vera cabala del lotto
Angoscia,sensazione di presagio di sfortuna; 61,61,20,Smorfia napoletana - La vera cabala del lotto
Animale,che ti insegue: devi essere più deciso; 36,36,20,Smorfia napoletana - La vera cabala del lotto
Animale,domestico: soddisfazioni nella sfera affettiva; 22,22,20,Smorfia napoletana - La vera cabala del lotto
Animale,feroce: cerchi di fuggire ad una minaccia; 65,65,20,Smorfia napoletana - La vera cabala del lotto
Animale,che parla: non sempre chi parla molto è sapiente 8,8,20,Smorfia napoletana - La vera cabala del lotto
Anniversario,buone notizie; 49,49,20,Smorfia napoletana - La vera cabala del lotto
Annodare,vorresti essere più considerato; 28,28,20,Smorfia napoletana - La vera cabala del lotto
Annodare,la cravatta: vincita al lotto; 11,11,20,Smorfia napoletana - La vera cabala del lotto
Annullare,una partenza: sei troppo influenzabile; 1,1,20,Smorfia napoletana - La vera cabala del lotto
Ansia,sensazione di: sei alla ricerca di nuovi interessi; 29,29,20,Smorfia napoletana - La vera cabala del lotto
Antipasto,"mangiarne: esattezza, precisione, 30",30,21,Smorfia napoletana - La vera cabala del lotto
Antipatia,i tuoi superiori ti apprezzano;77/44,77 44,21,Smorfia napoletana - La vera cabala del lotto
Anulare,dito: speri di accasarti; 1,1,21,Smorfia napoletana - La vera cabala del lotto
Ape,ricchezza; 66,66,21,Smorfia napoletana - La vera cabala del lotto
Ape,che fugge: sei alla ricerca dei piacere; 35,35,21,Smorfia napoletana - La vera cabala del lotto
Ape,sul fiore: desideri benessere e tranquillità; 61,61,21,Smorfia napoletana - La vera cabala del lotto
Ape,che vola: tormento; 80,80,21,Smorfia napoletana - La vera cabala del lotto
Ape,sciame: fuoco: 63,63,21,Smorfia napoletana - La vera cabala del lotto
Ape,morta: perdita e rovina; 5/32,5 32,21,Smorfia napoletana - La vera cabala del lotto
Appannare,i vetri di una finestra: vuoi convincerli di qualcosa; 15,15,21,Smorfia napoletana - La vera cabala del lotto
Appannare,finestrini della macchina: mancanza di sicurezza; 12,12,21,Smorfia napoletana - La vera cabala del lotto
Appartamento,vuoto: devi migliorarti culturalmente; 18,18,21,Smorfia napoletana - La vera cabala del lotto
Appartamento,arredato: ricchezza interiore; 2,2,21,Smorfia napoletana - La vera cabala del lotto
Appartamento,"povero: inizierà un periodo fortunato, 19",19,21,Smorfia napoletana - La vera cabala del lotto
Appendere,malattia breve; 1/22,1 22,21,Smorfia napoletana - La vera cabala del lotto
Appetito,desiderio sessuale; 68,68,21,Smorfia napoletana - La vera cabala del lotto
Applaudire,"essere applauditi: sei vanitoso, hai anche dei meriti; 78",78,22,Smorfia napoletana - La vera cabala del lotto
Appoggiarsi,ad un bastone: sei esaurito; 44,44,22,Smorfia napoletana - La vera cabala del lotto
Appoggiarsi,ad una persona: hai bisogno di un compagno; 44,44,22,Smorfia napoletana - La vera cabala del lotto
Appoggiarsi,al muro: stai cercando una posizione sicura; 8,8,22,Smorfia napoletana - La vera cabala del lotto
Appuntamento,amoroso: forte gelosia; 3,3,22,Smorfia napoletana - La vera cabala del lotto
Appuntamento,d'affari: desideri una vita più movimentata; 4,4,22,Smorfia napoletana - La vera cabala del lotto
Aprire,una lettera: sei a conoscenza di un segreto che vorresti ignorare; 24,24,22,Smorfia napoletana - La vera cabala del lotto
Aprire,gli occhi: sei realista; 29,29,22,Smorfia napoletana - La vera cabala del lotto
Aprire,la porta di casa: la tua esistenza subirà una svolta decisiva; 18,18,22,Smorfia napoletana - La vera cabala del lotto
Aquila,"che vola: ambizione; guadagno, sicurezza: 11/58",11 58,22,Smorfia napoletana - La vera cabala del lotto
Aquila,"averla sopra la testa: morte, infelicità; 53",53,22,Smorfia napoletana - La vera cabala del lotto
Aquila,bianca: segno di lutto; 71,71,22,Smorfia napoletana - La vera cabala del lotto
Aquila,"ucciderla: desideri appagali, 27",27,22,Smorfia napoletana - La vera cabala del lotto
Aquila,addomesticarla: uomini potenti ti aiuteranno; 52,52,22,Smorfia napoletana - La vera cabala del lotto
Aquila,vederne molte in cielo: la tua ricchezza si moltiplicherà; 9,9,22,Smorfia napoletana - La vera cabala del lotto
Aragosta,cerchi di apparire migliore di quello che sei; 56,56,22,Smorfia napoletana - La vera cabala del lotto
Arancia,"mangiarla: ferite; dolori, 4/44",4 44,22,Smorfia napoletana - La vera cabala del lotto
Arancia,bere una spremuta: vuoi sempre il meglio senza sforzarti; 52,52,23,Smorfia napoletana - La vera cabala del lotto
Arancia,comprarle: il tuo amore è corrisposto; 35,35,23,Smorfia napoletana - La vera cabala del lotto
Arancia,coglierle: sei troppo prepotente; 16,16,23,Smorfia napoletana - La vera cabala del lotto
Arancione,"colore: armonia, equilibrio; 48",48,23,Smorfia napoletana - La vera cabala del lotto
Arare,amore vero; 3/54,3 54,23,Smorfia napoletana - La vera cabala del lotto
Arbusto,devi essere più modesto e umile; 64,64,23,Smorfia napoletana - La vera cabala del lotto
Arcangelo,sopravaluti la tua creatività; 31,31,23,Smorfia napoletana - La vera cabala del lotto
Arcivescovo,vederlo: avrai una ricompensa per una buona azione fatta; 69,69,23,Smorfia napoletana - La vera cabala del lotto
Arcivescovo,che benedice: contrasti con i tuoi genitori; 68,68,23,Smorfia napoletana - La vera cabala del lotto
Arcivescovo,sentirlo parlare: avrai un aiuto inaspettato: 17,17,23,Smorfia napoletana - La vera cabala del lotto
Arco,catastrofe; 25,25,23,Smorfia napoletana - La vera cabala del lotto
Arcobaleno,"presagio positivo, tutto andrà per il meglio 43",43,23,Smorfia napoletana - La vera cabala del lotto
Argenteria,venderla: i tuoi affari miglioreranno; 63/78,63 78,23,Smorfia napoletana - La vera cabala del lotto
Argenteria,"comprarla: problemi futuri, 3",3,23,Smorfia napoletana - La vera cabala del lotto
Argenteria,pulirla: li preoccupi molto dei giudizio altrui; 4,4,23,Smorfia napoletana - La vera cabala del lotto
Argenteria,usarla: vuoi apparire estremamente raffinato; 5,5,23,Smorfia napoletana - La vera cabala del lotto
Argento,"trovarlo: avrai fortuna, 51",51,24,Smorfia napoletana - La vera cabala del lotto
Argento,"averlo: prestigio, raffinatezza; 25",25,24,Smorfia napoletana - La vera cabala del lotto
Argento,mangiarlo: ostacoli; 20,20,24,Smorfia napoletana - La vera cabala del lotto
Argento,avere denti di: ottimo auspicio; 1,1,24,Smorfia napoletana - La vera cabala del lotto
Argilla,ritornerai sulle decisioni prese; 36,36,24,Smorfia napoletana - La vera cabala del lotto
Argilla,impastarla: guadagni; 20,20,24,Smorfia napoletana - La vera cabala del lotto
Aria,"chiara e limpida: prosperità, se hai perduto un oggetto lo ritroverai; 17/89",17 89,24,Smorfia napoletana - La vera cabala del lotto
Aria,fosca: non intraprendere nessun viaggio; 3,3,24,Smorfia napoletana - La vera cabala del lotto
Aria,ventosa: sei impulsivo e questo potrà aiutarti; 81,81,24,Smorfia napoletana - La vera cabala del lotto
Arma,simbolo sessuale e di potenza sociale; 51,51,24,Smorfia napoletana - La vera cabala del lotto
Arma,vederne molte: danno; 63/60,63 60,24,Smorfia napoletana - La vera cabala del lotto
Arma,"bianche: morte di un parente, 27/63",27 63,24,Smorfia napoletana - La vera cabala del lotto
Arma,da fuoco: manifesti in modo indiretto la tua potenza; 17,17,24,Smorfia napoletana - La vera cabala del lotto
Arma,gettarle: desideri la pace; 34,34,24,Smorfia napoletana - La vera cabala del lotto
Arma,"viaggiare con: prenderai moglie, marito; 35",35,24,Smorfia napoletana - La vera cabala del lotto
Arma,possederle: senso di sicurezza e autosufficienza; 44,44,24,Smorfia napoletana - La vera cabala del lotto
Armadio,indisposizione o malattia della persona amata; 11/13,11 13,24,Smorfia napoletana - La vera cabala del lotto
Armadio,con vestiti: possiedi sensibilità artistica; 72,72,24,Smorfia napoletana - La vera cabala del lotto
Armadio,chiuso a chiave; devi cercare di essere più socievole; 8,8,24,Smorfia napoletana - La vera cabala del lotto
Armadio,biancheria d'armadio: metti ordine a casa tua; 32,32,25,Smorfia napoletana - La vera cabala del lotto
Armonia,"sensazione: sei alla ricerca della perfezione, ci sei vicino; 80",80,25,Smorfia napoletana - La vera cabala del lotto
Arnesi,ami il tuo lavoro anche se è faticoso; 84,84,25,Smorfia napoletana - La vera cabala del lotto
Aroma,buon gusto; 56/58,56 58,25,Smorfia napoletana - La vera cabala del lotto
Arpa,il tuo legame affettivo è perfetto; 64,64,25,Smorfia napoletana - La vera cabala del lotto
Arrabbiarsi,tranquillità d'animo; 56/68,56 68,25,Smorfia napoletana - La vera cabala del lotto
Arrampicarsi,vuoi migliorare la tua posizione sociale; 27,27,25,Smorfia napoletana - La vera cabala del lotto
Arrampicarsi,su un albero: con costanza raggiungerai un'ottima posizione; 46,46,25,Smorfia napoletana - La vera cabala del lotto
Arrampicarsi,su una roccia: devi superare parecchi ostacoli; 34,34,25,Smorfia napoletana - La vera cabala del lotto
Arrestare,prigionia; 47,47,25,Smorfia napoletana - La vera cabala del lotto
Arrestare,cattive notizie: 16,16,25,Smorfia napoletana - La vera cabala del lotto
Arrestare,essere arrestati: qualcuno ti offenderà pubblicamente; 70,70,25,Smorfia napoletana - La vera cabala del lotto
Arrestare,dei nemici: devi essere più intraprendente; 5,5,25,Smorfia napoletana - La vera cabala del lotto
Arricchire,voluttà e desideri; 45/67,45 67,25,Smorfia napoletana - La vera cabala del lotto
Arricchire,per eredità: devi essere prudente nei trattare gli affari di famiglia; 51,51,26,Smorfia napoletana - La vera cabala del lotto
Arricchire,rubando: cerca di essere più diplomatico; 22,22,26,Smorfia napoletana - La vera cabala del lotto
Arricchire,facendo affari: i tuoi timori sono infondati; 36,36,26,Smorfia napoletana - La vera cabala del lotto
Arrivare,a casa: hai bisogno di solitudine; 75,75,26,Smorfia napoletana - La vera cabala del lotto
Arrivare,"in treno: benessere, 59",59,26,Smorfia napoletana - La vera cabala del lotto
Arrivare,in automobile: allegria; 66,66,26,Smorfia napoletana - La vera cabala del lotto
Arrivare,in aereo: buone notizie; 33,33,26,Smorfia napoletana - La vera cabala del lotto
Arrivare,a piedi: fortuna; 29,29,26,Smorfia napoletana - La vera cabala del lotto
Arrivare,su una nave: buono salute; 88,88,26,Smorfia napoletana - La vera cabala del lotto
Arrotino,tieni in alta considerazione le tue amicizie; 57,57,26,Smorfia napoletana - La vera cabala del lotto
Arrotino,"che lavora: stai attento, potrai avere una perdita finanziaria 22",22,26,Smorfia napoletana - La vera cabala del lotto
Arruolarsi,necessiti di riposo; 78,78,26,Smorfia napoletana - La vera cabala del lotto
Arteria,simbolo di vitalità; 69,69,26,Smorfia napoletana - La vera cabala del lotto
Artigiano,la persona amata h è molto vicina; 11,11,27,Smorfia napoletana - La vera cabala del lotto
Artiglio,non lasciarsi abbagliare; 8,8,27,Smorfia napoletana - La vera cabala del lotto
Artiglio,di gatto: lite tra amanti; 26,26,27,Smorfia napoletana - La vera cabala del lotto
Artiglio,di teatino: ami essere apprezzato; 19,19,27,Smorfia napoletana - La vera cabala del lotto
Artiglio,di arti figurative: vuoi avere la possibilità di esprimere la tua fantasia; 78,78,27,Smorfia napoletana - La vera cabala del lotto
Asciugarsi,il sudore: devi impegnarti di più nel tuo lavoro; 41,41,27,Smorfia napoletana - La vera cabala del lotto
Asciugarsi,le lacrime: avrai un momento felice; 40,40,27,Smorfia napoletana - La vera cabala del lotto
Ascoltare,impari molto dagli arai; 29,29,27,Smorfia napoletana - La vera cabala del lotto
Ascoltare,"una voce dolce, piacevole: buone notizie 56",56,27,Smorfia napoletana - La vera cabala del lotto
Ascoltare,senza intervenire: sei indeciso; 29,29,27,Smorfia napoletana - La vera cabala del lotto
Asfalto,li attende un incontro gradito; 66,66,27,Smorfia napoletana - La vera cabala del lotto
Asilo Politico,"chiederlo: sei frustrato, prigioniero in ogni tuo gesto; 44",44,27,Smorfia napoletana - La vera cabala del lotto
Asilo Politico,morto: cattivo presagio; 80,80,27,Smorfia napoletana - La vera cabala del lotto
Asilo Politico,che corre: qualcuno ti ingannerà; 71,71,27,Smorfia napoletana - La vera cabala del lotto
Asilo Politico,vederlo: alcune tue conoscenze le consideri mediocri; 23,23,27,Smorfia napoletana - La vera cabala del lotto
Asilo Politico,sentirlo: non allarmarti inutilmente; 64,64,28,Smorfia napoletana - La vera cabala del lotto
Asilo Politico,cavalcarlo: non hai bisogno di dimostrare la tua forza; 10,10,28,Smorfia napoletana - La vera cabala del lotto
Asilo Politico,sentirsi come un: brutto periodo sta finendo; 42,42,28,Smorfia napoletana - La vera cabala del lotto
Asilo Politico,"comprarne uno: gioia in famiglia, 67",67,28,Smorfia napoletana - La vera cabala del lotto
Asilo Politico,vederne uno: sfortuna; 4,4,28,Smorfia napoletana - La vera cabala del lotto
Asilo Politico,vederne tanti: fortuna; 88,88,28,Smorfia napoletana - La vera cabala del lotto
Asilo Politico,ferrarlo: lavoro umiliante; 40,40,28,Smorfia napoletana - La vera cabala del lotto
Asma,"desiderio di libertà, voglia di cambiare; 68/56",68 56,28,Smorfia napoletana - La vera cabala del lotto
Asparagi,desiderio di dolcezza; 80,80,28,Smorfia napoletana - La vera cabala del lotto
Asparagi,mangiarne: malattia calmata; 21/34,21 34,28,Smorfia napoletana - La vera cabala del lotto
Aspirapolvere,"desideri fare pulizia, rinnovarti; 25",25,28,Smorfia napoletana - La vera cabala del lotto
Aspro,sentire un cibo: sei troppo impulsivo; 4,4,28,Smorfia napoletana - La vera cabala del lotto
Assaggiare,cibi: vivi una situazione allegra; 67,67,28,Smorfia napoletana - La vera cabala del lotto
Assaggiare,"bevande: sei felice, fiducioso; 25",25,28,Smorfia napoletana - La vera cabala del lotto
Assalto,subirlo: le tue paure represse h procureranno problemi; 17,17,28,Smorfia napoletana - La vera cabala del lotto
Assalto,di banditi: sei disorientato; 40,40,28,Smorfia napoletana - La vera cabala del lotto
Assalto,di soldati: buone notizie; 53,53,28,Smorfia napoletana - La vera cabala del lotto
Assassino,"dispiacere, presagio negativo 73",73,29,Smorfia napoletana - La vera cabala del lotto
Assassino,"vederlo sei terrorizzato, 44",44,29,Smorfia napoletana - La vera cabala del lotto
Assassino,imbattersi in un: sarai ostacolato nei tuoi progetti; 83,83,29,Smorfia napoletana - La vera cabala del lotto
Assassino,diventarlo: la passione li domina; 61,61,29,Smorfia napoletana - La vera cabala del lotto
Assedio,sei ostacolato; 40,40,29,Smorfia napoletana - La vera cabala del lotto
Assegno,riceverlo: il tuo lavoro è riconosciuto 26,26,29,Smorfia napoletana - La vera cabala del lotto
Assegno,perderlo: hai paura di non concludere un affare; 56,56,29,Smorfia napoletana - La vera cabala del lotto
Assegno,tenerlo in mano; devi solo concludere; 67,67,29,Smorfia napoletana - La vera cabala del lotto
Assemblea,buone notizie; 44/68,44 68,29,Smorfia napoletana - La vera cabala del lotto
Assente,essere: non vuoi farti giudicare; 38,38,29,Smorfia napoletana - La vera cabala del lotto
Assetato,esserlo: insoddisfazione; 11,11,29,Smorfia napoletana - La vera cabala del lotto
Assetato,vederlo: altruismo; 21,21,29,Smorfia napoletana - La vera cabala del lotto
Assetato,dare da bere a un: sei generoso; 7,7,29,Smorfia napoletana - La vera cabala del lotto
Assistere,ammalati: devi essere più deciso; 46,46,29,Smorfia napoletana - La vera cabala del lotto
Assistere,"moribondi: la vecchia relazione terminerà, cambierai partner; 58",58,30,Smorfia napoletana - La vera cabala del lotto
Assoluzione,buon presagio; 13,13,30,Smorfia napoletana - La vera cabala del lotto
Assoluzione,riceverla: sei troppo autocritico; 34,34,30,Smorfia napoletana - La vera cabala del lotto
Assoluzione,amministrarla: non occuparti di ciò che non ti riguarda; 34,34,30,Smorfia napoletana - La vera cabala del lotto
Assolvere,se stessi: egoismo; 38,38,30,Smorfia napoletana - La vera cabala del lotto
Assolvere,"gli alti: sei comprensivo, i tuoi giudizi sono ponderati; 40",40,30,Smorfia napoletana - La vera cabala del lotto
Assomigliare,a qualcuno: gli altri ti influenzano troppo; 3,3,30,Smorfia napoletana - La vera cabala del lotto
Assortimento,di oggetti vari: dai al tuo lavoro una giusta importanza; 36,36,30,Smorfia napoletana - La vera cabala del lotto
Assumere,un autista: sei motto pigro 45,45,30,Smorfia napoletana - La vera cabala del lotto
Assumere,essere assunti: presto cambierai occupazione 19,19,30,Smorfia napoletana - La vera cabala del lotto
Assunzione,"al cielo: ottimo presagio, fortuna; 74",74,30,Smorfia napoletana - La vera cabala del lotto
Asta,vendita all': le cose andranno come desideri; 54,54,30,Smorfia napoletana - La vera cabala del lotto
Asta,"di ferro: controversie, 87",87,30,Smorfia napoletana - La vera cabala del lotto
Asta,per il salto: impegnandoti otterrai molto; 26,26,30,Smorfia napoletana - La vera cabala del lotto
Asta,"portarla: sicurezza, 48",48,31,Smorfia napoletana - La vera cabala del lotto
Asta,spezzarla: fatica; 38,38,31,Smorfia napoletana - La vera cabala del lotto
Astemio,nessuno condivide le tue gioie; 26,26,31,Smorfia napoletana - La vera cabala del lotto
Astro,vederne: sempre un buon presagio; 15,15,31,Smorfia napoletana - La vera cabala del lotto
Astrologo,"attento alle false lusinghe, mostra indifferenza 25",25,31,Smorfia napoletana - La vera cabala del lotto
Astrologo,"farsi predire l'avvenire: pena, imbarazzo ti tormenti inutilmente; 15/42/54",15 42 54,31,Smorfia napoletana - La vera cabala del lotto
Astronave,"accontentati, nessuno può cambiare il mondo 10",10,31,Smorfia napoletana - La vera cabala del lotto
Astuccio,desiderio sessuale; 11,11,31,Smorfia napoletana - La vera cabala del lotto
Astuccio,pieno: devi mantenere dei segreti; 22,22,31,Smorfia napoletana - La vera cabala del lotto
Astuccio,vuoto: le tue amicizie non sono sincere; 76,76,31,Smorfia napoletana - La vera cabala del lotto
Atlante Geografico,"farai buoni viaggi, 73",73,31,Smorfia napoletana - La vera cabala del lotto
Atleta,volontà 89,89,31,Smorfia napoletana - La vera cabala del lotto
Atomo,novità; 47,47,32,Smorfia napoletana - La vera cabala del lotto
Atrio,ami troppo le distrazioni; 9/38,9 38,32,Smorfia napoletana - La vera cabala del lotto
Atrio,"essere in un: tutto stazionario, nessun cambiamento; 26",26,32,Smorfia napoletana - La vera cabala del lotto
Attendere,una vacanza: ti piacerebbe vivere senza lavorare; 34,34,32,Smorfia napoletana - La vera cabala del lotto
Attendere,un treno: difficilmente saprai cogliere le occasioni al momento giusto 14,14,32,Smorfia napoletana - La vera cabala del lotto
Attendere,"un amico: sei permaloso, ti offendi troppo facilmente; 25",25,32,Smorfia napoletana - La vera cabala del lotto
Attentato,una lettera o un avvenimento cambieranno la tua vita; 50,50,32,Smorfia napoletana - La vera cabala del lotto
Attentato,"subirlo: pericolo imminente, 60",60,32,Smorfia napoletana - La vera cabala del lotto
Attentato,organizzarlo: odi profondamente una persona; 54,54,32,Smorfia napoletana - La vera cabala del lotto
Atterraggio,sei realista; 2,2,32,Smorfia napoletana - La vera cabala del lotto
Atterraggio,difficoltoso: manchi di obiettività; 5,5,32,Smorfia napoletana - La vera cabala del lotto
Attingere,limita le tue spese; 22,22,32,Smorfia napoletana - La vera cabala del lotto
Attingere,"vino: sei sincero, onesto; 89",89,32,Smorfia napoletana - La vera cabala del lotto
Attingere,acqua: sei alla ricerca del successo; 6,6,32,Smorfia napoletana - La vera cabala del lotto
Attore,"vederne tanfi: soddisfazione, successo; 27",27,32,Smorfia napoletana - La vera cabala del lotto
Attraversare,un ponte: pericolo; 61,61,33,Smorfia napoletana - La vera cabala del lotto
Attraversare,un fiume: buon presagio; 14,14,33,Smorfia napoletana - La vera cabala del lotto
Attraversare,la strada: cerchi nuove strade; 56,56,33,Smorfia napoletana - La vera cabala del lotto
Attraversare,il mare: lascerai il tuo partner e avrai un nuovo rapporto; 80,80,33,Smorfia napoletana - La vera cabala del lotto
Attrezzo,buone notizie; 61,61,33,Smorfia napoletana - La vera cabala del lotto
Attrezzo,di cucina: ti piacerebbe avere più potere in famiglia; 1,1,33,Smorfia napoletana - La vera cabala del lotto
Attrezzo,da lavora: devi essere più parsimonioso; 2,2,33,Smorfia napoletana - La vera cabala del lotto
Auguri,"riceverli: sei troppo modesto, devi considerarti di più; 39",39,33,Smorfia napoletana - La vera cabala del lotto
Auguri,farli: hai fiducia nel tuo prossimo; 75,75,33,Smorfia napoletana - La vera cabala del lotto
Augurio,ricevere un buon: devi chiarire i tuoi rapporti con un amico/rivale; 31,31,33,Smorfia napoletana - La vera cabala del lotto
Augurio,riceverne cattivi: non ascoltare chi ti vuote male; 39,39,33,Smorfia napoletana - La vera cabala del lotto
Aula,"scolastica: immaturità, 43",43,33,Smorfia napoletana - La vera cabala del lotto
Aula,di tribunale: temi di essere punito per una colpa che non hai commesso; 41,41,33,Smorfia napoletana - La vera cabala del lotto
Aumento,riceverlo: sei troppo ottimista; 57,57,33,Smorfia napoletana - La vera cabala del lotto
Aumento,chiederla: vorresti essere più considerato; 82,82,33,Smorfia napoletana - La vera cabala del lotto
Aurora,buone speranze; 37,37,33,Smorfia napoletana - La vera cabala del lotto
Autobus,hai voglia di viaggiare; 31,31,34,Smorfia napoletana - La vera cabala del lotto
Autobus,affollato: liberati da amici indiscreti; 4,4,34,Smorfia napoletana - La vera cabala del lotto
Autobus,vuoto: viaggerai solo; 4,4,34,Smorfia napoletana - La vera cabala del lotto
Autobus,incendiato: fortuna; 84,84,34,Smorfia napoletana - La vera cabala del lotto
Automobile,desiderio di potenza; 46,46,34,Smorfia napoletana - La vera cabala del lotto
Automobile,propria: desideri evadere dalla solita routine; 6,6,34,Smorfia napoletana - La vera cabala del lotto
Automobile,da corsa: appuntamento con donne; 68,68,34,Smorfia napoletana - La vera cabala del lotto
Automobile,"che corre: riceverai una lettera, 66",66,34,Smorfia napoletana - La vera cabala del lotto
Automobile,appena acquistata: sei fiero di te stesso; 50,50,34,Smorfia napoletana - La vera cabala del lotto
Automobile,guidare: senso di responsabilità; 59,59,34,Smorfia napoletana - La vera cabala del lotto
Automobile,vecchia: non li senti alla moda; 58,58,34,Smorfia napoletana - La vera cabala del lotto
Automobile,farsi portare: rinunci alle tue responsabilità; 59,59,34,Smorfia napoletana - La vera cabala del lotto
Autorimessa,ora finalmente puoi riposare; 64,64,34,Smorfia napoletana - La vera cabala del lotto
Autorita',devi imparare a decidere da solo della tua vita; 75,75,34,Smorfia napoletana - La vera cabala del lotto
Autostop,hai bisogno d'aiuto; 16,16,35,Smorfia napoletana - La vera cabala del lotto
Autostrada,desideri raggiungere persone lontane; 38,38,35,Smorfia napoletana - La vera cabala del lotto
Avaro,"cattivo presagio, perderai anche le tue amicizie; 90",90,35,Smorfia napoletana - La vera cabala del lotto
Avaro,"esserlo: ti sentirai isolato, da tutti; 22",22,35,Smorfia napoletana - La vera cabala del lotto
Avi,"eredità vicina, 56",56,35,Smorfia napoletana - La vera cabala del lotto
Avi,"tradizionalista, 5",5,35,Smorfia napoletana - La vera cabala del lotto
Avi,che ti parlano ascolta la saggezza dei vecchi; 12,12,35,Smorfia napoletana - La vera cabala del lotto
Avorio,senso artistico; 24,24,35,Smorfia napoletana - La vera cabala del lotto
Avvelenare,"sé stesso: esaurimento, stanchezza; 49",49,35,Smorfia napoletana - La vera cabala del lotto
Avvelenare,altri: quando ti arrabbi perdi il controllo di te stesso; 80,80,35,Smorfia napoletana - La vera cabala del lotto
Avvelenare,essere avvelenati: hai ricevuto delle false accuse che ti fanno soffrire; 64,64,35,Smorfia napoletana - La vera cabala del lotto
Avventura,"divertente: hai bisogno di evasione, 3",3,35,Smorfia napoletana - La vera cabala del lotto
Avventura,pericolosa: hai paura di fare incontri poco piacevoli; 7,7,35,Smorfia napoletana - La vera cabala del lotto
Avventura,sentimentale: desideri nuove emozioni; 9,9,35,Smorfia napoletana - La vera cabala del lotto
Avversario,nell'amore: ti arrendi troppo in fretta; 15,15,35,Smorfia napoletana - La vera cabala del lotto
Avversario,nello sport: sei combattivo; 8,8,35,Smorfia napoletana - La vera cabala del lotto
Avvertire,una persona: buone notizie; 64,64,36,Smorfia napoletana - La vera cabala del lotto
Avvertire,un pericolo: altruismo; 4,4,36,Smorfia napoletana - La vera cabala del lotto
Avvicinarsi,a qualcuno: avrai una nuova relazione; 65,65,36,Smorfia napoletana - La vera cabala del lotto
Avvicinarsi,a qualche cosa: curiosità; 19,19,36,Smorfia napoletana - La vera cabala del lotto
Avvicinarsi,essere avvicinati da un ladro: i tuoi progetti si realizzeranno; 2,2,36,Smorfia napoletana - La vera cabala del lotto
Avvicinarsi,essere avvicinati da un principe: onore e profitto; 16,16,36,Smorfia napoletana - La vera cabala del lotto
Avviso,"pubblico: matrimonio, 3",3,36,Smorfia napoletana - La vera cabala del lotto
Avviso,funebre: è la fine di una tua amicizia; 31,31,36,Smorfia napoletana - La vera cabala del lotto
Avvocato,esperienze spiacevoli; 23,23,36,Smorfia napoletana - La vera cabala del lotto
Avvocato,esserlo: danneggerai qualcuno; 52,52,36,Smorfia napoletana - La vera cabala del lotto
Avvocato,in tribunale: ti senti osservato; 40,40,36,Smorfia napoletana - La vera cabala del lotto
Avvolgere,piccole contrarietà; 2,2,36,Smorfia napoletana - La vera cabala del lotto
Avvoltoio,"nemici, malattia lunga; 45",45,36,Smorfia napoletana - La vera cabala del lotto
Avvoltoio,ucciso: vincerai suoi tuoi nemici; 45,45,36,Smorfia napoletana - La vera cabala del lotto
Avvoltoio,che vola: i tuoi avversari avranno la meglio; 45,45,36,Smorfia napoletana - La vera cabala del lotto
Avvoltoio,che si avventa: preparati ad affrontare grossi ostacoli; 1,1,36,Smorfia napoletana - La vera cabala del lotto
Azalea,invito alla riflessione; 13,13,36,Smorfia napoletana - La vera cabala del lotto
Azienda,"propria: spirito di iniziativa, 45",45,37,Smorfia napoletana - La vera cabala del lotto
Azienda,andarci: ottimo momento per il tuo lavoro; 55,55,37,Smorfia napoletana - La vera cabala del lotto
Azzardo,a volte la fortuna dipende solo da noi; 15,15,37,Smorfia napoletana - La vera cabala del lotto
Azzuffarsi,presto avrai una lieta notizia; 44,44,37,Smorfia napoletana - La vera cabala del lotto
Azzurro,"presagio lieto, novità; 64/15",64 15,37,Smorfia napoletana - La vera cabala del lotto
Azzurro,un fiore tutto azzurro: fortuna in amore; 63,63,37,Smorfia napoletana - La vera cabala del lotto
Azzurro,un abito tutto azzurro: una donna ti è vicina; 51,51,37,Smorfia napoletana - La vera cabala del lotto
Babbo,desiderio di protezione; 16,16,37,Smorfia napoletana - La vera cabala del lotto
Baby-Doll,sensualità; 63,63,37,Smorfia napoletana - La vera cabala del lotto
Bacca,di ginepro: mangiarne ottimo augurio: 2,2,37,Smorfia napoletana - La vera cabala del lotto
Bacca,"trovarla guadagno inatteso, 23",23,37,Smorfia napoletana - La vera cabala del lotto
Bacca,raccoglierne: voglia di accumulare; 68,68,37,Smorfia napoletana - La vera cabala del lotto
Bacca,cercarne molte: devi per forza superare degli ostacoli; 28,28,37,Smorfia napoletana - La vera cabala del lotto
Bacchetta,spezzarla: discordia; 36,36,37,Smorfia napoletana - La vera cabala del lotto
Bacchetta,magica: ti sopravvaluti; 15,15,37,Smorfia napoletana - La vera cabala del lotto
Bacchetta,essere battuto con una: pericolo; 38,38,38,Smorfia napoletana - La vera cabala del lotto
Bacchetta,da direttore d'orchestra: sei in armonia con il mondo; 18,18,38,Smorfia napoletana - La vera cabala del lotto
Bacio,alla madre: ti senti incompreso: 25,25,38,Smorfia napoletana - La vera cabala del lotto
Bacio,al padre: vorresti sentirti protetto; 9,9,38,Smorfia napoletana - La vera cabala del lotto
Bacio,ai fratelli: la tua famiglia è molto unita; 76,76,38,Smorfia napoletana - La vera cabala del lotto
Bacio,darlo: generosità; 7,7,38,Smorfia napoletana - La vera cabala del lotto
Bacio,riceverlo: hai bisogno di affetto; 90,90,38,Smorfia napoletana - La vera cabala del lotto
Bacio,"al partner: l'unione è solida, 58",58,38,Smorfia napoletana - La vera cabala del lotto
Bacio,sulla mano: sensibilità romantica; 30,30,38,Smorfia napoletana - La vera cabala del lotto
Bacio,sul viso: tenerezza; 8,8,38,Smorfia napoletana - La vera cabala del lotto
Bacio,"sulla bocca: passione, a volte ipocrisia; 50",50,38,Smorfia napoletana - La vera cabala del lotto
Bacio,dare un bacio ad un nemico: sei maturo; 30,30,38,Smorfia napoletana - La vera cabala del lotto
Bacio,"dare un bacio ad uno sconosciuto: narcisismo, 81",81,38,Smorfia napoletana - La vera cabala del lotto
Bacio,dare un bacio ed essere respinti: insicurezza; 13,13,38,Smorfia napoletana - La vera cabala del lotto
Baffi,"fortuna vicina, 75",75,38,Smorfia napoletana - La vera cabala del lotto
Baffi,maschili: desiderio di bellezza; 76,76,38,Smorfia napoletana - La vera cabala del lotto
Baffi,"femminili: simpatia, 81",81,38,Smorfia napoletana - La vera cabala del lotto
Baffi,tagliati: chi li taglia avrà fortuna; 13,13,38,Smorfia napoletana - La vera cabala del lotto
Baffi,lunghi e folti: aumenterà la fortuna; 12,12,38,Smorfia napoletana - La vera cabala del lotto
Baffi,bianchi: notizia sconvolgente; 90,90,38,Smorfia napoletana - La vera cabala del lotto
Baffi,neri: riceverai una grossa somma di denaro; 25,25,38,Smorfia napoletana - La vera cabala del lotto
Bagagli,farai un viaggio; 28,28,39,Smorfia napoletana - La vera cabala del lotto
Bagagli,averne troppi: fatichi ad allontanarti da casa; 16,16,39,Smorfia napoletana - La vera cabala del lotto
Bagagli,perderli: sarai privato di una tua proprietà; 12,12,39,Smorfia napoletana - La vera cabala del lotto
Bagnante,sulla spiaggia: riceverai visite; 88,88,39,Smorfia napoletana - La vera cabala del lotto
Bagnarsi,in acqua chiara: ottima salute; 16,16,39,Smorfia napoletana - La vera cabala del lotto
Bagnarsi,in acqua limpida: felicità; buon augurio; 15,15,39,Smorfia napoletana - La vera cabala del lotto
Bagnarsi,in uno stagno: infelicità; 35,35,39,Smorfia napoletana - La vera cabala del lotto
Bagnarsi,in una palude: disgrazia; 17/72,17 72,39,Smorfia napoletana - La vera cabala del lotto
Bagnarsi,in un fiume: gli affari vanno bene; 19,19,39,Smorfia napoletana - La vera cabala del lotto
Bagnarsi,in un canale: breve fortuna; 10,10,39,Smorfia napoletana - La vera cabala del lotto
Bagnarsi,in un ruscello: lungo periodo fortunato; 16,16,39,Smorfia napoletana - La vera cabala del lotto
Bagnarsi,con l'amante: gelosia; 43,43,39,Smorfia napoletana - La vera cabala del lotto
Bagnarsi,con gli amici: l'avvenire li riserva cose piacevoli; 28,28,39,Smorfia napoletana - La vera cabala del lotto
Bagnarsi,in acqua corrente: possibili disgrazie; 65,65,39,Smorfia napoletana - La vera cabala del lotto
Bagno,"caldo: non rilassarti troppo, 10",10,39,Smorfia napoletana - La vera cabala del lotto
Bagno,"freddo: contrarietà, 38",38,39,Smorfia napoletana - La vera cabala del lotto
Bagno,con i vestiti: ti senti spesso a disagio in mezzo agli altri; 75,75,39,Smorfia napoletana - La vera cabala del lotto
Bagno,"farlo: vuoi “lavarti"" da qualche colpa; 30",30,39,Smorfia napoletana - La vera cabala del lotto
Balaustra,sei limitato: 68,68,39,Smorfia napoletana - La vera cabala del lotto
Balbuziente,"immaturità, 31",31,40,Smorfia napoletana - La vera cabala del lotto
Balbuziente,sognare di esserlo: le tue parole sono spesso mal interpretate; 33,33,40,Smorfia napoletana - La vera cabala del lotto
Balcone,speranza; 54,54,40,Smorfia napoletana - La vera cabala del lotto
Balcone,con persone: alcune tue amicizie si riveleranno utili; 88,88,40,Smorfia napoletana - La vera cabala del lotto
Balcone,fiorito: attesa delusa; 11,11,40,Smorfia napoletana - La vera cabala del lotto
Balcone,che cade: catastrofe; 89,89,40,Smorfia napoletana - La vera cabala del lotto
Balcone,"con panni stesi: sparlano di te, 79",79,40,Smorfia napoletana - La vera cabala del lotto
Balcone,molto in alto: raggiungerai la meta che ti sei prefissato; 12,12,40,Smorfia napoletana - La vera cabala del lotto
Balena,sei aiutato da una grande forza; 73,73,40,Smorfia napoletana - La vera cabala del lotto
Balena,"vederne una che nuota: felicità, 33",33,40,Smorfia napoletana - La vera cabala del lotto
Balena,vederne una morta: pericolo vicino; 90/17,90 17,40,Smorfia napoletana - La vera cabala del lotto
Balena,essere mangiati da una: diventa realista; 75,75,40,Smorfia napoletana - La vera cabala del lotto
Balia,desiderio di affetto: 44,44,40,Smorfia napoletana - La vera cabala del lotto
Ballare,reprimi le tue emozioni; 3,3,40,Smorfia napoletana - La vera cabala del lotto
Ballare,il valzer; allegria; 4,4,40,Smorfia napoletana - La vera cabala del lotto
Ballare,un tango: guadagni; 51,51,40,Smorfia napoletana - La vera cabala del lotto
Ballare,"solo: sei in attesa di trovare un partner, 5",5,40,Smorfia napoletana - La vera cabala del lotto
Ballare,nudi: fallimento; 71,71,40,Smorfia napoletana - La vera cabala del lotto
Ballare,a un matrimonio: sei sentimentalmente soddisfatto; 60,60,40,Smorfia napoletana - La vera cabala del lotto
Ballare,in casa: grande allegria; 62,62,40,Smorfia napoletana - La vera cabala del lotto
Ballerina,sognare di esserlo: desideri muoverti con più libertà: 49,49,41,Smorfia napoletana - La vera cabala del lotto
Balletto,partecipare: desideri inserirti in un gruppo; 19,19,41,Smorfia napoletana - La vera cabala del lotto
Balletto,assistere: ti senti escluso da decisioni che ti riguardano; 5,5,41,Smorfia napoletana - La vera cabala del lotto
Balocchi,brutto: dispiaceri; 14,14,41,Smorfia napoletana - La vera cabala del lotto
Balocchi,che piange: tristezza in famiglia; 76,76,41,Smorfia napoletana - La vera cabala del lotto
Balocchi,che gioca: vorresti ritornare bambino; 75,75,41,Smorfia napoletana - La vera cabala del lotto
Balocchi,che gioca con te: non hai scordato l'ingenuità; 80,80,41,Smorfia napoletana - La vera cabala del lotto
Balocchi,"vederlo cadere: problemi negli affetti, 71",71,41,Smorfia napoletana - La vera cabala del lotto
Balocchi,vederne molti: difficoltà nella vita; 12,12,41,Smorfia napoletana - La vera cabala del lotto
Banana,simbolo dell'organo sessuale maschile; 43,43,41,Smorfia napoletana - La vera cabala del lotto
Banana,mangiarla: desiderio sessuale; 50,50,41,Smorfia napoletana - La vera cabala del lotto
Banana,buttarla via: periodo di riflessione spirituale; 21,21,41,Smorfia napoletana - La vera cabala del lotto
Banca,per te è importante accumulare denaro;79,79,41,Smorfia napoletana - La vera cabala del lotto
Banchetto,andarci: stai attento alle amicizie false: 18,18,41,Smorfia napoletana - La vera cabala del lotto
Banchetto,non andarci: guadagno di denaro; 16,16,41,Smorfia napoletana - La vera cabala del lotto
Banchetto,"di nozze: gioia, felicità; 13",13,42,Smorfia napoletana - La vera cabala del lotto
Banchetto,in famiglia: litigi: 80,80,42,Smorfia napoletana - La vera cabala del lotto
Banconota,perderla: ti andranno male gli affari; 18,18,42,Smorfia napoletana - La vera cabala del lotto
Banconota,falsa: hai una doppia personalità; 71,71,42,Smorfia napoletana - La vera cabala del lotto
Banconota,trovarla: fortuna; 6,6,42,Smorfia napoletana - La vera cabala del lotto
Banconota,portarla: vuoi essere rispettato; 18,18,42,Smorfia napoletana - La vera cabala del lotto
Banconota,vederla sventolare: non sei più in pericolo; 20,20,42,Smorfia napoletana - La vera cabala del lotto
Banconota,ammainata: lutto; 5,5,42,Smorfia napoletana - La vera cabala del lotto
Banconota,nazionale: sei tradizionalista; 38,38,42,Smorfia napoletana - La vera cabala del lotto
Bandito,essere uccisi: tendi a sacrificarti; 68,68,42,Smorfia napoletana - La vera cabala del lotto
Bandito,essere assaliti: soffri di complesso di inferiorità 56,56,42,Smorfia napoletana - La vera cabala del lotto
Bandito,"essere inseguiti: debolezza, a volte non vuoi affrontare la vita, 9",9,42,Smorfia napoletana - La vera cabala del lotto
Bandito,ucciso: il coraggio non è una tua dote; 53,53,42,Smorfia napoletana - La vera cabala del lotto
Bara,esserci: pessimo presagio; 66,66,42,Smorfia napoletana - La vera cabala del lotto
Bara,esserci vivo: temi d'essere preso in giro; 90,90,42,Smorfia napoletana - La vera cabala del lotto
Bara,vuota: hai scoperto un imbroglio; 31,31,42,Smorfia napoletana - La vera cabala del lotto
Bara,vederla chiusa: longevità; 47,47,42,Smorfia napoletana - La vera cabala del lotto
Bara,"vederla: attenzione, sei in pericolo; 60",60,42,Smorfia napoletana - La vera cabala del lotto
Baratro,avverti di essere in pericolo; 18,18,43,Smorfia napoletana - La vera cabala del lotto
Baratro,precipitarvi: ti senti abbandonato; 39,39,43,Smorfia napoletana - La vera cabala del lotto
Baratto,oggetti: sei materialista comunque i tuoi affari vanno bene; 15,15,43,Smorfia napoletana - La vera cabala del lotto
Baratto,monete: non giocare d'azzardo; 5,5,43,Smorfia napoletana - La vera cabala del lotto
Baratto,"vestiti: non essere avaro, potresti essere danneggiato; 7",7,43,Smorfia napoletana - La vera cabala del lotto
Barattolo,"pieno: ottime possibilità, 5",5,43,Smorfia napoletana - La vera cabala del lotto
Barattolo,arrugginito: cominci a sentire il peso dell'età; 29,29,43,Smorfia napoletana - La vera cabala del lotto
Barattolo,vuoto: non hai più chances; 18,18,43,Smorfia napoletana - La vera cabala del lotto
Barba,brevi difficoltà; 65,65,43,Smorfia napoletana - La vera cabala del lotto
Barba,"bianca: onore, saggezza; 89",89,43,Smorfia napoletana - La vera cabala del lotto
Barba,bionda: debolezza; 58,58,43,Smorfia napoletana - La vera cabala del lotto
Barba,"nera: grande forza, carattere; 14",14,43,Smorfia napoletana - La vera cabala del lotto
Barba,rossa: dispetto; 15,15,43,Smorfia napoletana - La vera cabala del lotto
Barba,folta: ti senti maturo; 9,9,43,Smorfia napoletana - La vera cabala del lotto
Barba,rada: immaturità; 43,43,43,Smorfia napoletana - La vera cabala del lotto
Barba,lunga:guadagno;33,33,43,Smorfia napoletana - La vera cabala del lotto
Barba,non averne assolutamente: ricchezza; 59,59,43,Smorfia napoletana - La vera cabala del lotto
Barba,incolta: temi i giudizi altrui; 80,80,43,Smorfia napoletana - La vera cabala del lotto
Barba,non rasata: non hai amor proprio; 43,43,43,Smorfia napoletana - La vera cabala del lotto
Barba,donna incinta con: partorirà un maschio; 17,17,43,Smorfia napoletana - La vera cabala del lotto
Barbiere,pettegolezzi; 21,21,44,Smorfia napoletana - La vera cabala del lotto
Barbiere,che rade: hai delle scadenze importanti da affrontare; 23,23,44,Smorfia napoletana - La vera cabala del lotto
Barbone,sarai aiutato da un amico; 68,68,44,Smorfia napoletana - La vera cabala del lotto
Barca,difficilmente porterai a termine un tuo proposito; 1/40,1 40,44,Smorfia napoletana - La vera cabala del lotto
Barca,piccola: passerai dei momenti felici; 17,17,44,Smorfia napoletana - La vera cabala del lotto
Barca,a vela: vorresti avere emozioni naturali; 27,27,44,Smorfia napoletana - La vera cabala del lotto
Barca,capovolta: litigi; 55,55,44,Smorfia napoletana - La vera cabala del lotto
Barca,elegante: ti piace metterti in mostra; 80,80,44,Smorfia napoletana - La vera cabala del lotto
Barca,che naviga: hai a portata di mano delle ottime occasioni. Prendile al volo 75,75,44,Smorfia napoletana - La vera cabala del lotto
Barca,"che entra in porto: il tuo lavoro darà buoni frutti, 45",45,44,Smorfia napoletana - La vera cabala del lotto
Barca,che arriva: buone notizie; 1,1,44,Smorfia napoletana - La vera cabala del lotto
Barcaiolo,"messaggero di felicità, 71",71,44,Smorfia napoletana - La vera cabala del lotto
Barella,sei un ipocondriaco; 16,16,44,Smorfia napoletana - La vera cabala del lotto
Barella,essere trasportato: fai attenzione a possibili incidenti; 44,44,44,Smorfia napoletana - La vera cabala del lotto
Barella,vuota: hai il terrore di ammalarti; 29,29,44,Smorfia napoletana - La vera cabala del lotto
Barella,con un ferito: pensi di non essere all'altezza dei tuoi doveri; 49,49,44,Smorfia napoletana - La vera cabala del lotto
Barella,"con un morto: ti aspettano numerose peripezie, 50",50,44,Smorfia napoletana - La vera cabala del lotto
Barile,simbolo di maternità; 14,14,44,Smorfia napoletana - La vera cabala del lotto
Barile,"pieno di vino: benessere, vivrai un periodo felice; 16/90",16 90,44,Smorfia napoletana - La vera cabala del lotto
Barile,vuoto: sei senza idee; 41,41,45,Smorfia napoletana - La vera cabala del lotto
Barile,pieno d'olio: tutto andrà per il meglio: 37,37,45,Smorfia napoletana - La vera cabala del lotto
Barile,rotto: il tuo cammino sarà ostacolato; 59,59,45,Smorfia napoletana - La vera cabala del lotto
Barile,vederne tanti: ricchezza; 14/26,14 26,45,Smorfia napoletana - La vera cabala del lotto
Baritono,gioia in famiglia; 63,63,45,Smorfia napoletana - La vera cabala del lotto
Baro,inquietudine; 59,59,45,Smorfia napoletana - La vera cabala del lotto
Baro,esserlo: delusioni; 62,62,45,Smorfia napoletana - La vera cabala del lotto
Baro,che gioca: non ti fidi dei tuoi amici; 60,60,45,Smorfia napoletana - La vera cabala del lotto
Baro,che perde: l'onestà per te è un valore molto importante; 55,55,45,Smorfia napoletana - La vera cabala del lotto
Barricata,eccitazione: 7,7,45,Smorfia napoletana - La vera cabala del lotto
Barricata,"attaccarla: sei conformista,12",12,45,Smorfia napoletana - La vera cabala del lotto
Barricata,difenderla: troppi conflitti interiori; 3,3,45,Smorfia napoletana - La vera cabala del lotto
Barriera,sei di fronte a un bivio e la tua scelta viene ostacolata 3,3,45,Smorfia napoletana - La vera cabala del lotto
Baruffa,si avvicinano tempi difficili; 86/26,86 26,45,Smorfia napoletana - La vera cabala del lotto
Barzelletta,allegria; 66/77,66 77,45,Smorfia napoletana - La vera cabala del lotto
Barzelletta,raccontarla: vuoi sembrare spensierato 35,35,45,Smorfia napoletana - La vera cabala del lotto
Barzelletta,dimenticarla: fatichi a scindere la realtà dalla fantasia; 83,83,45,Smorfia napoletana - La vera cabala del lotto
Barzelletta,"ascoltarla: a volte sei maligno, anche se in fondo non sei cattivo; 41",41,45,Smorfia napoletana - La vera cabala del lotto
Basette,vanità; 13,13,46,Smorfia napoletana - La vera cabala del lotto
Basette,nere: sei prepotente; 81,81,46,Smorfia napoletana - La vera cabala del lotto
Basette,bianche: non ti fai rispettare; 38,38,46,Smorfia napoletana - La vera cabala del lotto
Basette,"lunghe: sei troppo autoritario, 31",31,46,Smorfia napoletana - La vera cabala del lotto
Basilica,in rovina: le tue certezze stanno crollando; 40,40,46,Smorfia napoletana - La vera cabala del lotto
Basilica,visitarla: fatichi a sottometterti; 33,33,46,Smorfia napoletana - La vera cabala del lotto
Basilica,pregarvi: accetti l'autorità; 81,81,46,Smorfia napoletana - La vera cabala del lotto
Basso,di statura: sofferenza; 60,60,46,Smorfia napoletana - La vera cabala del lotto
Bastardo,sei un po' irresponsabile; 12,12,46,Smorfia napoletana - La vera cabala del lotto
Bastardo,cane: non sei obiettivo; 11,11,46,Smorfia napoletana - La vera cabala del lotto
Bastonare,modera la tua aggressività; 6,6,46,Smorfia napoletana - La vera cabala del lotto
Bastonare,sulla testa: il tuo parere non è considerato; 23,23,46,Smorfia napoletana - La vera cabala del lotto
Bastonare,sulle spalle: per una malattia sarai costretto ad abbandonare il tuo lavoro; 21,21,46,Smorfia napoletana - La vera cabala del lotto
Bastonare,sulle mani: riuscirai ad evitare brutti incidenti; 51,51,46,Smorfia napoletana - La vera cabala del lotto
Bastonare,sulle gambe: ti andranno male gli affari; 31,31,46,Smorfia napoletana - La vera cabala del lotto
Bastonare,essere bastonati: fai troppo la vittima; 54,54,46,Smorfia napoletana - La vera cabala del lotto
Bastone,aggressività; 6,6,46,Smorfia napoletana - La vera cabala del lotto
Bastone,di legno: sotto l'apparente aggressività nascondi l'umiltà; 44,44,46,Smorfia napoletana - La vera cabala del lotto
Bastone,con pomo d'oro: una persona influente ti aiuterà; 42,42,47,Smorfia napoletana - La vera cabala del lotto
Bastone,tenerlo in mano: il tuo carattere non h permette di avere delle amicizie; 6,6,47,Smorfia napoletana - La vera cabala del lotto
Bastone,appoggiarvisi: debolezza; 47,47,47,Smorfia napoletana - La vera cabala del lotto
Bastone,trovarlo: vincerai su un nemico; 36,36,47,Smorfia napoletana - La vera cabala del lotto
Bastone,rotto: devi arrangiarti da solo: 50,50,47,Smorfia napoletana - La vera cabala del lotto
Bastone,spezzarlo: discordia nella cerchia familiare; 36,36,47,Smorfia napoletana - La vera cabala del lotto
Bastone,bastone di un pellegrino: viaggio proficuo; 70,70,47,Smorfia napoletana - La vera cabala del lotto
Bastone,colpire uno conosciuto: vuoi dominate; 16,16,47,Smorfia napoletana - La vera cabala del lotto
Battaglia,"piccoli screzi, 76",76,47,Smorfia napoletana - La vera cabala del lotto
Battaglia,partecipare: anche se sei offeso modera le tuo reazioni; 58,58,47,Smorfia napoletana - La vera cabala del lotto
Battaglia,navale. il tuo punto di vista sarà accettato; 76,76,47,Smorfia napoletana - La vera cabala del lotto
Battaglia,terrestre: incontro gradito; 15,15,47,Smorfia napoletana - La vera cabala del lotto
Battaglione,solidarietà; 73,73,47,Smorfia napoletana - La vera cabala del lotto
Battello,sui fiume: niente è cambiato; 45,45,47,Smorfia napoletana - La vera cabala del lotto
Battello,affollato: la tua vita affettiva è un po'confusa; 6,6,47,Smorfia napoletana - La vera cabala del lotto
Battello,sul mare: vuoi cambiare la tua vita; 39,39,47,Smorfia napoletana - La vera cabala del lotto
Battello,sul lago: sei troppo pigro; 3,3,47,Smorfia napoletana - La vera cabala del lotto
Battello,andare sott'acqua col: prosperità; 68/76,68 76,47,Smorfia napoletana - La vera cabala del lotto
Battere,un bambino: non riesci a sfogare la tua aggressività; 19,19,47,Smorfia napoletana - La vera cabala del lotto
Battere,i denti: senso di abbandono; 42,42,48,Smorfia napoletana - La vera cabala del lotto
Battere,uno sconosciuto: guadagni; 16,16,48,Smorfia napoletana - La vera cabala del lotto
Battere,il grano: ricchezza; 11,11,48,Smorfia napoletana - La vera cabala del lotto
Battere,il tempo: posizione di comando; 86,86,48,Smorfia napoletana - La vera cabala del lotto
Battere,una signorina: ti sposerai entro breve tempo; 17/27,17 27,48,Smorfia napoletana - La vera cabala del lotto
Battere,alla porta: hai bisogno d'aiuto; 69,69,48,Smorfia napoletana - La vera cabala del lotto
Battere,il tamburo: le tue speranze sono vane; 8,8,48,Smorfia napoletana - La vera cabala del lotto
Battere,i piedi: sei sottomesso: 10,10,48,Smorfia napoletana - La vera cabala del lotto
Battere,un amico: felicità; 80,80,48,Smorfia napoletana - La vera cabala del lotto
Battesimo,felicità; 85,85,48,Smorfia napoletana - La vera cabala del lotto
Battesimo,andarvi: è il tuo momento. 70,70,48,Smorfia napoletana - La vera cabala del lotto
Battesimo,essere battezzato: la tua posizione migliorerà; 18,18,48,Smorfia napoletana - La vera cabala del lotto
Baule,prossimo viaggio; 14,14,48,Smorfia napoletana - La vera cabala del lotto
Baule,vuoto: sei convinto che la tua vita sia piatta; 52,52,48,Smorfia napoletana - La vera cabala del lotto
Baule,"pieno di monete d'oro: ricchezza, i tuoi affari vanno a gonfie vele; 26",26,48,Smorfia napoletana - La vera cabala del lotto
Baule,perderlo: insicurezza. 42,42,48,Smorfia napoletana - La vera cabala del lotto
Baule,trasportarlo: il passato ti ossessiona 9,9,48,Smorfia napoletana - La vera cabala del lotto
Baule,pieno di biancheria; ottima salute; 6,6,48,Smorfia napoletana - La vera cabala del lotto
Baule,di ammalato: sei molto sensibile; 61,61,49,Smorfia napoletana - La vera cabala del lotto
Baule,"di moribondo: la vita per te è molto dura, 90",90,49,Smorfia napoletana - La vera cabala del lotto
Baule,di bambino; generosità; 8,8,49,Smorfia napoletana - La vera cabala del lotto
Bavaglio,"essere imbavagliati: nessuno ti ascolta, 81",81,49,Smorfia napoletana - La vera cabala del lotto
Bavaglio,di bambino: dolcezza d'animo; 2,2,49,Smorfia napoletana - La vera cabala del lotto
Bavero,farai nuovi incontri; 4,4,49,Smorfia napoletana - La vera cabala del lotto
Bavero,alzato: vuoi sentirti protetto; 31,31,49,Smorfia napoletana - La vera cabala del lotto
Bavero,prendere per il: se vuoi trovare la persona giusta devi avere pazienza; 22,22,49,Smorfia napoletana - La vera cabala del lotto
Beccare,un uccello che becca: fortuna nel gioco; 72,72,49,Smorfia napoletana - La vera cabala del lotto
Becchino,sarai esonerato da spiacevoli doveri; 90,90,49,Smorfia napoletana - La vera cabala del lotto
Becchino,"con cassa: nel lavoro devi accettare di tutto, anche ciò che non ti compete: 86",86,49,Smorfia napoletana - La vera cabala del lotto
Becco,di uccello: umiltà 33,33,49,Smorfia napoletana - La vera cabala del lotto
Becco,di aquila: la tua prepotenza e il tuo esibizionismo sono esagerati; 66,66,49,Smorfia napoletana - La vera cabala del lotto
Beffare,un povero: la tua ricchezza aumenterà; 25,25,49,Smorfia napoletana - La vera cabala del lotto
Beffare,un cieco: cerca di essere più realista; 9,9,49,Smorfia napoletana - La vera cabala del lotto
Beffare,"uno storpio: malessere, possibili malattie; 25",25,50,Smorfia napoletana - La vera cabala del lotto
Beffare,un vecchio: la vecchiaia ti fa paura; 90,90,50,Smorfia napoletana - La vera cabala del lotto
Belare,una pecora: aiuterai un tuo amico in difficoltà; 11,11,50,Smorfia napoletana - La vera cabala del lotto
Bellezza,sensibilità; 70,70,50,Smorfia napoletana - La vera cabala del lotto
Belva,liti familiari; 23/27,23 27,50,Smorfia napoletana - La vera cabala del lotto
Belva,feroce: tra le tue conoscenze c'è qualcuno che è molto crudele; 29,29,50,Smorfia napoletana - La vera cabala del lotto
Benda,pulita; i tuoi affari saranno buoni; 77,77,50,Smorfia napoletana - La vera cabala del lotto
Benda,macchiata di sangue: presto vincerai; 13,13,50,Smorfia napoletana - La vera cabala del lotto
Benedizione,buon presagio; 83,83,50,Smorfia napoletana - La vera cabala del lotto
Benedizione,in chiesa: sei troppo influenzabile; 38,38,50,Smorfia napoletana - La vera cabala del lotto
Benedizione,papale: un tuo desiderio si esaudirà; 23,23,50,Smorfia napoletana - La vera cabala del lotto
Benedizione,dei genitori: matrimonio felice; 29,29,50,Smorfia napoletana - La vera cabala del lotto
Benefattore,la strada che hai scelto è quella giusta; 63,63,50,Smorfia napoletana - La vera cabala del lotto
Beneficenza,riceverla: sei sincero; 52,52,50,Smorfia napoletana - La vera cabala del lotto
Beneficenza,farla: hai delle difficoltà economiche; 51,51,50,Smorfia napoletana - La vera cabala del lotto
Beni,contesa; 25,25,51,Smorfia napoletana - La vera cabala del lotto
Beni,possedere: instabilità economica; 12,12,51,Smorfia napoletana - La vera cabala del lotto
Beni,ereditare: ti piacerebbe vivere senza lavorare: 63,63,51,Smorfia napoletana - La vera cabala del lotto
Beni,"perdere: anche se non lo ammetti, non sei capace di fare buoni affari; 2",2,51,Smorfia napoletana - La vera cabala del lotto
Beni,comprare beni agricoli: sarai fortunato: 77,77,51,Smorfia napoletana - La vera cabala del lotto
Beni,vendere beni agricoli: sarai sfortunato; 28,28,51,Smorfia napoletana - La vera cabala del lotto
Bere,"in vasi preziosi, presto diventerai ricco;3",3,51,Smorfia napoletana - La vera cabala del lotto
Bere,da una tazza pulita: ti sistemerai bene; 47,47,51,Smorfia napoletana - La vera cabala del lotto
Bere,da bicchieri fragili: la tua instabilità ti è da ostacolo; 7,7,51,Smorfia napoletana - La vera cabala del lotto
Bere,acqua: nascita in famiglia; 44,44,51,Smorfia napoletana - La vera cabala del lotto
Bere,"vino: allegria, felicità; 45",45,51,Smorfia napoletana - La vera cabala del lotto
Bere,alcolici: devi moderarti; 21,21,51,Smorfia napoletana - La vera cabala del lotto
Bere,sangue: guadagno; 59,59,51,Smorfia napoletana - La vera cabala del lotto
Bere,acqua gasata: un incontro fallirà; 71,71,51,Smorfia napoletana - La vera cabala del lotto
Bere,in amicizia: dispiacere; 11,11,51,Smorfia napoletana - La vera cabala del lotto
Bere,a sazietà: le tue voglie saranno soddisfatte; 13,13,51,Smorfia napoletana - La vera cabala del lotto
Bere,troppo: potresti avere dei guai; 17,17,51,Smorfia napoletana - La vera cabala del lotto
Berretto,da marinaio: vorresti essere sempre libero di viaggiare; 36,36,51,Smorfia napoletana - La vera cabala del lotto
Berretto,da donna: contrattempi; 36,36,51,Smorfia napoletana - La vera cabala del lotto
Berretto,da notte: ti conviene lasciare da parte gli affari; 2,2,51,Smorfia napoletana - La vera cabala del lotto
Berretto,antico: hai nostalgia dei passato; 33,33,51,Smorfia napoletana - La vera cabala del lotto
Berretto,militare: sei troppo rigoroso; 54,54,52,Smorfia napoletana - La vera cabala del lotto
Bersaglio,c'è una persona che vuoi conquistare; 58,58,52,Smorfia napoletana - La vera cabala del lotto
Bestemmiare,tradimento; 89,89,52,Smorfia napoletana - La vera cabala del lotto
Bettola,"bere con amici: gioia, consolazioni; 84",84,52,Smorfia napoletana - La vera cabala del lotto
Bettola,trovarsi solo in una: rammarico; 23,23,52,Smorfia napoletana - La vera cabala del lotto
Bevanda,dolce: una persona importante ti aiuterà; 18,18,52,Smorfia napoletana - La vera cabala del lotto
Bevanda,agra: riceverai una lettera; 83,83,52,Smorfia napoletana - La vera cabala del lotto
Bevanda,acquosa: devi essere più incisivo; 36,36,52,Smorfia napoletana - La vera cabala del lotto
Bevanda,esotica: vuoi cambiare ambiente 9,9,52,Smorfia napoletana - La vera cabala del lotto
Bevanda,alcolica: impara a moderarti; 18,18,52,Smorfia napoletana - La vera cabala del lotto
Bevanda,gradita: farsi degli incontri che ti saranno utili; 89,89,52,Smorfia napoletana - La vera cabala del lotto
Bevanda,narcotizzante: non vedi la verità; 34,34,52,Smorfia napoletana - La vera cabala del lotto
Bevanda,cattiva: ti rendi conto di avere un carattere acido; 25,25,52,Smorfia napoletana - La vera cabala del lotto
Biada,gli affari vanno a gonfie vele; 77,77,52,Smorfia napoletana - La vera cabala del lotto
Biancheria,segreti di famiglia: 8,8,53,Smorfia napoletana - La vera cabala del lotto
Biancheria,"vederne molta distesa: fortuna, 43",43,53,Smorfia napoletana - La vera cabala del lotto
Biancheria,"distenderla al sole: fine di un brutto periodo, 69",69,53,Smorfia napoletana - La vera cabala del lotto
Biancheria,sporca: sei maniaco della pulizia; 81,81,53,Smorfia napoletana - La vera cabala del lotto
Biancheria,da letto: malattia grave; 10,10,53,Smorfia napoletana - La vera cabala del lotto
Biancheria,"comperarla: matrimonio in vista, 35",35,53,Smorfia napoletana - La vera cabala del lotto
Biancheria,da tavola: festa; 10,10,53,Smorfia napoletana - La vera cabala del lotto
Bianco,"colore: purezza, sensibilità d'animo; 10",10,53,Smorfia napoletana - La vera cabala del lotto
Bibbia,"le nuove idee vanno subito messe in pratica, 83",83,53,Smorfia napoletana - La vera cabala del lotto
Bibbia,leggerla: necessiti di uno stimolo; 87,87,53,Smorfia napoletana - La vera cabala del lotto
Bicchiere,Pieno: riuscirai a raggiungere il benessere; 75,75,53,Smorfia napoletana - La vera cabala del lotto
Bicchiere,"vuoto: fai economia, il futuro non è roseo, 71",71,53,Smorfia napoletana - La vera cabala del lotto
Bicchiere,pieno di vino rosso: notizie inutili; 74,74,53,Smorfia napoletana - La vera cabala del lotto
Bicchiere,"pieno di vino bianco: buone notizie, 82",82,53,Smorfia napoletana - La vera cabala del lotto
Bicchiere,pieno di altri liquidi: un colloquio si rivelerà utile; 49,49,53,Smorfia napoletana - La vera cabala del lotto
Bicchiere,"di vetro: della tua debolezza gli altri ne approfittano, 44",44,53,Smorfia napoletana - La vera cabala del lotto
Bicchiere,d'oro o d'argento: se sarai parsimonioso la tua ricchezza aumenterà; 90,90,53,Smorfia napoletana - La vera cabala del lotto
Bicchiere,romperlo: la tua distrazione ti porterà solo guai; 51,51,54,Smorfia napoletana - La vera cabala del lotto
Bicchiere,incrinarlo: corri ai ripari; 6,6,54,Smorfia napoletana - La vera cabala del lotto
Bicchiere,ricevere un bicchiere d'acqua: nascita in famiglia; 22,22,54,Smorfia napoletana - La vera cabala del lotto
Bicicletta,semplicità; 31,31,54,Smorfia napoletana - La vera cabala del lotto
Bicicletta,"da corsa: vuoi migliorare il tuo aspetto, 12",12,54,Smorfia napoletana - La vera cabala del lotto
Bicicletta,da bambino: provi nostalgia per la tua infanzia; 16,16,54,Smorfia napoletana - La vera cabala del lotto
Bidone,sei pessimista; 11,11,54,Smorfia napoletana - La vera cabala del lotto
Bigamia,tua: hai dei dubbi sulla scelta del tuo partner; 25,25,54,Smorfia napoletana - La vera cabala del lotto
Bigamia,dei tuo partner: non tutti ti sono nemici; 27,27,54,Smorfia napoletana - La vera cabala del lotto
Bigiotteria,sii perseverante; 14,14,54,Smorfia napoletana - La vera cabala del lotto
Biglia,che rotola: gli avvenimenti ti travolgono; 37,37,54,Smorfia napoletana - La vera cabala del lotto
Bikini,"ti piace metterti in mostra, 9",9,54,Smorfia napoletana - La vera cabala del lotto
Bikini,addosso ad una donna: desideri avere delle avventure; 41,41,54,Smorfia napoletana - La vera cabala del lotto
Biglietto,della lotteria: fortuna (solo se vedi i numeri); 3,3,55,Smorfia napoletana - La vera cabala del lotto
Biglietto,d'amore: non vedrai la donna che ami; 22,22,55,Smorfia napoletana - La vera cabala del lotto
Biglietto,da visita: rischio 88,88,55,Smorfia napoletana - La vera cabala del lotto
Biglietto,di cinema: sei così chiuso che fatichi persino a divertirti. 57,57,55,Smorfia napoletana - La vera cabala del lotto
Biglietto,del treno. per migliorare la tua situazione occorreranno molti sacrifici: 79,79,55,Smorfia napoletana - La vera cabala del lotto
Biglietto,del tram cerca di avere più spirito di iniziativa 81,81,55,Smorfia napoletana - La vera cabala del lotto
Biglietto,spedire un biglietto d'auguri: aiuterai un tuo amico; 54,54,55,Smorfia napoletana - La vera cabala del lotto
Biglietto,"ricevere un biglietto d'auguri: sei molto benvoluto, 49",49,55,Smorfia napoletana - La vera cabala del lotto
Bilancio,farlo: problemi economici; 16,16,55,Smorfia napoletana - La vera cabala del lotto
Bilancio,leggerlo: non h fidi di qualcuno; 16,16,55,Smorfia napoletana - La vera cabala del lotto
Bilancio,"falsificarlo: devi essere onesto anche con te stesso, non solo con altri; 19",19,55,Smorfia napoletana - La vera cabala del lotto
Binario,l'intesa coi tuo partner è ottima 8,8,55,Smorfia napoletana - La vera cabala del lotto
Binario,senza treno: tutto procede per il meglio; 62,62,55,Smorfia napoletana - La vera cabala del lotto
Binario,con treno in arrivo: inquietudine; 58,58,55,Smorfia napoletana - La vera cabala del lotto
Binario,partenza: piacevole viaggio; 75,75,55,Smorfia napoletana - La vera cabala del lotto
Bionda,ragazza: fortuna; 43,43,55,Smorfia napoletana - La vera cabala del lotto
Biondo,uomo: amicizia; 45,45,55,Smorfia napoletana - La vera cabala del lotto
Biondo,esserlo: insincerità; 56,56,55,Smorfia napoletana - La vera cabala del lotto
Birilli,farli cadere: vincerai; 42,42,56,Smorfia napoletana - La vera cabala del lotto
Birilli,mancarli: perderai un affare; 43,43,56,Smorfia napoletana - La vera cabala del lotto
Biro,penna: praticità; 9,9,56,Smorfia napoletana - La vera cabala del lotto
Birra,sei timido e indeciso; 5,5,56,Smorfia napoletana - La vera cabala del lotto
Birra,berla: perdita di tempo; 10,10,56,Smorfia napoletana - La vera cabala del lotto
Birra,"rovesciarla: cominci ad avere fiducia in te stesso, 15",15,56,Smorfia napoletana - La vera cabala del lotto
Birra,comperarla: insoddisfazione; 11,11,56,Smorfia napoletana - La vera cabala del lotto
Birra,visitare una fabbrica di: vita allegra e spensierata; 57,57,56,Smorfia napoletana - La vera cabala del lotto
Bisaccia,vuota: sei sempre pronto ad affrontare gli imprevisti; 7,7,56,Smorfia napoletana - La vera cabala del lotto
Biscia,"hai dei nemici,. 84",84,56,Smorfia napoletana - La vera cabala del lotto
Biscia,essere morsi: tradimento di un amico; 79,79,56,Smorfia napoletana - La vera cabala del lotto
Biscotto,fantasia; 12,12,56,Smorfia napoletana - La vera cabala del lotto
Bisogno,"avere bisogno: anche se ti senti autonomo hai bisogno degli altri, 55",55,56,Smorfia napoletana - La vera cabala del lotto
Bisogno,"di denaro: chi si accontenta gode, mettilo in pratica; 7",7,56,Smorfia napoletana - La vera cabala del lotto
Bisogno,di aiuto: ti trascini problemi che risalgono alla tua infanzia; 5,5,56,Smorfia napoletana - La vera cabala del lotto
Bisonte,farai un viaggio: 21,21,56,Smorfia napoletana - La vera cabala del lotto
Bistecca,cruda: ti impressioni troppo facilmente; 50,50,57,Smorfia napoletana - La vera cabala del lotto
Bistecca,cotta: sei indipendente; 44,44,57,Smorfia napoletana - La vera cabala del lotto
Bistecca,rifiutarla: hai problemi :sessuali; 37,37,57,Smorfia napoletana - La vera cabala del lotto
Bistecca,mangiarla: non temi nulla; 49,49,57,Smorfia napoletana - La vera cabala del lotto
Bistecca,comprarla: guadagno al gioco12;,12,57,Smorfia napoletana - La vera cabala del lotto
Bisturi,troncherai con il passato; 80,80,57,Smorfia napoletana - La vera cabala del lotto
Bocca,grande: parli troppo; 73,73,57,Smorfia napoletana - La vera cabala del lotto
Bocca,piccola: amore; 80,80,57,Smorfia napoletana - La vera cabala del lotto
Bocca,aperta: ammirazione; 86,86,57,Smorfia napoletana - La vera cabala del lotto
Bocca,chiusa: li è difficile comunicare; 8,8,57,Smorfia napoletana - La vera cabala del lotto
Bocca,baciare la bocca di una donna: allegria; 74,74,57,Smorfia napoletana - La vera cabala del lotto
Bocca,baciare la bocca di un uomo: astuzia; 61,61,57,Smorfia napoletana - La vera cabala del lotto
Bocciolo,purezza; 59,59,57,Smorfia napoletana - La vera cabala del lotto
Bocciolo,vederlo sbocciare: crescita interiore; 81,81,57,Smorfia napoletana - La vera cabala del lotto
Bocciolo,offrirlo a qualcuno; essere capaci di accettare gli aspetti negativi dell'esistenza; 37,37,57,Smorfia napoletana - La vera cabala del lotto
Boccone,ingoiarlo: è stato difficile perdonare uno sgarbo fattoti; 14,14,57,Smorfia napoletana - La vera cabala del lotto
Boccone,amaro: non riesci a dimenticare le offese; 61,61,57,Smorfia napoletana - La vera cabala del lotto
Bombardamento,trovarsi sotto un: paura dei futuro: 17,17,58,Smorfia napoletana - La vera cabala del lotto
Bonta',di qualcuno: aspettati grosse delusioni; 19,19,58,Smorfia napoletana - La vera cabala del lotto
Bonta',"propria: nonostante i tuoi sforzi, gli altri non apprezzano come dovrebbero; 20",20,58,Smorfia napoletana - La vera cabala del lotto
Borsa,ricchezza passeggera: 14,14,58,Smorfia napoletana - La vera cabala del lotto
Borsa,vuota: stai attraversando un periodo difficile; 14,14,58,Smorfia napoletana - La vera cabala del lotto
Borsa,piena: il successo ti arride; 27,27,58,Smorfia napoletana - La vera cabala del lotto
Borsa,"azzurra: gioia, felicità; 52",52,58,Smorfia napoletana - La vera cabala del lotto
Borsa,da viaggio: ti attendono degli incontri interessanti; 18,18,58,Smorfia napoletana - La vera cabala del lotto
Borsa,della spesa: le piccole cose sono per te troppo importanti; 74,74,58,Smorfia napoletana - La vera cabala del lotto
Borsa,nera: speri nel tuo futuro; 2,2,58,Smorfia napoletana - La vera cabala del lotto
Borsa,da avvocato: litigi in famiglia; 20,20,58,Smorfia napoletana - La vera cabala del lotto
Borsa,di studio: riceverai una promozione; 89,89,58,Smorfia napoletana - La vera cabala del lotto
Borsellino,vuoto: temi che le tue ricchezze svaniscano troppo velocemente; 21,21,58,Smorfia napoletana - La vera cabala del lotto
Borsellino,pieno: aspettati d'essere fortunato; 54,54,58,Smorfia napoletana - La vera cabala del lotto
Borsellino,trovarne uno: buoni affari; 27,27,58,Smorfia napoletana - La vera cabala del lotto
Bosco,ami le situazioni misteriose; 50,50,58,Smorfia napoletana - La vera cabala del lotto
Bosco,in fiamme: fine delle tue paure; 7,7,58,Smorfia napoletana - La vera cabala del lotto
Bosco,di querce: gli affari ti vanno bene; 8,8,58,Smorfia napoletana - La vera cabala del lotto
Bosco,passeggiare in un: cominci a conoscerti meglio; 57,57,59,Smorfia napoletana - La vera cabala del lotto
Bosco,perdersi in un: ciò che più è sconosciuto ti disorienta; 81,81,59,Smorfia napoletana - La vera cabala del lotto
Bosco,"fare brutti incontri in un: stai attento, dovrai affrontare dei pericoli; 90",90,59,Smorfia napoletana - La vera cabala del lotto
Bosco,rotta: tristezza; 4,4,59,Smorfia napoletana - La vera cabala del lotto
Bosco,"piena: presagio di fortuna, ricchezza; 24",24,59,Smorfia napoletana - La vera cabala del lotto
Bosco,vuota: perderai al gioco; 64,64,59,Smorfia napoletana - La vera cabala del lotto
Bosco,"di vino: una situazione inizialmente allegra ti darà dei dispiaceri, 86",86,59,Smorfia napoletana - La vera cabala del lotto
Bosco,"di olio: incertezze interiori, 52",52,59,Smorfia napoletana - La vera cabala del lotto
Bosco,di aceto: allegria; 39,39,59,Smorfia napoletana - La vera cabala del lotto
Bosco,di liquore: farai un viaggio; 74,74,59,Smorfia napoletana - La vera cabala del lotto
Bosco,stapparla: hai preso un'importante decisione; 31,31,59,Smorfia napoletana - La vera cabala del lotto
Bosco,bere dalla: sei realista e hai uno spiccato senso degli affari; 83,83,59,Smorfia napoletana - La vera cabala del lotto
Bottone,dovrai affrontare alcuni imprevisti; 4,4,59,Smorfia napoletana - La vera cabala del lotto
Bouquet,il tuo più grande sogno è il matrimonio; 7,7,59,Smorfia napoletana - La vera cabala del lotto
Braccia,"sporche: attraverserai un periodo di miseria, 74",74,59,Smorfia napoletana - La vera cabala del lotto
Braccia,"vigorose: avrai molte soddisfazioni dal tuo lavoro, 8",8,59,Smorfia napoletana - La vera cabala del lotto
Braccia,sottili: sensibilità; 61,61,59,Smorfia napoletana - La vera cabala del lotto
Braccia,avere male alle: alcuni tuoi affari saranno interrotti; 46,46,59,Smorfia napoletana - La vera cabala del lotto
Braccia,pelose: ricchezza; 34,34,60,Smorfia napoletana - La vera cabala del lotto
Braccialetto,sei sentimentalmente legato; 35,35,60,Smorfia napoletana - La vera cabala del lotto
Braccialetto,d'oro: prossimo matrimonio; 35,35,60,Smorfia napoletana - La vera cabala del lotto
Braccialetto,d'argento: guadagno; 54,54,60,Smorfia napoletana - La vera cabala del lotto
Braccialetto,rotto: troncherai un rapporto sentimentale; 4,4,60,Smorfia napoletana - La vera cabala del lotto
Braccialetto,perduto; sei superficiale e questo tuo difetto ti procurerà dei guai; 56,56,60,Smorfia napoletana - La vera cabala del lotto
Brillante,smarrirlo: morte della persona cara: 84,84,60,Smorfia napoletana - La vera cabala del lotto
Brillante,venderlo: attraverserai un periodo di ristrettezze economiche; 79,79,60,Smorfia napoletana - La vera cabala del lotto
Brillante,scoprire che è falso: c'è qualcuno che è molto tempo che ti inganna; 80,80,60,Smorfia napoletana - La vera cabala del lotto
Brocca,attingere acqua con una: malattia; 38,38,60,Smorfia napoletana - La vera cabala del lotto
Brocca,rovesciarla: una forte delusione amorosa ti ha reso più realista; 15,15,60,Smorfia napoletana - La vera cabala del lotto
Brocca,piena d'acqua: ti sarà svelato un mistero; 69,69,60,Smorfia napoletana - La vera cabala del lotto
Brocca,"piena di vino: allegria, gioia; 72",72,60,Smorfia napoletana - La vera cabala del lotto
Brocca,vuota: la delusione che hai subito li ha tolto la voglia di vivere; 79,79,60,Smorfia napoletana - La vera cabala del lotto
Bruciare,la legna: la tua situazione economica è buona; 8,8,60,Smorfia napoletana - La vera cabala del lotto
Bruciare,veder bruciare la casa: dovrai ricominciare da capo; 64,64,60,Smorfia napoletana - La vera cabala del lotto
Bruciare,alberi: un lutto ti colpirà; 56,56,60,Smorfia napoletana - La vera cabala del lotto
Bruciare,vestiti: malattia; 4,4,60,Smorfia napoletana - La vera cabala del lotto
Buca,cadere: l'amore ti acceca 44,44,60,Smorfia napoletana - La vera cabala del lotto
Buca,uscire da una: sei riuscito a tirarti fuori da una situazione difficile; 56,56,61,Smorfia napoletana - La vera cabala del lotto
Buccia,non devi basarti sulle apparenze; 15,15,61,Smorfia napoletana - La vera cabala del lotto
Bue,la tua pazienza è considerata debolezza; 55,55,61,Smorfia napoletana - La vera cabala del lotto
Bue,che lavora: fortuna; 3,3,61,Smorfia napoletana - La vera cabala del lotto
Bue,"nero: sei salvo, un pericolo è stato scongiurato; 64",64,61,Smorfia napoletana - La vera cabala del lotto
Bue,carne di: finalmente li sei deciso a reagire; 5,5,61,Smorfia napoletana - La vera cabala del lotto
Bue,acquistare un: gravi dimenticanze; 16,16,61,Smorfia napoletana - La vera cabala del lotto
Bue,vederlo correre: un segreto sarà divulgato; 4,4,61,Smorfia napoletana - La vera cabala del lotto
Buio,il futuro ti fa paura; 79,79,61,Smorfia napoletana - La vera cabala del lotto
Buio,nascondersi: pensi che nessuna si accorga dei tuoi errori; 7,7,61,Smorfia napoletana - La vera cabala del lotto
Burrasca,di mare: vuoi effettuare dei cambiamenti; 36,36,61,Smorfia napoletana - La vera cabala del lotto
Burrasca,vederla: oltraggio; 23,23,61,Smorfia napoletana - La vera cabala del lotto
Burro,"sei rilassato, tutto andrà per il meglio; 64",64,61,Smorfia napoletana - La vera cabala del lotto
Burro,scioglierlo: sarai interrotto nel tuo riposo; 31,31,61,Smorfia napoletana - La vera cabala del lotto
Burro,spalmarlo: sei alla ricerca di un equilibrio interiore; 37,37,61,Smorfia napoletana - La vera cabala del lotto
Bussare,alla porta: sei indiscreto; 4,4,61,Smorfia napoletana - La vera cabala del lotto
Bussare,sentir bussare: arriveranno delle notizie; 9,9,61,Smorfia napoletana - La vera cabala del lotto
Bussare,alla finestra: novità veramente grosse; 5,5,61,Smorfia napoletana - La vera cabala del lotto
Busta,impostata: qualcuno molto influente si interesserà a te; 41,41,62,Smorfia napoletana - La vera cabala del lotto
Busta,di lettera: agisci senza intermediari; 68,68,62,Smorfia napoletana - La vera cabala del lotto
Buttarsi,da un treno: non accetti il minimo cambiamento; 4,4,62,Smorfia napoletana - La vera cabala del lotto
Buttarsi,dalla finestra: il tuo moralismo è eccessivo; 35,35,62,Smorfia napoletana - La vera cabala del lotto
Buttarsi,da cavallo: i problemi non si risolvono solo con l'istinto; 19,19,62,Smorfia napoletana - La vera cabala del lotto
Buttarsi,berlo: la tua vita è piacevole; 31,31,62,Smorfia napoletana - La vera cabala del lotto
Buttarsi,prepararlo: vuoi apparire pieno di energie; 12,12,62,Smorfia napoletana - La vera cabala del lotto
Buttarsi,"offrirlo: sei troppo nervoso, impara a controllarti; 41",41,62,Smorfia napoletana - La vera cabala del lotto
Buttarsi,macinarlo: attraversi un periodo di ansie; 18,18,62,Smorfia napoletana - La vera cabala del lotto
Calamita,temi di essere abbandonato dal tuo partner 37,37,62,Smorfia napoletana - La vera cabala del lotto
Calcio,non sopporti più l'amicizia che ti legava ad una persona; 13,13,62,Smorfia napoletana - La vera cabala del lotto
Calcio,darlo a un nemico: bramosia; 52,52,62,Smorfia napoletana - La vera cabala del lotto
Calcio,riceverlo: avrai degli aiuti inattesi; 88,88,63,Smorfia napoletana - La vera cabala del lotto
Caldo,"sentirlo: equilibrio, 7",7,63,Smorfia napoletana - La vera cabala del lotto
Caldo,soffrire per il troppo: vuoi essere lasciato in pace; 89,89,63,Smorfia napoletana - La vera cabala del lotto
Caccia,la sfida che hai lanciato risulterà molto pericolosa; 42,42,63,Smorfia napoletana - La vera cabala del lotto
Caccia,di frodo: sei sleale; 11,11,63,Smorfia napoletana - La vera cabala del lotto
Caccia,grossa: i tuoi desideri verranno esauditi; 88,88,63,Smorfia napoletana - La vera cabala del lotto
Caccia,parteciparvi: prima di agire valuta bene la situazione; 12,12,63,Smorfia napoletana - La vera cabala del lotto
Cadavere,presagio disastroso; 61/43,61 43,63,Smorfia napoletana - La vera cabala del lotto
Cadavere,vestito: gioia; 16,16,63,Smorfia napoletana - La vera cabala del lotto
Cadavere,in putrefazione: pericolo; 40/46,40 46,63,Smorfia napoletana - La vera cabala del lotto
Cadavere,in acqua: hai litigato con il tuo partner; 19,19,63,Smorfia napoletana - La vera cabala del lotto
Cadavere,in casa: la fortuna ti ha voltato le spalle; 11,11,63,Smorfia napoletana - La vera cabala del lotto
Cadavere,di un amico: sei in salvo; 14,14,63,Smorfia napoletana - La vera cabala del lotto
Cadavere,seppellirlo: dai un taglio al passato; 32,32,63,Smorfia napoletana - La vera cabala del lotto
Cadavere,nascosto: cerchi di celare le tue antipatie; 61,61,63,Smorfia napoletana - La vera cabala del lotto
Cadavere,di un nemico: odi qualcuno; 8,8,63,Smorfia napoletana - La vera cabala del lotto
Cadere,senso di colpa; 51,51,63,Smorfia napoletana - La vera cabala del lotto
Cadere,camminando: scoprirai che anche le cose più semplici possono complicarsi; 2,2,63,Smorfia napoletana - La vera cabala del lotto
Cadere,da un ponte: pazzia 87,87,63,Smorfia napoletana - La vera cabala del lotto
Cadere,"dalle scale: il tuo livello sociale non è meritato, 73",73,63,Smorfia napoletana - La vera cabala del lotto
Cadere,dalla finestra: vorresti fuggire dai tuoi problemi familiari; 63,63,64,Smorfia napoletana - La vera cabala del lotto
Cadere,"in mare: sei angosciato, 8",8,64,Smorfia napoletana - La vera cabala del lotto
Cadere,nel fuoco: attenzione non sottovalutare i pericolo; 83,83,64,Smorfia napoletana - La vera cabala del lotto
Cadere,da un precipizio: i tuoi propositi hanno fatto acqua; 60,60,64,Smorfia napoletana - La vera cabala del lotto
Calendario,vecchio: pensare agli errori commessi è distruttivo; 36,36,64,Smorfia napoletana - La vera cabala del lotto
Calendario,staccare i fogli ad un: volontà; 77,77,64,Smorfia napoletana - La vera cabala del lotto
Calice,bervi: sei troppo pretenzioso; 81,81,64,Smorfia napoletana - La vera cabala del lotto
Calice,versarvi dei vino: non prendere decisioni che non ti competono; 8,8,64,Smorfia napoletana - La vera cabala del lotto
Calice,pieno: cogli al volo l'occasione che h si presenta; 19,19,64,Smorfia napoletana - La vera cabala del lotto
Calice,vuoto: sii prudente; 36,36,64,Smorfia napoletana - La vera cabala del lotto
Calice,"d'oro: sei troppo materialista, 64",64,64,Smorfia napoletana - La vera cabala del lotto
Calice,da messa: non farti influenzare; 11,11,64,Smorfia napoletana - La vera cabala del lotto
Calligrafia,interpretarla: vorresti capire il carattere di chi hai vicino; 7,7,64,Smorfia napoletana - La vera cabala del lotto
Calunniare,pensi di avere un rivale; 21,21,64,Smorfia napoletana - La vera cabala del lotto
Calunniare,essere calunniati: sei consapevole di avere commesso degli errori; 62,62,64,Smorfia napoletana - La vera cabala del lotto
Calze,"indossarle: buon presagio, 29",29,64,Smorfia napoletana - La vera cabala del lotto
Calze,spaiate: rappresentano due aspetti dei tuo carattere; 29,29,64,Smorfia napoletana - La vera cabala del lotto
Calze,essere senza: per te i particolari non hanno importanza; 35,35,64,Smorfia napoletana - La vera cabala del lotto
Calzoni,sicurezza; 51,51,65,Smorfia napoletana - La vera cabala del lotto
Calzoni,stracciati: fortuna; 55,55,65,Smorfia napoletana - La vera cabala del lotto
Calzoni,di cotone: ottimismo; 4,4,65,Smorfia napoletana - La vera cabala del lotto
Calzoni,indossati da una donna: figlio maschio; 76,76,65,Smorfia napoletana - La vera cabala del lotto
Cambiale,non devi essere così apprensivo; 5,5,65,Smorfia napoletana - La vera cabala del lotto
Cambiare,ogni piccolo cambiamento ti sembra una grande avventura; 33,33,65,Smorfia napoletana - La vera cabala del lotto
Cambiare,"casa: cambierai partner, forse ti sposerai; 82",82,65,Smorfia napoletana - La vera cabala del lotto
Cambiare,vita: i tuoi progetti sono molto ambiziosi; 31,31,65,Smorfia napoletana - La vera cabala del lotto
Cambiare,città: la tua sede di lavoro cambierà; 13,13,65,Smorfia napoletana - La vera cabala del lotto
Camera,simboleggia i nostrii sentimenti; 47,47,65,Smorfia napoletana - La vera cabala del lotto
Camera,affrescata: pecchi spesso di superbia: 46,46,65,Smorfia napoletana - La vera cabala del lotto
Camera,mortuaria: malattia non grave; 7/77/88,7 77 88,65,Smorfia napoletana - La vera cabala del lotto
Camera,da pranzo: la tua famiglia ritornerà ad essere unita; 15,15,65,Smorfia napoletana - La vera cabala del lotto
Camera,da letto: ottima intesa tra marito e moglie; 20,20,65,Smorfia napoletana - La vera cabala del lotto
Camera,"sporca: il tuo animo non è sereno, 77",77,65,Smorfia napoletana - La vera cabala del lotto
Camera,ordinata: sei razionale; 2,2,65,Smorfia napoletana - La vera cabala del lotto
Camera,disordinata: la tua esistenza è stata sconvolta da qualcosa; 14,14,65,Smorfia napoletana - La vera cabala del lotto
Camicia,"fortuna, benessere; 76/52",76 52,65,Smorfia napoletana - La vera cabala del lotto
Camicia,da notte: sei molto insicuro; 3,3,65,Smorfia napoletana - La vera cabala del lotto
Camicia,di forza: le tue stravaganze sono considerate sintomo di instabilità; 11,11,65,Smorfia napoletana - La vera cabala del lotto
Camicia,lavarla: vuoi migliorarti; 16,16,66,Smorfia napoletana - La vera cabala del lotto
Camicia,stirarla; il tuo equilibrio è solo apparente; 81,81,66,Smorfia napoletana - La vera cabala del lotto
Camicia,toglierla: una tua speranza è stata delusa; 40,40,66,Smorfia napoletana - La vera cabala del lotto
Caminetto,acceso: l'affetto che ti circonda è sincero; 30,30,66,Smorfia napoletana - La vera cabala del lotto
Caminetto,spento: l'armonia familiare è turbata; 31,31,66,Smorfia napoletana - La vera cabala del lotto
Camminare,"in discesa: la tua strada sarà piacevole, facile; 13",13,66,Smorfia napoletana - La vera cabala del lotto
Camminare,in. salita: per realizzare i tuoi propositi dovrai faticare; 15,15,66,Smorfia napoletana - La vera cabala del lotto
Camminare,velocemente: non decidere frettolosamente; 31,31,66,Smorfia napoletana - La vera cabala del lotto
Camminare,lentamente: stai esaurendo le tue forze; 18,18,66,Smorfia napoletana - La vera cabala del lotto
Camminare,con una donna: troverai degli amici sinceri nel posto dove lavori; 9,9,66,Smorfia napoletana - La vera cabala del lotto
Campana,riceverai un invito importante; 43,43,66,Smorfia napoletana - La vera cabala del lotto
Campana,che suona: diffamazione; 84/87,84 87,66,Smorfia napoletana - La vera cabala del lotto
Campana,che suona a morto: prima di agire studia bene la situazione; 31,31,66,Smorfia napoletana - La vera cabala del lotto
Campanile,salirvi: risolverai dei problemi di famiglia; 27,27,66,Smorfia napoletana - La vera cabala del lotto
Campanile,senza campane: nessuna novità; 26,26,66,Smorfia napoletana - La vera cabala del lotto
Campo,verde: gli affari vanno a gonfie vele; 6,6,66,Smorfia napoletana - La vera cabala del lotto
Campo,arato: metti ordine in te stesso; 1,1,66,Smorfia napoletana - La vera cabala del lotto
Campo,di grano; abbondanza; 37,37,66,Smorfia napoletana - La vera cabala del lotto
Campo,di fiori: incontri romantici; 59,59,67,Smorfia napoletana - La vera cabala del lotto
Canarino,sentirlo cantare: attento alle adulazioni; 24,24,67,Smorfia napoletana - La vera cabala del lotto
Canarino,vederlo: non fidarti delle persone superficiali; 39,39,67,Smorfia napoletana - La vera cabala del lotto
Cancro,alla testa: un'idea fissa non ti dà tregua; 34,34,67,Smorfia napoletana - La vera cabala del lotto
Cancro,al seno: tieni d'occhio la salute dei tuoi figli; 37,37,67,Smorfia napoletana - La vera cabala del lotto
Cancro,costellazione: cerchi qualcuno che ti possa capire; 86,86,67,Smorfia napoletana - La vera cabala del lotto
Candela,una vecchia fiamma d'amore è ancora accesa in te; 65,65,67,Smorfia napoletana - La vera cabala del lotto
Candela,accesa: hai una promessa da mantenere; 89,89,67,Smorfia napoletana - La vera cabala del lotto
Candela,spenta: la speranza ti ha abbandonato; 31,31,67,Smorfia napoletana - La vera cabala del lotto
Candela,tenerla in mano: ami una persona da cui non sei riamato; 13,13,67,Smorfia napoletana - La vera cabala del lotto
Candela,accenderla in chiesa: devi risolvere da solo i tuoi problemi; 12,12,67,Smorfia napoletana - La vera cabala del lotto
Cane,"non scordarti dei tuoi amici, 61",61,67,Smorfia napoletana - La vera cabala del lotto
Cane,che abbaia: pericolo imminente; 50,50,67,Smorfia napoletana - La vera cabala del lotto
Cane,che morde: un amico ti tradirà; 67,67,67,Smorfia napoletana - La vera cabala del lotto
Cane,da caccia: fortuna; 46,46,67,Smorfia napoletana - La vera cabala del lotto
Cane,da guardia: hai amici che ti proteggono; 28,28,67,Smorfia napoletana - La vera cabala del lotto
Cane,bastardo: è proprio vero che le apparenze ingannano; 69,69,67,Smorfia napoletana - La vera cabala del lotto
Canguro,che salta: preferisci evitare i problemi invece che risolverli; 75,75,68,Smorfia napoletana - La vera cabala del lotto
Cannone,"usarlo: vuoi essere ascoltato, 17",17,68,Smorfia napoletana - La vera cabala del lotto
Cantante,esserlo: allegria; 86,86,68,Smorfia napoletana - La vera cabala del lotto
Cantante,lirico: sei troppo serio; 87,87,68,Smorfia napoletana - La vera cabala del lotto
Cantina,simboleggia il tuo inconscio; 74,74,68,Smorfia napoletana - La vera cabala del lotto
Cantina,rimanere bloccati: conflitti interiori; 80,80,68,Smorfia napoletana - La vera cabala del lotto
Cantina,scendere in cantina: vuoi analizzare il tuo carattere; 37,37,68,Smorfia napoletana - La vera cabala del lotto
Cantina,vederla: ti conoscerai meglio; 13,13,68,Smorfia napoletana - La vera cabala del lotto
Canzone,"cantarla: la felicità conquistata facilmente è effimera, 31",31,68,Smorfia napoletana - La vera cabala del lotto
Canzone,sentirla: desideri evadere dalla solita vita; 68,68,68,Smorfia napoletana - La vera cabala del lotto
Capelli,lunghi: buon auspicio; 84,84,68,Smorfia napoletana - La vera cabala del lotto
Capelli,corti: sai prendere facilmente l'iniziativa: 83,83,68,Smorfia napoletana - La vera cabala del lotto
Capelli,in disordine: hai troppi pensieri; 9,9,68,Smorfia napoletana - La vera cabala del lotto
Capelli,in ordine: sei troppo formale; 81,81,68,Smorfia napoletana - La vera cabala del lotto
Capodanno,speri motto nell'avvenire; 1,1,68,Smorfia napoletana - La vera cabala del lotto
Cappello,cerchi di nascondere le tue idee: 54,54,68,Smorfia napoletana - La vera cabala del lotto
Cappello,di paglia: vanità; 28,28,68,Smorfia napoletana - La vera cabala del lotto
Cappello,di feltro: hai parecchie preoccupazioni; 89,89,69,Smorfia napoletana - La vera cabala del lotto
Cappello,vecchio: subirai una perdita; 5,5,69,Smorfia napoletana - La vera cabala del lotto
Cappello,portarlo: sei una persona che ha successo; 31,31,69,Smorfia napoletana - La vera cabala del lotto
Cappello,perderlo: perderai la libertà; 2/55,2 55,69,Smorfia napoletana - La vera cabala del lotto
Cappello,toglierlo: devi rispettare anche le idee altrui; 37,37,69,Smorfia napoletana - La vera cabala del lotto
Capra,la tua vita procede tranquilla; 2,2,69,Smorfia napoletana - La vera cabala del lotto
Capra,bianca: la tua situazione finanziaria potrà migliorare; 31,31,69,Smorfia napoletana - La vera cabala del lotto
Capra,"nera: breve malattia, 27",27,69,Smorfia napoletana - La vera cabala del lotto
Capra,averne molte: ricchezza; 8/50,8 50,69,Smorfia napoletana - La vera cabala del lotto
Carbone,sei molto innamorato di una persona che non lo sa; 85,85,69,Smorfia napoletana - La vera cabala del lotto
Carbone,ardente: sei capace di grandi passioni; 14,14,69,Smorfia napoletana - La vera cabala del lotto
Carbone,"spento: la passione si è esaurita, 31",31,69,Smorfia napoletana - La vera cabala del lotto
Carne,problemi psicologici; 25,25,69,Smorfia napoletana - La vera cabala del lotto
Carne,comprarla: guadagnerai al gioco; 13,13,69,Smorfia napoletana - La vera cabala del lotto
Carne,cruda: sensibilità; 49,49,69,Smorfia napoletana - La vera cabala del lotto
Carne,cotta: la tua fortuna aumenterà; 52,52,69,Smorfia napoletana - La vera cabala del lotto
Carne,lessata: tristezza; 70,70,69,Smorfia napoletana - La vera cabala del lotto
Carro,farai un trasloco; 90,90,70,Smorfia napoletana - La vera cabala del lotto
Carro,funebre: ricorrenza; 89,89,70,Smorfia napoletana - La vera cabala del lotto
Carro,"salire su un: il tuo potere aumenta, 43",43,70,Smorfia napoletana - La vera cabala del lotto
Carro,scendere da un: le sconfitte ti bruciano; 51,51,70,Smorfia napoletana - La vera cabala del lotto
Carro,di grano: breve malattia; 19/90,19 90,70,Smorfia napoletana - La vera cabala del lotto
Carro,di fieno: segui la tua meta; 17,17,70,Smorfia napoletana - La vera cabala del lotto
Carro,tirato: rischi di non farcela; 47,47,70,Smorfia napoletana - La vera cabala del lotto
Carta,stampata: hai buone capacità espressive che ti faranno fare carriera; 6,6,70,Smorfia napoletana - La vera cabala del lotto
Carta,vederla: ti richiederanno dei certificati; 54,54,70,Smorfia napoletana - La vera cabala del lotto
Carta,trovarla: fortuna; 39,39,70,Smorfia napoletana - La vera cabala del lotto
Carta,bruciarla: scinderai un contratto; 9,9,70,Smorfia napoletana - La vera cabala del lotto
Carta,colorata: ami tutto ciò che è nuovo; 63,63,70,Smorfia napoletana - La vera cabala del lotto
Cartello,stradale: fai attenzione agli avvertimenti; 86,86,70,Smorfia napoletana - La vera cabala del lotto
Cartello,incomprensibile: fai fatica ad inserirti nella cerchia delle tue conoscenze; 89,89,70,Smorfia napoletana - La vera cabala del lotto
Casa,tua: ami molto la famiglia che per te è importantissima; 59,59,70,Smorfia napoletana - La vera cabala del lotto
Casa,di qualcun altro: quando sei con amici ti trovi a tuo agio; 60,60,70,Smorfia napoletana - La vera cabala del lotto
Casa,piccola: gioia; tranquillità; 47,47,70,Smorfia napoletana - La vera cabala del lotto
Casa,grande: la fortuna ti sorride: 39,39,70,Smorfia napoletana - La vera cabala del lotto
Casa,regalarla: viaggio; 47,47,70,Smorfia napoletana - La vera cabala del lotto
Casa,pericolante: malattia; 64,64,70,Smorfia napoletana - La vera cabala del lotto
Casa,costruirla: lavori su basi sicure; 31,31,71,Smorfia napoletana - La vera cabala del lotto
Casa,demolirla: vuoi scordare il passato; 37,37,71,Smorfia napoletana - La vera cabala del lotto
Cassetto,chiuso: non sprecare le tue energie; 84,84,71,Smorfia napoletana - La vera cabala del lotto
Cassetto,aperto: utilizza la tua esperienza; 81,81,71,Smorfia napoletana - La vera cabala del lotto
Cassetto,chiuso a chiave: forte gelosia; 7,7,71,Smorfia napoletana - La vera cabala del lotto
Castello,sei attratto dall' ignoto; 23,23,71,Smorfia napoletana - La vera cabala del lotto
Castello,viverci: la fortuna non può essere sempre dalla tua parte; 9,9,71,Smorfia napoletana - La vera cabala del lotto
Castello,chiuso: devi superare grandi ostacoli: 15,15,71,Smorfia napoletana - La vera cabala del lotto
Castello,disabitato: gli imprevisti ti fanno paura; 2,2,71,Smorfia napoletana - La vera cabala del lotto
Catena,"forti legami, stabilità affettiva; 43",43,71,Smorfia napoletana - La vera cabala del lotto
Catena,d'oro: il tuo amore è fortissimo; 81,81,71,Smorfia napoletana - La vera cabala del lotto
Catena,"d'argento: i legami per te devono essere duraturi, 82",82,71,Smorfia napoletana - La vera cabala del lotto
Catena,romperla: ti libererai dal passato; 3,3,71,Smorfia napoletana - La vera cabala del lotto
Cavallo,ottimo augurio; 25/68,25 68,71,Smorfia napoletana - La vera cabala del lotto
Cavallo,ferrarlo: gioia 4/6/20,4 6 20,71,Smorfia napoletana - La vera cabala del lotto
Cavallo,montarlo: diventerai celebre; 6,6,71,Smorfia napoletana - La vera cabala del lotto
Cavallo,nero: miseria; 3,3,71,Smorfia napoletana - La vera cabala del lotto
Cavallo,bianco: ingenuità; 50,50,71,Smorfia napoletana - La vera cabala del lotto
Cavallo,che scalcia: incoerenza; 17,17,71,Smorfia napoletana - La vera cabala del lotto
Cavallo,che galoppa: avrai successo; 24/35,24 35,71,Smorfia napoletana - La vera cabala del lotto
Cavallo,da sella: gli affari non ti danno tregua; 8,8,72,Smorfia napoletana - La vera cabala del lotto
Cavallo,che pascola: serenità; 14,14,72,Smorfia napoletana - La vera cabala del lotto
Cavallo,"vedere un branco di cavalli selvaggi: ami tutto ciò che la vita ti offre, 39",39,72,Smorfia napoletana - La vera cabala del lotto
Cavallo,"che trotta: ti accontenti di quello che hai, 41",41,72,Smorfia napoletana - La vera cabala del lotto
Cavallo,motto obbediente: la tua calma si trasforma spesso in monotonia; 88,88,72,Smorfia napoletana - La vera cabala del lotto
Cavallo,domarne uno: vuoi domare te stesso; 71,71,72,Smorfia napoletana - La vera cabala del lotto
Cenere,"fine di un amore, 69",69,72,Smorfia napoletana - La vera cabala del lotto
Cenere,sul corpo: vuoi fare penitenza; 53,53,72,Smorfia napoletana - La vera cabala del lotto
Cenere,raccoglierla: dispiaceri in famiglia; 71,71,72,Smorfia napoletana - La vera cabala del lotto
Cenere,camminare sulla: i dolori altrui ti lasciano indifferenti; 57,57,72,Smorfia napoletana - La vera cabala del lotto
Cercare,qualcosa: insoddisfazione; 38,38,72,Smorfia napoletana - La vera cabala del lotto
Cercare,casa: probabilmente ti sposerai presto; 11,11,72,Smorfia napoletana - La vera cabala del lotto
Cercare,denaro: i tuoi affari peggioreranno; 49,49,72,Smorfia napoletana - La vera cabala del lotto
Cercare,qualcuno: incontrerai una persona che non vedi da tempo; 17,17,72,Smorfia napoletana - La vera cabala del lotto
Cerchio,benessere; 19,19,72,Smorfia napoletana - La vera cabala del lotto
Cerchio,disegnarlo: sai di non avere vie d'uscita; 18,18,72,Smorfia napoletana - La vera cabala del lotto
Cerchio,vederlo: sei sconvolto da una passione 8,8,72,Smorfia napoletana - La vera cabala del lotto
Cerchio,essere all'interno di un: il legame affettivo che hai non ti soddisfa; 36,36,72,Smorfia napoletana - La vera cabala del lotto
Cerino,ti si presenterà una piccola opportunità; 51,51,72,Smorfia napoletana - La vera cabala del lotto
Cerino,spento: non hai speranze; 14,14,72,Smorfia napoletana - La vera cabala del lotto
Cerino,acceso: potrai riuscire; 17,17,73,Smorfia napoletana - La vera cabala del lotto
Certificato,insicurezza; 60,60,73,Smorfia napoletana - La vera cabala del lotto
Certificato,non riuscire ad ottenerlo: non riconoscono la tua importanza; 16,16,73,Smorfia napoletana - La vera cabala del lotto
Certificato,farne richiesta: hai bisogno di veder confermati i tuoi meriti; 67,67,73,Smorfia napoletana - La vera cabala del lotto
Cervo,tradirai il tuo coniuge; 17,17,73,Smorfia napoletana - La vera cabala del lotto
Cervo,vederlo correre: sei portato a disprezzare chi ritieni inferiore; 7,7,73,Smorfia napoletana - La vera cabala del lotto
Cervo,"ucciderne uno: eredità, vincita; 6/60",6 60,73,Smorfia napoletana - La vera cabala del lotto
Cervo,vederlo: il tuo prestigio aumenterà; 21,21,73,Smorfia napoletana - La vera cabala del lotto
Cespuglio,"non riesci a vedere chiaramente la realtà, 29",29,73,Smorfia napoletana - La vera cabala del lotto
Cespuglio,nascondersi: fingi di non aver problemi; 20,20,73,Smorfia napoletana - La vera cabala del lotto
Cespuglio,aggirarlo: non vuoi capire qualcosa; 63,63,73,Smorfia napoletana - La vera cabala del lotto
Cespuglio,fitto: i tuoi problemi si risolveranno; 71,71,73,Smorfia napoletana - La vera cabala del lotto
Cespuglio,vedere qualcuno nascosto dietro: fortuna; 59,59,73,Smorfia napoletana - La vera cabala del lotto
Chiave,qualcuno molto influente ti aiuterà; 21,21,73,Smorfia napoletana - La vera cabala del lotto
Chiave,rotta: breve malattia 32,32,73,Smorfia napoletana - La vera cabala del lotto
Chiave,aprire con le: farai esperienze positive; 46,46,73,Smorfia napoletana - La vera cabala del lotto
Chiave,chiudere con le: vuoi cambiare modo d'agire; 48,48,73,Smorfia napoletana - La vera cabala del lotto
Chiave,perderle: hai perso un'occasione che ora già tua; 83,83,73,Smorfia napoletana - La vera cabala del lotto
Chiave,trovarle: hai possibilità di fare carriera; 53,53,74,Smorfia napoletana - La vera cabala del lotto
Chiave,sbagliate: la tua superficialità ti fa perdere delle buone occasioni; 41,41,74,Smorfia napoletana - La vera cabala del lotto
Chiave,false: inganni quelli che stanno vicino a te; 59,59,74,Smorfia napoletana - La vera cabala del lotto
Chiave,della automobile: potrai andare lontano; 28,28,74,Smorfia napoletana - La vera cabala del lotto
Chiesa,costruirla: gioia; 49,49,74,Smorfia napoletana - La vera cabala del lotto
Chiesa,"esserci: pace, tranquillità d'animo; 84",84,74,Smorfia napoletana - La vera cabala del lotto
Chiesa,consacrata: il tuo matrimonio è felice; 4,4,74,Smorfia napoletana - La vera cabala del lotto
Chiesa,sconsacrata: hai molti dubbi; 59,59,74,Smorfia napoletana - La vera cabala del lotto
Chiesa,andarci: beneficenza; 5,5,74,Smorfia napoletana - La vera cabala del lotto
Chiesa,vuota: in famiglia soffri di solitudine; 52,52,74,Smorfia napoletana - La vera cabala del lotto
Chiesa,pregare: gioia e consolazione; 77/88,77 88,74,Smorfia napoletana - La vera cabala del lotto
Chinarsi,ti attende un duro lavoro; 23,23,74,Smorfia napoletana - La vera cabala del lotto
Chinarsi,per prendere qualcosa: il tuo lavoro sarà ben retribuito; 12,12,74,Smorfia napoletana - La vera cabala del lotto
Chiodi,rappresentano i tuoi legami affettivi; 25,25,74,Smorfia napoletana - La vera cabala del lotto
Chiodi,piantarli: avrai nuove amicizie; 37,37,74,Smorfia napoletana - La vera cabala del lotto
Chiodi,toglierli: romperai con un amico; 41,41,74,Smorfia napoletana - La vera cabala del lotto
Chiodi,vederli: sei contento di essere popolare tra i tuoi amici; 22,22,74,Smorfia napoletana - La vera cabala del lotto
Chiodi,di garofano: riceverai un invito a cena inaspettato; 53,53,74,Smorfia napoletana - La vera cabala del lotto
Chitarra,stai inutilmente illudendo qualcuno; 11,11,75,Smorfia napoletana - La vera cabala del lotto
Chitarra,suonarla: rivelerai i tuoi sentimenti a qualcuno: 22,22,75,Smorfia napoletana - La vera cabala del lotto
Chitarra,fabbricarla: cerchi di esprimerti nel modo migliore; 13,13,75,Smorfia napoletana - La vera cabala del lotto
Chiudere,fine di una relazione; 69,69,75,Smorfia napoletana - La vera cabala del lotto
Chiudere,"un occhio: fingi di non vedere, 37",37,75,Smorfia napoletana - La vera cabala del lotto
Chiudere,una porta: non dai confidenza; 83,83,75,Smorfia napoletana - La vera cabala del lotto
Cibo,soddisferai i tuoi desideri; 12,12,75,Smorfia napoletana - La vera cabala del lotto
Cibo,mangiarlo: il tuo carattere migliora; 15,15,75,Smorfia napoletana - La vera cabala del lotto
Cibo,rifiutarlo: problemi di salute; 21,21,75,Smorfia napoletana - La vera cabala del lotto
Cicatrici,avvenimenti dolorosi che ti sono accaduti in passato; 1,1,75,Smorfia napoletana - La vera cabala del lotto
Cicatrici,vederlo su altri: hai fatto dei male a qualcuno; 9,9,75,Smorfia napoletana - La vera cabala del lotto
Cicatrici,sul proprio corpo: hai superato i traumi che ti hanno fatto soffrire; 18,18,75,Smorfia napoletana - La vera cabala del lotto
Cicatrici,che si riaprono: un vecchio dolore non è stato dimenticato; 2,2,75,Smorfia napoletana - La vera cabala del lotto
Cieco,sospendi il viaggio che vorresti fare; 45,45,75,Smorfia napoletana - La vera cabala del lotto
Cieco,esserlo: sii prudente; 37,37,75,Smorfia napoletana - La vera cabala del lotto
Cieco,vederlo: non fidarti degli altri; 47,47,75,Smorfia napoletana - La vera cabala del lotto
Cieco,diventarlo improvvisamente: fortuna: 41,41,75,Smorfia napoletana - La vera cabala del lotto
Cielo,felicità; 3,3,75,Smorfia napoletana - La vera cabala del lotto
Cielo,sereno: gioia; 15,15,75,Smorfia napoletana - La vera cabala del lotto
Cielo,nuvoloso: problemi all'orizzonte; 9,9,76,Smorfia napoletana - La vera cabala del lotto
Cielo,stellato: aspettati grosse novità; 4,4,76,Smorfia napoletana - La vera cabala del lotto
Cielo,"rosso: ti attende una situazione propizia, approfittane; 37",37,76,Smorfia napoletana - La vera cabala del lotto
Cielo,nero: cattivo presagio; 26,26,76,Smorfia napoletana - La vera cabala del lotto
Cifra,sii prudente nei tuoi acquisti; 20,20,76,Smorfia napoletana - La vera cabala del lotto
Ciglia,hai troppi pensieri; 85,85,76,Smorfia napoletana - La vera cabala del lotto
Ciglia,folte: troppa confusione in testa; 48,48,76,Smorfia napoletana - La vera cabala del lotto
Ciglia,rade: dovresti avere più spirito d'iniziativa; 51,51,76,Smorfia napoletana - La vera cabala del lotto
Ciliegia,tanfi momenti di felicità; 42,42,76,Smorfia napoletana - La vera cabala del lotto
Ciliegia,mangiarle: soddisferai i tuoi desideri; 47,47,76,Smorfia napoletana - La vera cabala del lotto
Ciliegio,"bontà, 7",7,76,Smorfia napoletana - La vera cabala del lotto
Ciliegio,fiorito: la persona che ami contraccambia nel modo più completo; 9,9,76,Smorfia napoletana - La vera cabala del lotto
Cima,di una montagna: denaro in arrivo; 44/68,44 68,76,Smorfia napoletana - La vera cabala del lotto
Cimitero,buon auspicio; 5,5,76,Smorfia napoletana - La vera cabala del lotto
Cimitero,trovarsi: ti attende una lunga vita in buona salute; 35,35,76,Smorfia napoletana - La vera cabala del lotto
Cimitero,con molti visitatori: aspettati buone notizie; 37,37,76,Smorfia napoletana - La vera cabala del lotto
Cimitero,abbandonato: cerchi di dimenticare il passato; 48,48,76,Smorfia napoletana - La vera cabala del lotto
Cimitero,accompagnare qualcuno: stai attraversando un momento di crisi; 55,55,76,Smorfia napoletana - La vera cabala del lotto
Cimitero,visitare un parente defunto: provi nostalgia per il passato; 42,42,77,Smorfia napoletana - La vera cabala del lotto
Cimitero,andarci: notizie interessanti; 51,51,77,Smorfia napoletana - La vera cabala del lotto
Cinghia,"potere, 13",13,77,Smorfia napoletana - La vera cabala del lotto
Cinghia,"picchiare con: hai un animo violento, passi subito ai fatti; 53",53,77,Smorfia napoletana - La vera cabala del lotto
Cinghia,"togliersela: vuoi minacciare qualcuno, 24",24,77,Smorfia napoletana - La vera cabala del lotto
Cinghiale,"devi fare attenzione agli scatti d'ira, 79",79,77,Smorfia napoletana - La vera cabala del lotto
Ciocca,di capelli: sei molto innamorato di qualcuno; 16,16,77,Smorfia napoletana - La vera cabala del lotto
Cioccolata,"dolcezza, buona salute, bontà d'animo; 11",11,77,Smorfia napoletana - La vera cabala del lotto
Cioccolata,"berla: devi ricaricarti, 83",83,77,Smorfia napoletana - La vera cabala del lotto
Cipolla,"dispiaceri, lacrime; 59",59,77,Smorfia napoletana - La vera cabala del lotto
Cipolla,mangiarla: riuscirai a superare tutte le difficoltà; 50,50,77,Smorfia napoletana - La vera cabala del lotto
Cipolla,tagliarla: sfortuna; 73,73,77,Smorfia napoletana - La vera cabala del lotto
Citta,hai bisogno di rimanere solo; 34,34,77,Smorfia napoletana - La vera cabala del lotto
Citta,piccola: sei introverso; 5,5,77,Smorfia napoletana - La vera cabala del lotto
Citta,grande: hai fiducia nel futuro; 67,67,77,Smorfia napoletana - La vera cabala del lotto
Citta,conosciuta: hai bisogno di qualcosa di nuovo; 85,85,77,Smorfia napoletana - La vera cabala del lotto
Citta,sconosciuta: viaggio interessante; 29,29,78,Smorfia napoletana - La vera cabala del lotto
Citta,passeggiare in città: tieni alla tua privacy; 21,21,78,Smorfia napoletana - La vera cabala del lotto
Citta,andare in città: cerchi nuovi stimoli; 14,14,78,Smorfia napoletana - La vera cabala del lotto
Citta,visitarla: fortuna; 37,37,78,Smorfia napoletana - La vera cabala del lotto
Civetta,sventura; 8,8,78,Smorfia napoletana - La vera cabala del lotto
Civetta,"in casa: litigi, disaccordi; 13",13,78,Smorfia napoletana - La vera cabala del lotto
Clessidra,capovolgerla: senti che il tempo ti sfugge; 44,44,78,Smorfia napoletana - La vera cabala del lotto
Coccio,fine di una relazione; 51,51,78,Smorfia napoletana - La vera cabala del lotto
Coccio,vederlo: non riesci a capire cosa non funziona; 57,57,78,Smorfia napoletana - La vera cabala del lotto
Coccio,tenerlo in mano: è ciò che ti resta dei tuo amore; 49,49,78,Smorfia napoletana - La vera cabala del lotto
Coccodrillo,perdita economica; 1,1,78,Smorfia napoletana - La vera cabala del lotto
Coda,di cavallo: avrai successo; 86,86,78,Smorfia napoletana - La vera cabala del lotto
Coda,averla devi sforzarti di ragionare di più; 21,21,78,Smorfia napoletana - La vera cabala del lotto
Coda,di un animale: invidi chi è più libero di te; 75,75,78,Smorfia napoletana - La vera cabala del lotto
Coda,di paglia tutti i nodi vengono al pettine; 2,2,78,Smorfia napoletana - La vera cabala del lotto
Colera,brutto periodo; 51,51,78,Smorfia napoletana - La vera cabala del lotto
Colera,averlo; ti ammalerai; 7,7,78,Smorfia napoletana - La vera cabala del lotto
Collana,rivelerai il tuo amore alla persona amata; 41,41,79,Smorfia napoletana - La vera cabala del lotto
Collana,d'oro: avrai delle delusioni; 30,30,79,Smorfia napoletana - La vera cabala del lotto
Collana,di diamanti: perderai dei denaro; 80,80,79,Smorfia napoletana - La vera cabala del lotto
Collana,d'argento: breve love-story; 80,80,79,Smorfia napoletana - La vera cabala del lotto
Collana,di perle: lacrime; 90,90,79,Smorfia napoletana - La vera cabala del lotto
Colle,piccola conquista; 36,36,79,Smorfia napoletana - La vera cabala del lotto
Colle,guardare da un: devi chiarire la tua situazione; 50,50,79,Smorfia napoletana - La vera cabala del lotto
Colletto,di camicia: il giudizio degli altri è per te fondamentale; 2,2,79,Smorfia napoletana - La vera cabala del lotto
Colletto,sporco: temi di non essere all'altezza della situazione; 23,23,79,Smorfia napoletana - La vera cabala del lotto
Colletto,logoro: senso di inferiorità; 64,64,79,Smorfia napoletana - La vera cabala del lotto
Colletto,aperto: non dire cose di cui potresti pentirti; 32,32,79,Smorfia napoletana - La vera cabala del lotto
Collezione,di farfalle: non sai cosa fare dei tuo tempo; 77,77,79,Smorfia napoletana - La vera cabala del lotto
Collezione,di francobolli: vorresti migliorarti ma non riesci; 18,18,79,Smorfia napoletana - La vera cabala del lotto
Collezione,di oggetti vari: noie; 42,42,79,Smorfia napoletana - La vera cabala del lotto
Collo,non essere avventato; 1,1,79,Smorfia napoletana - La vera cabala del lotto
Collo,lungo: avrai successo; 65,65,79,Smorfia napoletana - La vera cabala del lotto
Collo,tagliato: cattivo presagio; 26,26,79,Smorfia napoletana - La vera cabala del lotto
Collo,prendere per il: riceverai qualcuno; 4,4,79,Smorfia napoletana - La vera cabala del lotto
Collo,male di: la tua salute è cagionevole; 25,25,79,Smorfia napoletana - La vera cabala del lotto
Colorare,"hai molta fantasia, 31",31,80,Smorfia napoletana - La vera cabala del lotto
Colorare,una storia: non basta sognare per avere successo; 55,55,80,Smorfia napoletana - La vera cabala del lotto
Colore,esprime il tuo carattere; 31,31,80,Smorfia napoletana - La vera cabala del lotto
Colore,"bianco: innocenza, trionfo della giustizia; 16",16,80,Smorfia napoletana - La vera cabala del lotto
Colore,azzurro: pace; 34,34,80,Smorfia napoletana - La vera cabala del lotto
Colore,giallo: generosità; 18,18,80,Smorfia napoletana - La vera cabala del lotto
Colore,rosso: ira; 26,26,80,Smorfia napoletana - La vera cabala del lotto
Colore,nero: inquietudine 62,62,80,Smorfia napoletana - La vera cabala del lotto
Colore,verde: sei fiducioso; 33,33,80,Smorfia napoletana - La vera cabala del lotto
Colore,violetto: fortuna; 29,29,80,Smorfia napoletana - La vera cabala del lotto
Colpire,un amico: insincerità; 16,16,80,Smorfia napoletana - La vera cabala del lotto
Colpire,alle spalle: tradimento; 4,4,80,Smorfia napoletana - La vera cabala del lotto
Colpire,se stessi: ti vuoi punire; 39,39,80,Smorfia napoletana - La vera cabala del lotto
Colpire,al cuore: vuoi annientare qualcuno; 9,9,80,Smorfia napoletana - La vera cabala del lotto
Coltello,cattivi affari; 7/15,7 15,80,Smorfia napoletana - La vera cabala del lotto
Coltello,vederlo: un pericolo ti è vicino; 41,41,80,Smorfia napoletana - La vera cabala del lotto
Coltello,affilato: buone opportunità; 11,11,80,Smorfia napoletana - La vera cabala del lotto
Coltello,rotto: senso di impotenza; 13,13,80,Smorfia napoletana - La vera cabala del lotto
Coltello,da tavola: litigi; 20,20,80,Smorfia napoletana - La vera cabala del lotto
Coltivare,sei molto ottimista; 80,80,81,Smorfia napoletana - La vera cabala del lotto
Comandare,devi ancora lavorare molto; 80,80,81,Smorfia napoletana - La vera cabala del lotto
Combattere,"lotte, fatiche; 29",29,81,Smorfia napoletana - La vera cabala del lotto
Combattere,con i familiari: vuoi conquistare la tua indipendenza; 86,86,81,Smorfia napoletana - La vera cabala del lotto
Combattere,"armato: riuscirai nei tuoi propositi, 15",15,81,Smorfia napoletana - La vera cabala del lotto
Combattere,con animali: combatti contro i tuoi istinti; 35,35,81,Smorfia napoletana - La vera cabala del lotto
Compagno,amicizia; 15,15,81,Smorfia napoletana - La vera cabala del lotto
Compagno,di scuola pensi che il passato sia migliore dei tuo presente; 69,69,81,Smorfia napoletana - La vera cabala del lotto
Compagno,di lavoro: grazie all'aiuto di un amico farai carriera; 71,71,81,Smorfia napoletana - La vera cabala del lotto
Compagno,"di viaggio: se non volterai le spalle agli amici, farai carriera, 31",31,81,Smorfia napoletana - La vera cabala del lotto
Comperare,oggetti: vuoi migliorare la tua posizione; 18,18,81,Smorfia napoletana - La vera cabala del lotto
Comperare,frutta: non fare spese inutili; 70,70,81,Smorfia napoletana - La vera cabala del lotto
Comperare,cibo: avrai degli ospiti; 78,78,81,Smorfia napoletana - La vera cabala del lotto
Comperare,oro: non lasciarti corrompere; 14,14,81,Smorfia napoletana - La vera cabala del lotto
Comperare,casa: vuoi ricominciare da capo; 81,81,81,Smorfia napoletana - La vera cabala del lotto
Comperare,cose utili: i tuoi acquisti non sono mai avventati; 33,33,81,Smorfia napoletana - La vera cabala del lotto
Comperare,"cose vecchie: nostalgia, 14",14,81,Smorfia napoletana - La vera cabala del lotto
Comporre,poesie: senso artistico; 52,52,82,Smorfia napoletana - La vera cabala del lotto
Comporre,usarlo: pensi che tutto debba essere a tua disposizione; 16,16,82,Smorfia napoletana - La vera cabala del lotto
Comporre,"vederlo: ti senti vecchio, superato: 50",50,82,Smorfia napoletana - La vera cabala del lotto
Condanna,ti senti colpevole 10,10,82,Smorfia napoletana - La vera cabala del lotto
Condanna,a morte: i sacrifici che devi fare per migliorarti ti sembrano enormi; 81,81,82,Smorfia napoletana - La vera cabala del lotto
Condanna,"all'ergastolo: sei molto scoraggiato, 5",5,82,Smorfia napoletana - La vera cabala del lotto
Condanna,ai lavori forzati: il tuo lavoro non ti piace; 13,13,82,Smorfia napoletana - La vera cabala del lotto
Confessarsi,hai forti sensi di colpa; 28,28,82,Smorfia napoletana - La vera cabala del lotto
Confessarsi,con la madre: non riesci a renderti autonomo; 53,53,82,Smorfia napoletana - La vera cabala del lotto
Confessarsi,con un amico: fidati delle tue amicizie; 46,46,82,Smorfia napoletana - La vera cabala del lotto
Confessarsi,con un prete: non verrai criticato; 1,1,82,Smorfia napoletana - La vera cabala del lotto
Confidare,provi soddisfazione se gli altri si fidano di te; 17,17,82,Smorfia napoletana - La vera cabala del lotto
Confusione,in casa: dovresti schiarirti le idee; 14,14,82,Smorfia napoletana - La vera cabala del lotto
Confusione,"di oggetti: sei troppo distratto, specialmente, te sul lavoro; 35",35,82,Smorfia napoletana - La vera cabala del lotto
Congratulazioni,farle: sei invidioso; 4,4,82,Smorfia napoletana - La vera cabala del lotto
Congratulazioni,riceverle: insincerità; 7,7,82,Smorfia napoletana - La vera cabala del lotto
Coniglio,"innocenza, successo; 20",20,83,Smorfia napoletana - La vera cabala del lotto
Coniglio,"nero, 90",90,83,Smorfia napoletana - La vera cabala del lotto
Coniglio,bianco: gli amici h aiuteranno; 19,19,83,Smorfia napoletana - La vera cabala del lotto
Consegnare,oggetto: non ti piace fare favori; 52,52,83,Smorfia napoletana - La vera cabala del lotto
Consegnare,oggetto smarrito: non approfitti degli sbagli altrui; 43,43,83,Smorfia napoletana - La vera cabala del lotto
Consegnare,una lettera: non vuoi avere nessuna responsabilità; 37,37,83,Smorfia napoletana - La vera cabala del lotto
Consigliare,difficilmente ammetti i tuoi errori; 49,49,83,Smorfia napoletana - La vera cabala del lotto
Contadino,vorresti vivere a contatto con la natura; 82,82,83,Smorfia napoletana - La vera cabala del lotto
Contadino,esserlo: probabilmente hai bisogno di cambiare aria; 47,47,83,Smorfia napoletana - La vera cabala del lotto
Conto,"pagarlo: ti prendi sempre carico delle tue responsabilità, 30",30,83,Smorfia napoletana - La vera cabala del lotto
Conto,non pagarlo: dovresti diminuire i tuoi impegni; 41,41,83,Smorfia napoletana - La vera cabala del lotto
Contratto,forte legame: 60,60,83,Smorfia napoletana - La vera cabala del lotto
Contratto,firmarlo: vuoi legare a te qualcuno 38,38,83,Smorfia napoletana - La vera cabala del lotto
Contratto,annullarlo: al più presto riacquisterai la tua libertà; 48,48,83,Smorfia napoletana - La vera cabala del lotto
Contratto,farlo: le parole non ti bastano; 57,57,83,Smorfia napoletana - La vera cabala del lotto
Convento,hai bisogno di un periodo di pace; 20,20,83,Smorfia napoletana - La vera cabala del lotto
Convento,andarci: vuoi cambiare la tua vita; 37,37,83,Smorfia napoletana - La vera cabala del lotto
Conversazione,"con amici: serenità, 32",32,84,Smorfia napoletana - La vera cabala del lotto
Conversazione,animata: difendi fino all'ultimo le tue opinioni; 44,44,84,Smorfia napoletana - La vera cabala del lotto
Conversazione,spenta: anche se non lo ammetti la tua vita è diventata molto monotona; 32,32,84,Smorfia napoletana - La vera cabala del lotto
Coppa,vincerla: vuoi avere successo; 70,70,84,Smorfia napoletana - La vera cabala del lotto
Coppa,"vederla: provi invidia per qualcuno, 14",14,84,Smorfia napoletana - La vera cabala del lotto
Coppa,consegnarla: ammetti la bravura di qualcuno altro; 42,42,84,Smorfia napoletana - La vera cabala del lotto
Coppia,esserlo con il coniuge: armonia e serenità familiare; 32,32,84,Smorfia napoletana - La vera cabala del lotto
Coppia,esserlo con uno sconosciutola: incontro imprevisto; 43,43,84,Smorfia napoletana - La vera cabala del lotto
Corda,fatica; 20,20,84,Smorfia napoletana - La vera cabala del lotto
Corda,rotta: non hai più impegni; 24,24,84,Smorfia napoletana - La vera cabala del lotto
Corda,corta: non perdere tempo; 71,71,84,Smorfia napoletana - La vera cabala del lotto
Corda,lunga: devi avere pazienza; 8,8,84,Smorfia napoletana - La vera cabala del lotto
Corda,al collo: ti senti minacciato; 16,16,84,Smorfia napoletana - La vera cabala del lotto
Coricarsi,pigrizia; 74,74,84,Smorfia napoletana - La vera cabala del lotto
Coricarsi,soli: angoscia; solitudine; 36,36,84,Smorfia napoletana - La vera cabala del lotto
Coricarsi,in compagnia: avrai una vacanza; 47,47,84,Smorfia napoletana - La vera cabala del lotto
Coricarsi,con un uomo o una donna: il tuo sogno d'amore si realizzerà; 50,50,84,Smorfia napoletana - La vera cabala del lotto
Corna,umiliazione; 89,89,84,Smorfia napoletana - La vera cabala del lotto
Corna,"farle: sarai criticato, 90",90,85,Smorfia napoletana - La vera cabala del lotto
Corna,averle: spesso pecchi d'orgoglio; 37,37,85,Smorfia napoletana - La vera cabala del lotto
Corna,vederle: hai paura di essere tradito; 18,18,85,Smorfia napoletana - La vera cabala del lotto
Corona,hai molta ambizione; 46,46,85,Smorfia napoletana - La vera cabala del lotto
Corona,d'oro: sottomissione; 24,24,85,Smorfia napoletana - La vera cabala del lotto
Corona,con pietre preziose: ti faranno un dono motto bello; 14,14,85,Smorfia napoletana - La vera cabala del lotto
Corona,di spine: sarai offeso; 70,70,85,Smorfia napoletana - La vera cabala del lotto
Corona,d'alloro: rispetto; onore; 23,23,85,Smorfia napoletana - La vera cabala del lotto
Corona,di ferro: amarezza; 44,44,85,Smorfia napoletana - La vera cabala del lotto
Corona,averla in testa: avrai un riconoscimento; 42,42,85,Smorfia napoletana - La vera cabala del lotto
Corona,vederla in testa a qualcuno: invidia. 37,37,85,Smorfia napoletana - La vera cabala del lotto
Corredino,regalarlo: hai rinunciato alla maternità; 45,45,85,Smorfia napoletana - La vera cabala del lotto
Corredino,prepararlo: desideri fortemente un figlio; 50,50,85,Smorfia napoletana - La vera cabala del lotto
Corredino,disperatamente: gravi problemi interiori; 52,52,85,Smorfia napoletana - La vera cabala del lotto
Corredino,nudi: sei stato derubato senza che tu te ne sia reso conto; 53,53,85,Smorfia napoletana - La vera cabala del lotto
Corredino,vedersi correre: modera l'impulsività; 34,34,85,Smorfia napoletana - La vera cabala del lotto
Corredino,in una gara: vuoi vincere a tutti i costi una sfida; 27,27,85,Smorfia napoletana - La vera cabala del lotto
Corridoio,lungo: il tuo cammino sarà faticoso; 31,31,86,Smorfia napoletana - La vera cabala del lotto
Corridoio,corto: risolverai i tuoi problemi; 33,33,86,Smorfia napoletana - La vera cabala del lotto
Corridoio,ingombro: non sei ancora maturo: 20,20,86,Smorfia napoletana - La vera cabala del lotto
Corridoio,sotterraneo: non tutto è chiaro; 30,30,86,Smorfia napoletana - La vera cabala del lotto
Corteo,di nozze: fortuna; 41,41,86,Smorfia napoletana - La vera cabala del lotto
Corteo,Funebre: sfortuna 16,16,86,Smorfia napoletana - La vera cabala del lotto
Corteo,di protesta: gli altri li influenzano; 71,71,86,Smorfia napoletana - La vera cabala del lotto
Cortile,rientrerai in famiglia per un breve periodo di vacanza; 88,88,86,Smorfia napoletana - La vera cabala del lotto
Cortile,vuoto: i tuoi genitori soffrono di solitudine; 18,18,86,Smorfia napoletana - La vera cabala del lotto
Cortile,pieno: alcuni amici ti devono parlare; 21,21,86,Smorfia napoletana - La vera cabala del lotto
Cortile,al sole: spensieratezza; 26,26,86,Smorfia napoletana - La vera cabala del lotto
Cortile,all'ombra: ti senti al sicuro solo a casa tua; 14,14,86,Smorfia napoletana - La vera cabala del lotto
Corvo,"cattivo presagio, disgrazie; 22",22,86,Smorfia napoletana - La vera cabala del lotto
Corvo,nero: pensieri cupi; 48,48,86,Smorfia napoletana - La vera cabala del lotto
Corvo,"bianco: pensieri chiari, 37",37,86,Smorfia napoletana - La vera cabala del lotto
Corvo,scacciarli: vuoi allontanare le disgrazie; 52,52,86,Smorfia napoletana - La vera cabala del lotto
Corvo,vederne volare molti: passerai dei momenti difficili; 72,72,86,Smorfia napoletana - La vera cabala del lotto
Corvo,ferite: dolori; 33,33,86,Smorfia napoletana - La vera cabala del lotto
Corvo,di donna: desideri amorosi; 24,24,86,Smorfia napoletana - La vera cabala del lotto
Corvo,di uomo: sicurezza; 20,20,87,Smorfia napoletana - La vera cabala del lotto
Corvo,grasse: abbondanza; 19,19,87,Smorfia napoletana - La vera cabala del lotto
Corvo,magre: periodo di ristrettezze; 14,14,87,Smorfia napoletana - La vera cabala del lotto
Costruire,lavori per il tuo futuro; 60,60,87,Smorfia napoletana - La vera cabala del lotto
Costruire,una strada: il tuo cammino è spianato; 84,84,87,Smorfia napoletana - La vera cabala del lotto
Costruire,la casa: buon presagio; 11,11,87,Smorfia napoletana - La vera cabala del lotto
Costruire,un mobile: non vuoi dipendere da nessuno; 72,72,87,Smorfia napoletana - La vera cabala del lotto
Costruire,un grattacielo: forse pretendi troppo; 29,29,87,Smorfia napoletana - La vera cabala del lotto
Covone,ottimo presagio 10,10,87,Smorfia napoletana - La vera cabala del lotto
Covone,vederne molti: diventerai ricco; 20,20,87,Smorfia napoletana - La vera cabala del lotto
Covone,vederne distrutti: qualcuno ti ha danneggiato; 24,24,87,Smorfia napoletana - La vera cabala del lotto
Cravatta,qualcosa ti imbarazza; 6,6,87,Smorfia napoletana - La vera cabala del lotto
Cravatta,toglierla: con il tempo ti abituerai all'ambiente: 31,31,87,Smorfia napoletana - La vera cabala del lotto
Cravatta,non trovarla: temi di non essere all'altezza della situazione; 20,20,87,Smorfia napoletana - La vera cabala del lotto
Crepaccio,qualcuno ti tradirà; 19,19,87,Smorfia napoletana - La vera cabala del lotto
Crepaccio,cadervi: sei stato ingannato; 66,66,87,Smorfia napoletana - La vera cabala del lotto
Crepaccio,non vederne il fondo: ti senti smarrito; 78,78,87,Smorfia napoletana - La vera cabala del lotto
Crepaccio,vederne il fondo: supererai le difficoltà; 83,83,87,Smorfia napoletana - La vera cabala del lotto
Crepaccio,alzarla: suscettibilità: 72,72,88,Smorfia napoletana - La vera cabala del lotto
Crepaccio,averla: ti piace comandare; 51,51,88,Smorfia napoletana - La vera cabala del lotto
Crisantemo,bianco: buon presagio; 53,53,88,Smorfia napoletana - La vera cabala del lotto
Crisantemo,rossiccio: avrai degli incontri piacevoli; 62,62,88,Smorfia napoletana - La vera cabala del lotto
Crisantemo,giallo: alcuni amici ti invidiano; 33,33,88,Smorfia napoletana - La vera cabala del lotto
Crisantemo,"in mazzo: il tuo futuro sarà roseo, 15",15,88,Smorfia napoletana - La vera cabala del lotto
Crisantemo,coglierli: amicizia; 15,15,88,Smorfia napoletana - La vera cabala del lotto
Croce,"dispiacere, malattia; 30/34",30 34,88,Smorfia napoletana - La vera cabala del lotto
Croce,"vederla per strada: le tue responsabilità aumenteranno, 55",55,88,Smorfia napoletana - La vera cabala del lotto
Croce,portarla: attraverserai un periodo difficile; 42,42,88,Smorfia napoletana - La vera cabala del lotto
Croce,vederla portare: stai facendo soffrire qualcuno; 55,55,88,Smorfia napoletana - La vera cabala del lotto
Crollo,"cattivo presagio, 42",42,88,Smorfia napoletana - La vera cabala del lotto
Crollo,fisico: malattia; 51,51,88,Smorfia napoletana - La vera cabala del lotto
Crollo,della casa: divisioni in famiglia; 5,5,88,Smorfia napoletana - La vera cabala del lotto
Crollo,di un albero: incidenti; 87,87,88,Smorfia napoletana - La vera cabala del lotto
Crollo,economico: perdita di denaro; 90,90,88,Smorfia napoletana - La vera cabala del lotto
Crosta,di pane: modestia; 41,41,88,Smorfia napoletana - La vera cabala del lotto
Crosta,di formaggio: non hai molte ricchezze; 6,6,88,Smorfia napoletana - La vera cabala del lotto
Crosta,d'argento: abbondanza; 13,13,89,Smorfia napoletana - La vera cabala del lotto
Cucciolo,amore per i figli: 39,39,89,Smorfia napoletana - La vera cabala del lotto
Cucciolo,trovarlo e prenderlo con te: adotterai un bambino; 56,56,89,Smorfia napoletana - La vera cabala del lotto
Cucciolo,malato: una lieve malattia colpirà tuo figlio; 43,43,89,Smorfia napoletana - La vera cabala del lotto
Cucina,serenità; 58,58,89,Smorfia napoletana - La vera cabala del lotto
Cucina,piccola: incomprensioni; 86,86,89,Smorfia napoletana - La vera cabala del lotto
Cucina,grande: armonia familiare; 58,58,89,Smorfia napoletana - La vera cabala del lotto
Cucina,pulita: ordine in famiglia; 31,31,89,Smorfia napoletana - La vera cabala del lotto
Cucina,"sporca: cottivi umori, tensioni; 47",47,89,Smorfia napoletana - La vera cabala del lotto
Cuculo,fate attenzione ai ladri; 77,77,89,Smorfia napoletana - La vera cabala del lotto
Culla,gioia; 13/16,13 16,89,Smorfia napoletana - La vera cabala del lotto
Culla,con bambino: speranza; 15/41,15 41,89,Smorfia napoletana - La vera cabala del lotto
Cunicolo,immaturità; 34,34,89,Smorfia napoletana - La vera cabala del lotto
Cunicolo,uscire da un: rinascita; 25,25,89,Smorfia napoletana - La vera cabala del lotto
Cunicolo,stretto: incontrerai molti ostacoli; 13,13,89,Smorfia napoletana - La vera cabala del lotto
Cuoco,in casa: famiglia serena; 65,65,89,Smorfia napoletana - La vera cabala del lotto
Cuoco,esserlo: responsabilità; 67,67,89,Smorfia napoletana - La vera cabala del lotto
Cuore,"bontà, simbolo dell'amore; 1/71",1 71,90,Smorfia napoletana - La vera cabala del lotto
Cuore,che batte: emozione; 49,49,90,Smorfia napoletana - La vera cabala del lotto
Cuore,avere mal di cuore: sei molto innamorato; 45,45,90,Smorfia napoletana - La vera cabala del lotto
Cuore,avere il cuore ferito: il tuo amore non è corrisposto; 32,32,90,Smorfia napoletana - La vera cabala del lotto
Cuore,avere il cuore spezzato: il tuo amore ti lascerà; 54,54,90,Smorfia napoletana - La vera cabala del lotto
Cuore,sano: equilibrio; 81,81,90,Smorfia napoletana - La vera cabala del lotto
Curva,la tua vita subirà una svolta; 30,30,90,Smorfia napoletana - La vera cabala del lotto
Curva,sbandare in curva: sei disorientato; 19,19,90,Smorfia napoletana - La vera cabala del lotto
Curva,non vederla: ti sei lasciato scappare un'opportunità; 15,15,90,Smorfia napoletana - La vera cabala del lotto
Curva,vederne molte: la tua vita cambierà; 16,16,90,Smorfia napoletana - La vera cabala del lotto
Curva,a gomito: un cambiamento ti farà soffrire; 20,20,90,Smorfia napoletana - La vera cabala del lotto
Cuscino,protezione; 14,14,90,Smorfia napoletana - La vera cabala del lotto
Cuscino,di piume: puoi contare su qualcuno molto influente; 70,70,90,Smorfia napoletana - La vera cabala del lotto
Cuscino,alto: sicurezza; 23,23,90,Smorfia napoletana - La vera cabala del lotto
Cuscino,appoggiare la testa su un: c'è chi ti protegge; 86,86,90,Smorfia napoletana - La vera cabala del lotto
Cuscino,gettare via il: ti piace affrontare la vita da solo; 42,42,90,Smorfia napoletana - La vera cabala del lotto
Custodire,qualche cosa: possessività; 58,58,90,Smorfia napoletana - La vera cabala del lotto
Custodire,un segreto: sei geloso; 49,49,90,Smorfia napoletana - La vera cabala del lotto
Dadi,imprevisti; 44,44,91,Smorfia napoletana - La vera cabala del lotto
Dadi,giocarvi: eredità; 91/78,78,91,Smorfia napoletana - La vera cabala del lotto
Dalia,fiorita: molte persone parlano male di te; 56,56,91,Smorfia napoletana - La vera cabala del lotto
Damigiana,vuota: sei vuoto interiormente; 14,14,91,Smorfia napoletana - La vera cabala del lotto
Damigiana,"bere da una, non pretendere troppo da te stesso; 17",17,91,Smorfia napoletana - La vera cabala del lotto
Damigiana,rovesciarla: una mossa ti è bastata per rovinare quello che stavi costruendo; 21,21,91,Smorfia napoletana - La vera cabala del lotto
Damigiana,di vino: maturità; 3,3,91,Smorfia napoletana - La vera cabala del lotto
Danza,il tuo impegno verrà premiato; 37,37,91,Smorfia napoletana - La vera cabala del lotto
Danza,classica: armonia; 42,42,91,Smorfia napoletana - La vera cabala del lotto
Danza,moderna: vuoi dimostrare il tuo valore; 57,57,91,Smorfia napoletana - La vera cabala del lotto
Dare,qualcosa: sei ben predisposto verso gli altri; 58,58,91,Smorfia napoletana - La vera cabala del lotto
Dare,da bere: ti incontrerai con gli amici; 34,34,91,Smorfia napoletana - La vera cabala del lotto
Dare,la mano: firmerai un contratto; 51,51,91,Smorfia napoletana - La vera cabala del lotto
Dare,da mangiare: qualcuno dipende da te; 17,17,92,Smorfia napoletana - La vera cabala del lotto
Dare,la mancia: sicurezza; 60,60,92,Smorfia napoletana - La vera cabala del lotto
Dare,"una corda: sei fiducioso:, 40",40,92,Smorfia napoletana - La vera cabala del lotto
Debito,pagarlo: litigherai ma troverai un accordo; 34,34,92,Smorfia napoletana - La vera cabala del lotto
Debito,"averlo: sei instabile ma non ti preoccupi, 72",72,92,Smorfia napoletana - La vera cabala del lotto
Debito,farlo: i torti fatti non verranno dimenticati; 69,69,92,Smorfia napoletana - La vera cabala del lotto
Decapitare,"qualcuno: una vecchia relazione avrà imminente fine, 90",90,92,Smorfia napoletana - La vera cabala del lotto
Decapitare,"un familiare: non vuoi riconoscere la sua autorità, 37",37,92,Smorfia napoletana - La vera cabala del lotto
Decapitare,essere decapitati: la persona che ami verrà allontanata da te; 49,49,92,Smorfia napoletana - La vera cabala del lotto
Decapitare,un animale: il tuo carattere debole ti fa agire nel peggiore dei modi; 49,49,92,Smorfia napoletana - La vera cabala del lotto
Decesso,"fine delle tue speranze, 14",14,92,Smorfia napoletana - La vera cabala del lotto
Decesso,della persona amata: l'amore è finito; 16,16,92,Smorfia napoletana - La vera cabala del lotto
Decesso,chiederla: la generosità di un amico ti ha conquistato; 54,54,92,Smorfia napoletana - La vera cabala del lotto
Defunto,vederlo: ascolta quello che ti dirà; 50,50,92,Smorfia napoletana - La vera cabala del lotto
Defunto,che parla: la tua coscienza vuole consigliarti; 53,53,92,Smorfia napoletana - La vera cabala del lotto
Defunto,"che piange: dolore, sofferenza; 3",3,92,Smorfia napoletana - La vera cabala del lotto
Defunto,amico: insicurezza; 42,42,92,Smorfia napoletana - La vera cabala del lotto
Defunto,un parente: hai un senso di colpa nei suoi confronti; 45,45,92,Smorfia napoletana - La vera cabala del lotto
Defunto,"vederlo triste: pensavi che un vecchio sgarbo fosse stato dimenticato, 87",87,93,Smorfia napoletana - La vera cabala del lotto
Delfino,allegria; 7,7,93,Smorfia napoletana - La vera cabala del lotto
Delfino,"che gioca in mare: hai voglia di divertirti con gli amici, 26",26,93,Smorfia napoletana - La vera cabala del lotto
Delfino,fuori dall'acqua: cattivo presagio; 43,43,93,Smorfia napoletana - La vera cabala del lotto
Delfino,dare da mangiare: sei equilibrato; 57,57,93,Smorfia napoletana - La vera cabala del lotto
Delinquente,stai attraversando un momento difficile; 90,90,93,Smorfia napoletana - La vera cabala del lotto
Delinquente,esserlo: cerca di reprimere i tuoi istinti; 83,83,93,Smorfia napoletana - La vera cabala del lotto
Delinquente,affrontarlo: devi affrontare i tuoi problemi; 63,63,93,Smorfia napoletana - La vera cabala del lotto
Delinquente,vederlo gli imprevisti ti fanno paura; 45,45,93,Smorfia napoletana - La vera cabala del lotto
Delitto,a volte sei precipitoso; 7,7,93,Smorfia napoletana - La vera cabala del lotto
Delitto,commetterlo: non devi farti mettere sotto i piedi; 21,21,93,Smorfia napoletana - La vera cabala del lotto
Delitto,assistervi: qualcosa t ossessiona; 11,11,93,Smorfia napoletana - La vera cabala del lotto
Delitto,"essere vittima di un: stai attento, qualcuno vuole farti dei male; 14",14,93,Smorfia napoletana - La vera cabala del lotto
Delitto,partecipare a un ti sei fatto coinvolgere in una situazione poco chiara; 13,13,93,Smorfia napoletana - La vera cabala del lotto
Delusione,tormento; 87,87,93,Smorfia napoletana - La vera cabala del lotto
Delusione,"sul lavoro: temi di non riuscire ad emergere, 43",43,93,Smorfia napoletana - La vera cabala del lotto
Delusione,in famiglia: pensi che nessuno più ti ascolti; 55,55,93,Smorfia napoletana - La vera cabala del lotto
Delusione,amorosa: insicurezza; 31,31,93,Smorfia napoletana - La vera cabala del lotto
Denaro,energia; 70,70,93,Smorfia napoletana - La vera cabala del lotto
Denaro,"trovarlo: fortuna, buon presagio 9",9,94,Smorfia napoletana - La vera cabala del lotto
Denaro,spenderlo: perderai le tue ricchezze; 53,53,94,Smorfia napoletana - La vera cabala del lotto
Denaro,perderlo: cattivo presagio; pericolo; 42,42,94,Smorfia napoletana - La vera cabala del lotto
Denaro,"accumularlo: miseria, 31",31,94,Smorfia napoletana - La vera cabala del lotto
Denaro,rubarlo: malattia; 26,26,94,Smorfia napoletana - La vera cabala del lotto
Denaro,"contarlo: buoni guadagni, 37",37,94,Smorfia napoletana - La vera cabala del lotto
Denaro,prestarlo: supererai un brutto momento; 87,87,94,Smorfia napoletana - La vera cabala del lotto
Denaro,mangiarlo: malattia grave; 81,81,94,Smorfia napoletana - La vera cabala del lotto
Denaro,vederlo: collera; 9,9,94,Smorfia napoletana - La vera cabala del lotto
Denti,simbolo di potenza sessuale; 35,35,94,Smorfia napoletana - La vera cabala del lotto
Denti,regolari e bianchi: fortuna; 53,53,94,Smorfia napoletana - La vera cabala del lotto
Denti,guasti: brutto presagio: 48,48,94,Smorfia napoletana - La vera cabala del lotto
Denti,averli d'oro: successo; 4,4,94,Smorfia napoletana - La vera cabala del lotto
Denti,perderli per un uomo: perdita della virilità; 87,87,94,Smorfia napoletana - La vera cabala del lotto
Denti,perderli per una donna: cambiamento nella vita sessuale; 18,18,94,Smorfia napoletana - La vera cabala del lotto
Denti,perdere gli incisivi: difficoltà nell'approccio; 19,19,94,Smorfia napoletana - La vera cabala del lotto
Denti,"i canini: difficoltà a continuare un rapporto, 7",7,94,Smorfia napoletana - La vera cabala del lotto
Denti,averli finti: la tua forza non è vera 62,62,94,Smorfia napoletana - La vera cabala del lotto
Denti,vedere qualcuno che li toglie: pensi di essere danneggiato; 72,72,94,Smorfia napoletana - La vera cabala del lotto
Depressione,averla: un tuo progetto è andato male e sei sfiduciato; 73,73,94,Smorfia napoletana - La vera cabala del lotto
Deragliamento,con grave incidente: ti trovi in una situazione difficile; 17,17,95,Smorfia napoletana - La vera cabala del lotto
Derubare,"gelosia, invidia; 57",57,95,Smorfia napoletana - La vera cabala del lotto
Deserto,stai attraversando un periodo molto triste; 43,43,95,Smorfia napoletana - La vera cabala del lotto
Deserto,"camminare nel: sei depresso, demotivato; 3",3,95,Smorfia napoletana - La vera cabala del lotto
Deserto,vederlo: pessimismo; 49,49,95,Smorfia napoletana - La vera cabala del lotto
Deserto,perdersi nel: soffri molto per il tuo isolamento; 11,11,95,Smorfia napoletana - La vera cabala del lotto
Deserto,cercare acqua nel: vivi completamente fuori dal mondo; 18,18,95,Smorfia napoletana - La vera cabala del lotto
Deserto,"vedere animali nel: paura, disperazione; 36",36,95,Smorfia napoletana - La vera cabala del lotto
Destino,"sognare il proprio sei curioso, vorresti sapere come sarà il tuo futuro; 54",54,95,Smorfia napoletana - La vera cabala del lotto
Detriti,brutti ricordi; 34,34,95,Smorfia napoletana - La vera cabala del lotto
Detriti,ammucchiarli: stai pensando al tuo passato; 85,85,95,Smorfia napoletana - La vera cabala del lotto
Detriti,gettarli via: vuoi cancellare il tuo passato; 56,56,95,Smorfia napoletana - La vera cabala del lotto
Dialetto,sincerità; 88,88,95,Smorfia napoletana - La vera cabala del lotto
Dialetto,parlarlo: sei a tuo agio; 39,39,95,Smorfia napoletana - La vera cabala del lotto
Dialetto,non capire il proprio: qualcuno vuole escluderti; 56,56,95,Smorfia napoletana - La vera cabala del lotto
Diamante,"falsità, illusione; 29",29,95,Smorfia napoletana - La vera cabala del lotto
Diamante,mangiarlo; fortuna; 27,27,96,Smorfia napoletana - La vera cabala del lotto
Diamante,trovarlo: otterrai potere; 41,41,96,Smorfia napoletana - La vera cabala del lotto
Diamante,acquistarlo: vuoi sentirti protetto: 63,63,96,Smorfia napoletana - La vera cabala del lotto
Diamante,regalarlo: il tuo sentimento sarà duraturo; 81,81,96,Smorfia napoletana - La vera cabala del lotto
Diamante,perderlo: attraverserai un periodo di miseria; 57,57,96,Smorfia napoletana - La vera cabala del lotto
Diamante,falso: non fidarti delle apparenze; 18,18,96,Smorfia napoletana - La vera cabala del lotto
Diario,tenerlo: cerca di non scordare le cose importanti; 11,11,96,Smorfia napoletana - La vera cabala del lotto
Diario,scriverlo: i ricordi per te sono molto importanti; 12,12,96,Smorfia napoletana - La vera cabala del lotto
Diario,leggerlo: hai nostalgia della gioventù; 3,3,96,Smorfia napoletana - La vera cabala del lotto
Diarrea,fortuna; 59,59,96,Smorfia napoletana - La vera cabala del lotto
Diarrea,improvvisa: cambierai le tue idee; 42,42,96,Smorfia napoletana - La vera cabala del lotto
Diarrea,averla in pubblico: le tue idee ti fanno sentire a disagio; 63,63,96,Smorfia napoletana - La vera cabala del lotto
Diavolo,vuoi cambiare completamente la tua vita; 77,77,96,Smorfia napoletana - La vera cabala del lotto
Diavolo,"nero: problemi coi soldi, 42",42,96,Smorfia napoletana - La vera cabala del lotto
Diavolo,rosso: problemi d'amore; 45,45,96,Smorfia napoletana - La vera cabala del lotto
Diavolo,combatterlo: riuscirai a risolvere un grosso problema; 34,34,96,Smorfia napoletana - La vera cabala del lotto
Diavolo,"vincerlo: fortuna, 75",75,96,Smorfia napoletana - La vera cabala del lotto
Diavolo,che ti afferra: disgrazia; 36,36,96,Smorfia napoletana - La vera cabala del lotto
Difendere,riceverai un'offerta: 11,11,96,Smorfia napoletana - La vera cabala del lotto
Difendere,un bambino: prendi la difesa di una persona innocente; 27,27,96,Smorfia napoletana - La vera cabala del lotto
Difendere,una persona: l'hai messa nei guai; 14,14,97,Smorfia napoletana - La vera cabala del lotto
Difendere,"difendersi: ti sono state fatte delle accuse precise, 66",66,97,Smorfia napoletana - La vera cabala del lotto
Digiunare,la tua avidità ti costringe a rinunciare; 13,13,97,Smorfia napoletana - La vera cabala del lotto
Diluvio,sei stato calunniato ma la fortuna non ti abbandona; 90,90,97,Smorfia napoletana - La vera cabala del lotto
Diluvio,"universale: perderai tutto, 44",44,97,Smorfia napoletana - La vera cabala del lotto
Diluvio,morire per un: vuoi punirti anche se non hai fatto niente; 57,57,97,Smorfia napoletana - La vera cabala del lotto
Dimagrire,perdita della salute e dei denaro; 78,78,97,Smorfia napoletana - La vera cabala del lotto
Dimenticare,i tuoi pensieri inconsci ti mettono a disagio; 56,56,97,Smorfia napoletana - La vera cabala del lotto
Dimenticare,una persona: hai allontanato una persona da te; 81,81,97,Smorfia napoletana - La vera cabala del lotto
Dimenticare,un sogno: senso di colpa; 86,86,97,Smorfia napoletana - La vera cabala del lotto
Dimenticare,"una valigia: non vuoi fare un viaggio, 89",89,97,Smorfia napoletana - La vera cabala del lotto
Dimenticare,un oggetto a casa: devi imparare ad essere più autosufficiente; 56,56,97,Smorfia napoletana - La vera cabala del lotto
Dimenticare,un numero di telefono: vuoi rompere con una persona; 23,23,97,Smorfia napoletana - La vera cabala del lotto
Dimenticare,un appuntamento: hai paura delle responsabilità; 56,56,97,Smorfia napoletana - La vera cabala del lotto
Dimenticare,i figli: non ti senti capace di affrontare la vita; 81,81,97,Smorfia napoletana - La vera cabala del lotto
Dio,"saggezza, autorità; 90",90,97,Smorfia napoletana - La vera cabala del lotto
Dio,"parlargli: gioia, felicità; 90",90,97,Smorfia napoletana - La vera cabala del lotto
Dio,vederlo: consolazione; 2,2,97,Smorfia napoletana - La vera cabala del lotto
Dio,pregarlo: sarai punito per quello che hai fatto; 71,71,97,Smorfia napoletana - La vera cabala del lotto
Dio,essere abbracciati: benedizione; 68,68,98,Smorfia napoletana - La vera cabala del lotto
Dipingere,"fantasia, creatività; 38",38,98,Smorfia napoletana - La vera cabala del lotto
Dipingere,un quadro: hai molte idee; 24,24,98,Smorfia napoletana - La vera cabala del lotto
Dipingere,un paesaggio: non vuoi scordare un certo luogo; 20,20,98,Smorfia napoletana - La vera cabala del lotto
Disastro,fare un: pensi sempre di sbagliare; 38,38,98,Smorfia napoletana - La vera cabala del lotto
Discorso,fare un: devi chiarire la situazione; 8,8,98,Smorfia napoletana - La vera cabala del lotto
Discorso,politico: ti serve l'appoggio di più persone; 15,15,98,Smorfia napoletana - La vera cabala del lotto
Discoteca,vederla: invidia; 18,18,98,Smorfia napoletana - La vera cabala del lotto
Discoteca,andare in: vuoi dimenticare qualcosa; 27,27,98,Smorfia napoletana - La vera cabala del lotto
Disgrazia,vederla: pericolo passato: 14,14,98,Smorfia napoletana - La vera cabala del lotto
Disoccupato,esserlo: il tuo lavoro non ti piace; 54,54,98,Smorfia napoletana - La vera cabala del lotto
Disordine,farlo: rifiuti le imposizioni; 45,45,98,Smorfia napoletana - La vera cabala del lotto
Disordine,in casa: confusione mentale; 72,72,98,Smorfia napoletana - La vera cabala del lotto
Dissotterrare,"un tesoro: ottimo presagio, fortuna; 49",49,98,Smorfia napoletana - La vera cabala del lotto
Dissotterrare,un morto: rivedrai un amico: 9,9,98,Smorfia napoletana - La vera cabala del lotto
Dita,sane: la tua abilità manuale ti farà diventare ricco; 11,11,99,Smorfia napoletana - La vera cabala del lotto
Dita,perderle: rimarrai disoccupato; 19,19,99,Smorfia napoletana - La vera cabala del lotto
Dita,ferite: malattia; 23,23,99,Smorfia napoletana - La vera cabala del lotto
Dita,averne troppe: vuoi troppo; 19,19,99,Smorfia napoletana - La vera cabala del lotto
Dita,dei piedi: piccoli problemi; 64,64,99,Smorfia napoletana - La vera cabala del lotto
Dita,tagliarle: perdita: 61,61,99,Smorfia napoletana - La vera cabala del lotto
Dittatore,i tuoi problemi interiori reclamano una soluzione; 72,72,99,Smorfia napoletana - La vera cabala del lotto
Dividere,qualcosa con qualcuno: generosità; 9,9,99,Smorfia napoletana - La vera cabala del lotto
Dividere,il letto: ti innamorerai improvvisamente; 31,31,99,Smorfia napoletana - La vera cabala del lotto
Dividere,il cibo: supererai un periodo difficile; 40,40,99,Smorfia napoletana - La vera cabala del lotto
Doccia,desiderio di rinnovazione; 31,31,99,Smorfia napoletana - La vera cabala del lotto
Dogana,vederla: ti sono state fatte delle domande imbarazzanti; 87,87,99,Smorfia napoletana - La vera cabala del lotto
Dogana,pagare alla: cattivo presagio; 90,90,99,Smorfia napoletana - La vera cabala del lotto
Doglie,i figli ti daranno delle preoccupazioni; 61,61,99,Smorfia napoletana - La vera cabala del lotto
Doglie,per un uomo: dolore in famiglia; 33,33,99,Smorfia napoletana - La vera cabala del lotto
Dolci,romanticità; 90,90,99,Smorfia napoletana - La vera cabala del lotto
Dolci,mangiarli: sentimentalismo; 86,86,99,Smorfia napoletana - La vera cabala del lotto
Dolci,rubarli: hai bisogno di tanto amore; 37,37,99,Smorfia napoletana - La vera cabala del lotto
Dolore,fisico: ti ammalerai; 90,90,100,Smorfia napoletana - La vera cabala del lotto
Dolore,ai denti: calo di vitalità; 35,35,100,Smorfia napoletana - La vera cabala del lotto
Domandare,cerchi aiuto; 72,72,100,Smorfia napoletana - La vera cabala del lotto
Domandare,un consiglio: sei indeciso; 47,47,100,Smorfia napoletana - La vera cabala del lotto
Donna,simbolo di dolcezza; 24,24,100,Smorfia napoletana - La vera cabala del lotto
Donna,per una donna: femminilità; 22,22,100,Smorfia napoletana - La vera cabala del lotto
Donna,per un uomo: dolcezza; 41,41,100,Smorfia napoletana - La vera cabala del lotto
Donna,bella: desiderio di bellezza (per una donna); 28,28,100,Smorfia napoletana - La vera cabala del lotto
Donna,bella: desiderio di averla (per un uomo); 40,40,100,Smorfia napoletana - La vera cabala del lotto
Donna,incinta: buone notizie; 66,66,100,Smorfia napoletana - La vera cabala del lotto
Donna,coi capelli lunghi: profitti; 66,66,100,Smorfia napoletana - La vera cabala del lotto
Donna,brutta: paura nei rapporti con l'altro sesso; 15,15,100,Smorfia napoletana - La vera cabala del lotto
Donna,sconosciuta: voglia di avventure; 15,15,100,Smorfia napoletana - La vera cabala del lotto
Donna,vederne molte per un uomo: timidezza; 18,18,100,Smorfia napoletana - La vera cabala del lotto
Donna,vederne molte per una donna: gelosia; 18,18,100,Smorfia napoletana - La vera cabala del lotto
Dormire,vedere se stessi: ti riconosci pigro; 16,16,100,Smorfia napoletana - La vera cabala del lotto
Dormire,un nemico: ti tranquillizzi; 18,18,100,Smorfia napoletana - La vera cabala del lotto
Dormire,vedere un bambino: invidi la sua pace; 28,28,100,Smorfia napoletana - La vera cabala del lotto
Dormire,in chiesa: probabili malattie; 40,40,100,Smorfia napoletana - La vera cabala del lotto
Dormire,in una bara: ti senti disperato; 45,45,100,Smorfia napoletana - La vera cabala del lotto
Dottore,la tua salute è molto importante; 2,2,101,Smorfia napoletana - La vera cabala del lotto
Dottore,che ti visita: malattia; 16,16,101,Smorfia napoletana - La vera cabala del lotto
Dramma,rappresenta le tue difficoltà; 4,4,101,Smorfia napoletana - La vera cabala del lotto
Dramma,recitare in un: compiangi te stesso; 56,56,101,Smorfia napoletana - La vera cabala del lotto
Drappo,rosso: odi profondamente; 58,58,101,Smorfia napoletana - La vera cabala del lotto
Drappo,nero: non essere avventato; 65,65,101,Smorfia napoletana - La vera cabala del lotto
Droga,non accetti la realtà; 12,12,101,Smorfia napoletana - La vera cabala del lotto
Droga,"usarla : debolezza, 14",14,101,Smorfia napoletana - La vera cabala del lotto
Droga,vederla usare: senso di impotenza; 19,19,101,Smorfia napoletana - La vera cabala del lotto
Dubitare,di qualche cosa: temi di essere ingannato; 35,35,101,Smorfia napoletana - La vera cabala del lotto
Dubitare,"di qualcuno: i tuoi amici sono sinceri, 86",86,101,Smorfia napoletana - La vera cabala del lotto
Duello,"vincere un: sei certo d'avere ragione, 86",86,101,Smorfia napoletana - La vera cabala del lotto
Duello,perdere un: pessimismo; 16,16,101,Smorfia napoletana - La vera cabala del lotto
Duplicare,qualche cosa: doppia personalità; 66,66,101,Smorfia napoletana - La vera cabala del lotto
Durezza,cinismo; 15,15,102,Smorfia napoletana - La vera cabala del lotto
Durezza,di un oggetto: ostinazione; 31,31,102,Smorfia napoletana - La vera cabala del lotto
Ebreo,vederlo: guadagni; 43,43,102,Smorfia napoletana - La vera cabala del lotto
Ebreo,esserlo: isolamento 2,2,102,Smorfia napoletana - La vera cabala del lotto
Ebreo,fare affari con un: avrai dei problemi; 90,90,102,Smorfia napoletana - La vera cabala del lotto
Eclisse,"sfortuna, perdita d'amicizie, 12",12,102,Smorfia napoletana - La vera cabala del lotto
Eclisse,solare: perdita dei partner; 27,27,102,Smorfia napoletana - La vera cabala del lotto
Eclisse,lunare: sarai abbandonato da un amico senza motivo; 81,81,102,Smorfia napoletana - La vera cabala del lotto
Edera,possessione; 22,22,102,Smorfia napoletana - La vera cabala del lotto
Edera,piantarla: sta crescendo una solida amicizia; 51,51,102,Smorfia napoletana - La vera cabala del lotto
Edera,regalarla: amore e gelosia; 70,70,102,Smorfia napoletana - La vera cabala del lotto
Edera,"riceverla: sei amato profondamente, 35",35,102,Smorfia napoletana - La vera cabala del lotto
Edera,tenere in mano un ramo di: un grande amore è finito; 54,54,102,Smorfia napoletana - La vera cabala del lotto
Educare,hai bisogno di consigli; 36,36,102,Smorfia napoletana - La vera cabala del lotto
Educare,altre persone: intervieni in situazioni che non ti riguardano; 12,12,103,Smorfia napoletana - La vera cabala del lotto
Educare,"figli: saldi principi, 3",3,103,Smorfia napoletana - La vera cabala del lotto
Effeminato,"esserlo: dolcezza non significa mancanza di virilità, 66",66,103,Smorfia napoletana - La vera cabala del lotto
Effeminato,"vederlo: sei orgoglioso della tua virilità, 6",6,103,Smorfia napoletana - La vera cabala del lotto
Elefante,"la tua forza ti farà vincere, 58",58,103,Smorfia napoletana - La vera cabala del lotto
Elefante,"vederne uno morto: sei sfinito, anche la fortuna ti abbandona, 30",30,103,Smorfia napoletana - La vera cabala del lotto
Elefante,essere minacciati da: sei in pericolo; 40,40,103,Smorfia napoletana - La vera cabala del lotto
Elefante,"davanti a casa: successo, 56",56,103,Smorfia napoletana - La vera cabala del lotto
Elefante,che entra in casa: sei troppo indeciso; 51,51,103,Smorfia napoletana - La vera cabala del lotto
Elefante,ammaestrato: devi essere più aggressivo; 30,30,103,Smorfia napoletana - La vera cabala del lotto
Elefante,cavalcarlo: diventerai potente; 52,52,103,Smorfia napoletana - La vera cabala del lotto
Elefante,dargli da bere e da mangiare: una persona importante ti sarà riconoscente; 69,69,103,Smorfia napoletana - La vera cabala del lotto
Elegante,esserlo: sei a tuo agio in mezzo agli altri; 20,20,103,Smorfia napoletana - La vera cabala del lotto
Elmo,ti scontrerai con qualcuno; 26,26,103,Smorfia napoletana - La vera cabala del lotto
Elmo,"toglierlo: il pericolo è passato, 73",73,103,Smorfia napoletana - La vera cabala del lotto
Emicrania,confusione mentale; 82,82,103,Smorfia napoletana - La vera cabala del lotto
Emorragia,per una donna: non vuoi una gravidanza; 56,56,103,Smorfia napoletana - La vera cabala del lotto
Emorragia,per un uomo: gli affari vanno molto male; 18,18,103,Smorfia napoletana - La vera cabala del lotto
Enciclopedia,vederla: ti senti culturalmente preparato; 66,66,104,Smorfia napoletana - La vera cabala del lotto
Enciclopedia,consultarla: devi chiedere consiglio a chi è più colto di te; 70,70,104,Smorfia napoletana - La vera cabala del lotto
Entrare,devi accettare le regole; 21,21,104,Smorfia napoletana - La vera cabala del lotto
Entrare,in casa propria: pace e armonia familiare; 8.,8,104,Smorfia napoletana - La vera cabala del lotto
Entrare,"in casa d'altri: la tua vita cambierà, 17",17,104,Smorfia napoletana - La vera cabala del lotto
Entrare,in un edificio: non farti coinvolgere in cose che non vuoi; 76,76,104,Smorfia napoletana - La vera cabala del lotto
Erba,"vederla: dolcezza, 11",11,104,Smorfia napoletana - La vera cabala del lotto
Erba,tagliare erba: non reprimere la tua spontaneità; 33,33,104,Smorfia napoletana - La vera cabala del lotto
Erba,filo d'erba: hai nostalgia di un ricordo; 86,86,104,Smorfia napoletana - La vera cabala del lotto
Erba,"secca: cattivo presagio, debolezza fisica, 13",13,104,Smorfia napoletana - La vera cabala del lotto
Erba,"essere sdraiato sull' erba: tranquillità, incontro con la natura; 31",31,104,Smorfia napoletana - La vera cabala del lotto
Erba,raccoglierla: riceverai grandi onori; 66,66,104,Smorfia napoletana - La vera cabala del lotto
Erede,averlo: hai fiducia nel tuo futuro; 58,58,104,Smorfia napoletana - La vera cabala del lotto
Erede,illegittimo: non riconosci le tue responsabilità; 28,28,104,Smorfia napoletana - La vera cabala del lotto
Ermellino,furbizia; 40,40,104,Smorfia napoletana - La vera cabala del lotto
Ermellino,pelliccia di: pecchi di vanità; 58,58,104,Smorfia napoletana - La vera cabala del lotto
Ernia,averla: soffrirai per un dolore fisico che ti costringerà a letto; 45,45,105,Smorfia napoletana - La vera cabala del lotto
Errore,commetterlo: sentirsi in colpa; 36,36,105,Smorfia napoletana - La vera cabala del lotto
Errore,di ortografia: insicurezza; 48,48,105,Smorfia napoletana - La vera cabala del lotto
Errore,di stampa: diffidenza; 3,3,105,Smorfia napoletana - La vera cabala del lotto
Eruzione,"cutanea: il tuo nervosismo verrà a galla, 90",90,105,Smorfia napoletana - La vera cabala del lotto
Eruzione,"averla,: breve malattia; 44",44,105,Smorfia napoletana - La vera cabala del lotto
Esame,hai una difficoltà da superare; 8,8,105,Smorfia napoletana - La vera cabala del lotto
Esame,essere bocciati: immaturità; 46,46,105,Smorfia napoletana - La vera cabala del lotto
Esame,essere promossi: sicurezza; 21,21,105,Smorfia napoletana - La vera cabala del lotto
Esame,assistere: hai un amico in difficoltà ma tu non puoi dargli una mano; 37,37,105,Smorfia napoletana - La vera cabala del lotto
Esame,del sangue: la salute non è buona; 9,9,105,Smorfia napoletana - La vera cabala del lotto
Esilio,non ti senti accettato dalla famiglia; 56,56,105,Smorfia napoletana - La vera cabala del lotto
Esilio,essere in: hai rotto con un amico; 32,32,105,Smorfia napoletana - La vera cabala del lotto
Esilio,andare in: vuoi cancellare il passato 18,18,105,Smorfia napoletana - La vera cabala del lotto
Esilio,tornare dall': sei pronto per riallacciare un rapporto d'amicizia; 46,46,105,Smorfia napoletana - La vera cabala del lotto
Esilio,mandare qualcuno in: vuoi scacciare una persona; 81,81,105,Smorfia napoletana - La vera cabala del lotto
Esplorare,desideri evadere dalla vita quotidiana; 52,52,105,Smorfia napoletana - La vera cabala del lotto
Espresso,lettera: devi parlare a tutti i costi; 16,16,106,Smorfia napoletana - La vera cabala del lotto
Espresso,caffè: hai bisogno di tirarti su; 58,58,106,Smorfia napoletana - La vera cabala del lotto
Estate,essere in: attraversi un periodo felice; 32,32,106,Smorfia napoletana - La vera cabala del lotto
Estate,afosa: la ricchezza ti stanca; 15,15,106,Smorfia napoletana - La vera cabala del lotto
Estate,calda: è giunto il momento di raccogliere i frutti dei tuo lavoro; 39,39,106,Smorfia napoletana - La vera cabala del lotto
Estate,fredda: hai avuto un imprevisto; 45,45,106,Smorfia napoletana - La vera cabala del lotto
Estirpare,vuoi per forza eliminare qualcosa; 35,35,106,Smorfia napoletana - La vera cabala del lotto
Estraneo,li senti lasciato in disparte dagli amici; 58,58,106,Smorfia napoletana - La vera cabala del lotto
Estraneo,sentirsi estraneo in famiglia: piccole incomprensioni: 59,59,106,Smorfia napoletana - La vera cabala del lotto
Estraneo,incontrarlo: possibili incontri interessanti; 64,64,106,Smorfia napoletana - La vera cabala del lotto
Esultare,"buon presagio, gioia; 77",77,106,Smorfia napoletana - La vera cabala del lotto
Etichetta,marca: sei facilmente influenzabile; 18,18,106,Smorfia napoletana - La vera cabala del lotto
Eunuco,"presagio di sfortuna, pericolo; 89",89,106,Smorfia napoletana - La vera cabala del lotto
Evaso,vederlo: pericolo; 56,56,106,Smorfia napoletana - La vera cabala del lotto
Evaso,esserlo: li sei liberato di qualcosa; 41,41,106,Smorfia napoletana - La vera cabala del lotto
Fabbrica,vederla: il tuo lavoro li piace; 12,12,107,Smorfia napoletana - La vera cabala del lotto
Fabbrica,essere in una: quando sei nell'ambiente dei lavoro non ti senti a posto; 73,73,107,Smorfia napoletana - La vera cabala del lotto
Fabbrica,possederla: realizzerai i tuoi progetti ma ti costerà molta fatica; 31,31,107,Smorfia napoletana - La vera cabala del lotto
Facchino,amici e parenti ti aiuteranno; 21,21,107,Smorfia napoletana - La vera cabala del lotto
Facchino,vederlo: una nuova proposta di lavoro deve essere accettata; 24,24,107,Smorfia napoletana - La vera cabala del lotto
Facchino,chiamarlo: un amico non è sincero; 49,49,107,Smorfia napoletana - La vera cabala del lotto
Faccia,buon presagio; lunga vita; 2,2,107,Smorfia napoletana - La vera cabala del lotto
Faccia,vedere la propria: stai conoscendo te stesso; 71,71,107,Smorfia napoletana - La vera cabala del lotto
Faccia,"brutta: pessimismo, sfortuna; 5",5,107,Smorfia napoletana - La vera cabala del lotto
Faccia,bella: periodo fortunato e di successo; 21,21,107,Smorfia napoletana - La vera cabala del lotto
Faccia,ferita: probabilmente una malattia; 75,75,107,Smorfia napoletana - La vera cabala del lotto
Faccia,di una casa cadente: pensi che gli altri h vedano distrutto; 6,6,108,Smorfia napoletana - La vera cabala del lotto
Fagiano,vederlo: vanità; 26,26,108,Smorfia napoletana - La vera cabala del lotto
Fagiano,mangiarlo: stai attraversando un periodo difficile; 2,2,108,Smorfia napoletana - La vera cabala del lotto
Fagioli,bianchi: piccoli screzi; 2,2,108,Smorfia napoletana - La vera cabala del lotto
Fagioli,"rossi: avrai modo dì farti valere, 89",89,108,Smorfia napoletana - La vera cabala del lotto
Fagioli,raccoglierli: supererai un brutto momento; 41,41,108,Smorfia napoletana - La vera cabala del lotto
Fagioli,cuocerli: la tua situazione finanziaria migliorerà; 40,40,108,Smorfia napoletana - La vera cabala del lotto
Fagioli,mangiarli: difficoltà; 49,49,108,Smorfia napoletana - La vera cabala del lotto
Fagioli,vederli crescere: buon presagio; fortuna; 36,36,108,Smorfia napoletana - La vera cabala del lotto
Fagotto,avrai una sorpresa; 8,8,108,Smorfia napoletana - La vera cabala del lotto
Fagotto,vederlo volare: scoprirai l'inganno dei tuo partner e te ne andrai; 89,89,108,Smorfia napoletana - La vera cabala del lotto
Fallimento,stai attraversando un ottimo periodo; 10,10,108,Smorfia napoletana - La vera cabala del lotto
Fame,vorresti avere nuove esperienze; 68,68,109,Smorfia napoletana - La vera cabala del lotto
Fame,"avere molta fame: immaturità, povertà di sentimenti; 66",66,109,Smorfia napoletana - La vera cabala del lotto
Fame,non avere fame: sei indipendente e maturo; 31,31,109,Smorfia napoletana - La vera cabala del lotto
Fame,rifiutare di mangiare: non riesci ad accettare un lato della vita; 57,57,109,Smorfia napoletana - La vera cabala del lotto
Fame,abbandonare la: discussioni con gravi conseguenze;17,17,109,Smorfia napoletana - La vera cabala del lotto
Fame,crescere una: buon presagio; 6,6,109,Smorfia napoletana - La vera cabala del lotto
Fame,non avere una: solitudine; 41,41,109,Smorfia napoletana - La vera cabala del lotto
Fanciullo,gioia; 60,60,109,Smorfia napoletana - La vera cabala del lotto
Fanciullo,vedere un fanciullo: ritornerai ad essere semplice 45,45,109,Smorfia napoletana - La vera cabala del lotto
Fanciullo,"vedere una fanciulla: buon presagio, fortuna; 83",83,109,Smorfia napoletana - La vera cabala del lotto
Fanciullo,"vederne molti: allegria, spensieratezza; 9",9,109,Smorfia napoletana - La vera cabala del lotto
Fanciullo,ritornare fanciullo: non accetti le tue responsabilità; 56,56,109,Smorfia napoletana - La vera cabala del lotto
Fango,camminare: malattia; 4,4,109,Smorfia napoletana - La vera cabala del lotto
Fango,pulirti dal: rimetterai ordine in te stesso 7,7,109,Smorfia napoletana - La vera cabala del lotto
Fango,vederlo: alcune persone che conosci sono poco affidabili; 45,45,109,Smorfia napoletana - La vera cabala del lotto
Fango,bianco: ricchezza; 86,86,109,Smorfia napoletana - La vera cabala del lotto
Fango,nero: miseria; 51,51,109,Smorfia napoletana - La vera cabala del lotto
Fango,che parla: ascoltalo; 35,35,109,Smorfia napoletana - La vera cabala del lotto
Fango,di un defunto: la tua vita sarà lunga; 31,31,110,Smorfia napoletana - La vera cabala del lotto
Fango,che ti chiama: ti senti in colpa; 61,61,110,Smorfia napoletana - La vera cabala del lotto
Fango,vederne molti: disperazione; 35,35,110,Smorfia napoletana - La vera cabala del lotto
Fango,inseguirla: rincorri un amore che sarà incerto; 60,60,110,Smorfia napoletana - La vera cabala del lotto
Farina,abbondanza; 82,82,110,Smorfia napoletana - La vera cabala del lotto
Faro,acceso: una situazione difficile verrà risolta; 73,73,110,Smorfia napoletana - La vera cabala del lotto
Faro,"abitare in un: sei molto importante per gli amici, 53",53,110,Smorfia napoletana - La vera cabala del lotto
Fasciare,un bambino: desideri proteggere chi è più debole; 64,64,110,Smorfia napoletana - La vera cabala del lotto
Fasciare,una ferita: dovrai interrompere il lavoro; 46,46,110,Smorfia napoletana - La vera cabala del lotto
Fasciare,qualcuno: hai un amico in difficoltà; 20,20,110,Smorfia napoletana - La vera cabala del lotto
Fattura,farla: odi profondamente qualcuno; 20,20,110,Smorfia napoletana - La vera cabala del lotto
Fattura,riceverla: hai un nemico: 18,18,110,Smorfia napoletana - La vera cabala del lotto
Fattura,commerciale: devi essere onesto; 16,16,110,Smorfia napoletana - La vera cabala del lotto
Favola,raccontarla: dire bugie non serve a nulla 37,37,110,Smorfia napoletana - La vera cabala del lotto
Favola,ascoltarla: quello che ti propongono è irrealizzabile; 57,57,110,Smorfia napoletana - La vera cabala del lotto
Fazzoletto,tristezza 70,70,111,Smorfia napoletana - La vera cabala del lotto
Fazzoletto,perderlo: fortuna; 90,90,111,Smorfia napoletana - La vera cabala del lotto
Fazzoletto,di seta: superbia; 66,66,111,Smorfia napoletana - La vera cabala del lotto
Fazzoletto,di lino: grave malattia; 70,70,111,Smorfia napoletana - La vera cabala del lotto
Fazzoletto,regalarlo: farai piangere alla persona a cui lo hai dato; 31,31,111,Smorfia napoletana - La vera cabala del lotto
Fazzoletto,prestarlo: un amico soffrirà per causa tua; 66,66,111,Smorfia napoletana - La vera cabala del lotto
Feci,fortuna: 46,46,111,Smorfia napoletana - La vera cabala del lotto
Feci,toccarle: diventerai ricco; 27,27,111,Smorfia napoletana - La vera cabala del lotto
Fede,anello: l'unico amore che conta per te è quello coniugale; 80,80,111,Smorfia napoletana - La vera cabala del lotto
Fede,riceverla: una persona ti rivela il suo amore; 51,51,111,Smorfia napoletana - La vera cabala del lotto
Fede,vederla: amore sincero; 66,66,111,Smorfia napoletana - La vera cabala del lotto
Fede,portarla: credi nel matrimonio; 15,15,111,Smorfia napoletana - La vera cabala del lotto
Fede,perderla: separazione dai coniuge; 90,90,111,Smorfia napoletana - La vera cabala del lotto
Ferita,sofferenza; 22,22,111,Smorfia napoletana - La vera cabala del lotto
Ferita,vederla aperta: non hai ancora superato un vecchio conflitto 3,3,111,Smorfia napoletana - La vera cabala del lotto
Ferita,che si chiude: stai dimenticando ciò che ti ha fatto soffrire; 87,87,111,Smorfia napoletana - La vera cabala del lotto
Ferro,essere ferito: una cattiva amicizia ti travierà; 34,34,111,Smorfia napoletana - La vera cabala del lotto
Ferro,di cavallo: trovarlo: il tuo viaggio sarà sicuro; 52,52,111,Smorfia napoletana - La vera cabala del lotto
Ferro,da stiro: ordine interiore; 9,9,112,Smorfia napoletana - La vera cabala del lotto
Ferro,da ballo: potrai fare dei piacevoli incontri; 28,28,112,Smorfia napoletana - La vera cabala del lotto
Ferro,organizzare una: desideri stare con gli amici; 15,15,112,Smorfia napoletana - La vera cabala del lotto
Fetta,sottile: accontentati di quello che hai; 53,53,112,Smorfia napoletana - La vera cabala del lotto
Fetta,grossa: avrai tanta fortuna; 83,83,112,Smorfia napoletana - La vera cabala del lotto
Fiammifero,acceso: fortuna; 18,18,112,Smorfia napoletana - La vera cabala del lotto
Fiammifero,spento: attraverserai un periodo difficile; 17,17,112,Smorfia napoletana - La vera cabala del lotto
Fianco,ferito: paura; 41,41,112,Smorfia napoletana - La vera cabala del lotto
Fianco,che duole: debolezza; 13,13,112,Smorfia napoletana - La vera cabala del lotto
Fianco,essere colpiti al: avrai un dispiacere; 18,18,112,Smorfia napoletana - La vera cabala del lotto
Fianco,"avere qualcuno al: sicurezza, tranquillità; 32",32,112,Smorfia napoletana - La vera cabala del lotto
Fiasco,di vino: devi imparare a tenere la bocca chiusa; 21,21,112,Smorfia napoletana - La vera cabala del lotto
Fiasco,bere un fiasco di vino: hai esagerato in tutti i sensi; 21,21,112,Smorfia napoletana - La vera cabala del lotto
Fico,mangiarne molti: grandi gioie; 4,4,112,Smorfia napoletana - La vera cabala del lotto
Fico,secchi: sarai incolpato ingiustamente; 12,12,112,Smorfia napoletana - La vera cabala del lotto
Fico,raccoglierli: sfortuna; 15,15,113,Smorfia napoletana - La vera cabala del lotto
Fidanzarsi,per i coniugati: possibile morte del coniuge; 30,30,113,Smorfia napoletana - La vera cabala del lotto
Fidanzarsi,per una donna: gioia; 65,65,113,Smorfia napoletana - La vera cabala del lotto
Fidanzarsi,per un uomo: impegno importante; 74,74,113,Smorfia napoletana - La vera cabala del lotto
Fieno,abbondanza; 42,42,113,Smorfia napoletana - La vera cabala del lotto
Fieno,mieterlo: gli affari vanno a gonfie vele: 52,52,113,Smorfia napoletana - La vera cabala del lotto
Fieno,sdraiarsi sul: ricchezza; 19,19,113,Smorfia napoletana - La vera cabala del lotto
Fieno,vederlo bruciare: perderai il tuo denaro; 19,19,113,Smorfia napoletana - La vera cabala del lotto
Fieno,bruciarlo: ti rovinerai con le tue mani; 27,27,113,Smorfia napoletana - La vera cabala del lotto
Fieno,sognare di averne uno: prossima gravidanza; 90,90,113,Smorfia napoletana - La vera cabala del lotto
Filo,complicazioni; 40,40,113,Smorfia napoletana - La vera cabala del lotto
Filo,spezzato: fine di un amore; 54,54,113,Smorfia napoletana - La vera cabala del lotto
Filo,ingarbugliato: la tua situazione attuale è molto complessa; 6,6,113,Smorfia napoletana - La vera cabala del lotto
Filo,tagliarlo: hai messo fine ad un legame che ti pesava; 63,63,113,Smorfia napoletana - La vera cabala del lotto
Filo,avvolgerlo: riuscirai a controllare la situazione; 82,82,113,Smorfia napoletana - La vera cabala del lotto
Filo,sciogliere i nodi: risolverai i tuoi problemi; 7,7,113,Smorfia napoletana - La vera cabala del lotto
Finestra,voglia di evasione; 57,57,113,Smorfia napoletana - La vera cabala del lotto
Finestra,aperta: nuove opportunità di lavoro; 57,57,113,Smorfia napoletana - La vera cabala del lotto
Finestra,"chiusa: hai evitato un pericolo, 88",88,114,Smorfia napoletana - La vera cabala del lotto
Finestra,precipitare dalla: grandi novità; 47,47,114,Smorfia napoletana - La vera cabala del lotto
Finestra,con fiori: serenità; 59,59,114,Smorfia napoletana - La vera cabala del lotto
Fiore,rappresentano gli aspetti dei carattere; 40,40,114,Smorfia napoletana - La vera cabala del lotto
Fiore,piantarli: avrai ricchezze ed onori; 42,42,114,Smorfia napoletana - La vera cabala del lotto
Fiore,coglierli: sei diventato ricco come desideravi da tempo; 56,56,114,Smorfia napoletana - La vera cabala del lotto
Fiore,strapparli: non hai saputo aspettare e hai rovinato tutto; 8,8,114,Smorfia napoletana - La vera cabala del lotto
Fiore,vederli appassire: ti sei lasciato sfuggire delle occasioni; 7,7,114,Smorfia napoletana - La vera cabala del lotto
Fiore,vederne molti: vita serena; 38,38,114,Smorfia napoletana - La vera cabala del lotto
Fiore,"riceverli: qualcuno che ti amo ti inviterà, 82",82,114,Smorfia napoletana - La vera cabala del lotto
Fiore,offrirli: affetto; 15,15,114,Smorfia napoletana - La vera cabala del lotto
Fiume,vederlo: potrai incontrare difficoltà; 20,20,114,Smorfia napoletana - La vera cabala del lotto
Fiume,navigarvi: gli affari andranno bene; 57,57,114,Smorfia napoletana - La vera cabala del lotto
Fiume,fare il bagno: fortuna; 1,1,114,Smorfia napoletana - La vera cabala del lotto
Fiume,"annegare in un: ti arrenderai di fronte alle difficoltà, 12",12,114,Smorfia napoletana - La vera cabala del lotto
Fiume,dalle acque pulite: fai pure il viaggio che devi; 89,89,114,Smorfia napoletana - La vera cabala del lotto
Fiume,dalle acque torbide: non partire; 56,56,114,Smorfia napoletana - La vera cabala del lotto
Fiume,attraversalo in barca: se riesci ad ottenere un aiuto supererai gli ostacoli; 46,46,114,Smorfia napoletana - La vera cabala del lotto
Fiume,attraversarlo a nuoto: grazie a te stesso: supererai tutte le difficoltà; 42,42,114,Smorfia napoletana - La vera cabala del lotto
Foglie,"che cadono: malattia, 23",23,114,Smorfia napoletana - La vera cabala del lotto
Foglie,secche: avrai delle delusioni; 15,15,114,Smorfia napoletana - La vera cabala del lotto
Foglie,gialle: sei fortunato ma non lo meriti; 81,81,115,Smorfia napoletana - La vera cabala del lotto
Foglie,verdi: salute 40,40,115,Smorfia napoletana - La vera cabala del lotto
Foglie,ammucchiarle: vuoi scordare il passato; 77,77,115,Smorfia napoletana - La vera cabala del lotto
Foglio,bianco: devi ancora agire; 13,13,115,Smorfia napoletana - La vera cabala del lotto
Foglio,nero: non riesci a pensare chiaramente; 31,31,115,Smorfia napoletana - La vera cabala del lotto
Foglio,scritto: hai già preso le tue decisioni; 25,25,115,Smorfia napoletana - La vera cabala del lotto
Foglio,"colorato: hai una fantasia molto viva, 5",5,115,Smorfia napoletana - La vera cabala del lotto
Fogna,trovarsi in una: i pettegolezzi ti hanno fatto molto male; 45,45,115,Smorfia napoletana - La vera cabala del lotto
Fogna,cadere in una: ti capiterà qualcosa di spiacevole; 66,66,115,Smorfia napoletana - La vera cabala del lotto
Folla,che ti travolge: insicurezza; 81,81,115,Smorfia napoletana - La vera cabala del lotto
Folla,che ti ignora: soffri di solitudine; 57,57,115,Smorfia napoletana - La vera cabala del lotto
Fontana,"abbondanza, salute; 50",50,115,Smorfia napoletana - La vera cabala del lotto
Fontana,"se l'acqua è pulita: la tua vita sarà tranquilla, sicura; 7",7,115,Smorfia napoletana - La vera cabala del lotto
Fontana,"se l'acqua è sporca: dispiaceri, sofferenze; 3",3,115,Smorfia napoletana - La vera cabala del lotto
Fontana,senza acqua: povertà; 87,87,115,Smorfia napoletana - La vera cabala del lotto
Fontana,lavarsi in una: gioia; 71/67,71 67,115,Smorfia napoletana - La vera cabala del lotto
Forbici,tagliare con le: separazione; 4,4,115,Smorfia napoletana - La vera cabala del lotto
Forca,buon auspicio; 39,39,115,Smorfia napoletana - La vera cabala del lotto
Forca,essere appeso alla: dignità; 39,39,116,Smorfia napoletana - La vera cabala del lotto
Forca,"vedere un amico appeso alla: ti congratuli per i suoi successi, 87",87,116,Smorfia napoletana - La vera cabala del lotto
Foresta,è la tua vita inconscia; 74,74,116,Smorfia napoletana - La vera cabala del lotto
Foresta,incontrare pericoli: non tutte le sorprese sono gradite; 72,72,116,Smorfia napoletana - La vera cabala del lotto
Foresta,incontrare nemici: insicurezza; 8,8,116,Smorfia napoletana - La vera cabala del lotto
Foresta,entrare in una h aspetta un periodo difficile; 25,25,116,Smorfia napoletana - La vera cabala del lotto
Foresta,perdersi: angoscia; 83,83,116,Smorfia napoletana - La vera cabala del lotto
Formaggio,"mangiarlo: hai ottenuto molti vantaggi, approfittane; 62",62,116,Smorfia napoletana - La vera cabala del lotto
Forno,ricchezza; 8,8,116,Smorfia napoletana - La vera cabala del lotto
Forno,accenderlo: amore per una donna; 54,54,116,Smorfia napoletana - La vera cabala del lotto
Forno,spegnerlo: è finito un amore; 20,20,116,Smorfia napoletana - La vera cabala del lotto
Fossato,scavalcarlo: supererai le difficoltà; 38,38,116,Smorfia napoletana - La vera cabala del lotto
Fossato,vederlo: sei realista; 9,9,116,Smorfia napoletana - La vera cabala del lotto
Fossato,cadervi: sei caduto in un tranello; 16,16,116,Smorfia napoletana - La vera cabala del lotto
Fossato,con acqua: incontrerai un ostacolo; 84,84,116,Smorfia napoletana - La vera cabala del lotto
Fossato,"a colori: ricordi allegri, 37",37,116,Smorfia napoletana - La vera cabala del lotto
Fossato,in bianco e nero: tristezza; 62,62,116,Smorfia napoletana - La vera cabala del lotto
Fossato,raccoglierla: avrai un avventura sentimentale; 19,19,117,Smorfia napoletana - La vera cabala del lotto
Fratello,"vederlo: stai conoscendo te stesso, 47",47,117,Smorfia napoletana - La vera cabala del lotto
Fratello,vederlo morto: la sua vita sarà lunga; 8,8,117,Smorfia napoletana - La vera cabala del lotto
Fratello,parlare con il: cerchi un compromesso; 73,73,117,Smorfia napoletana - La vera cabala del lotto
Fratello,litigare con: litigi in famiglia; 90,90,117,Smorfia napoletana - La vera cabala del lotto
Fronte,meditazione; 81,81,117,Smorfia napoletana - La vera cabala del lotto
Fronte,bassa: ti sottovaluti; 6,6,117,Smorfia napoletana - La vera cabala del lotto
Fronte,alta: ti consideri intelligente; 7,7,117,Smorfia napoletana - La vera cabala del lotto
Fronte,ferita: qualcuno lisce di emergere; 29,29,117,Smorfia napoletana - La vera cabala del lotto
Fronte,avere una scritta in: non riesci a mantenere un segreto; 43,43,117,Smorfia napoletana - La vera cabala del lotto
Fronte,essere sul: attento ai pericoli; 39,39,117,Smorfia napoletana - La vera cabala del lotto
Frumento,buon presagio: 46,46,117,Smorfia napoletana - La vera cabala del lotto
Frustare,un amico: sei volubile; 71,71,117,Smorfia napoletana - La vera cabala del lotto
Frustare,la madre; le procuri molte sofferenza; 90,90,117,Smorfia napoletana - La vera cabala del lotto
Frustare,il partner; sei insoddisfatto e ti comporti male; 89,89,117,Smorfia napoletana - La vera cabala del lotto
Frutta,desiderio di ricchezza; 20,20,117,Smorfia napoletana - La vera cabala del lotto
Frutta,mangiarla: piacere fisico; 9,9,117,Smorfia napoletana - La vera cabala del lotto
Frutta,mangiarla acerba: un legame inizialmente piacevole ti sarà di peso; 4,4,118,Smorfia napoletana - La vera cabala del lotto
Frutta,raccoglierla: sensazioni piacevoli; 59,59,118,Smorfia napoletana - La vera cabala del lotto
Frutta,calpestarla: litigherai coi tuo partner; 71,71,118,Smorfia napoletana - La vera cabala del lotto
Frutta,buttarla via: sei molto arrabbiato; 7,7,118,Smorfia napoletana - La vera cabala del lotto
Frutta,comperarla: vuoi dei vantaggi economici: 15,15,118,Smorfia napoletana - La vera cabala del lotto
Fucilare,vuoi essere lasciato in pace; 62,62,118,Smorfia napoletana - La vera cabala del lotto
Fucilare,essere fucilato: sarai isolato; 55,55,118,Smorfia napoletana - La vera cabala del lotto
Fucilare,dei prigionieri: combatti contro le ingiustizie; 9,9,118,Smorfia napoletana - La vera cabala del lotto
Fuggire,da qualcuno: un legame ti pesa e vuoi romperlo; 53,53,118,Smorfia napoletana - La vera cabala del lotto
Fuggire,da casa: la tua vita diventerà più tranquilla; 23,23,118,Smorfia napoletana - La vera cabala del lotto
Fuggire,da un animale: vorresti fare nuove esperienze; 38,38,118,Smorfia napoletana - La vera cabala del lotto
Fuggire,da un pericolo: gli amici ti daranno moment di serenità; 66,66,118,Smorfia napoletana - La vera cabala del lotto
Fuggire,con angoscia: sei tormentato da qualcosa; 8,8,118,Smorfia napoletana - La vera cabala del lotto
Fulmine,venire colpiti da: li innamorerai; 56,56,118,Smorfia napoletana - La vera cabala del lotto
Fulmine,essere fulminati: malattia; 20,20,118,Smorfia napoletana - La vera cabala del lotto
Fuimo,vederlo uscire dal camino: matrimonio in vista; 28/84,28 84,118,Smorfia napoletana - La vera cabala del lotto
Fuimo,nero: cattivo presagio; 31,31,118,Smorfia napoletana - La vera cabala del lotto
Fuimo,bianco: li sei accordato con qualcuno; 81,81,118,Smorfia napoletana - La vera cabala del lotto
Fuimo,"averlo negli occhi: stai attento, verrai ingannato; 86",86,118,Smorfia napoletana - La vera cabala del lotto
Funerale,assistere al proprio: successo negli affari; 74,74,119,Smorfia napoletana - La vera cabala del lotto
Funerale,dei marito/moglie: sciagura; 76,76,119,Smorfia napoletana - La vera cabala del lotto
Funerale,assistervi: pericolo; 16,16,119,Smorfia napoletana - La vera cabala del lotto
Fuoco,forte personalità; 8,8,119,Smorfia napoletana - La vera cabala del lotto
Fuoco,dal cielo: miseria; 90,90,119,Smorfia napoletana - La vera cabala del lotto
Fuoco,accenderlo piccolo: novità; 41,41,119,Smorfia napoletana - La vera cabala del lotto
Fuoco,accenderlo grande: qualcuno vuole farti dei male; 38,38,119,Smorfia napoletana - La vera cabala del lotto
Fuoco,scottarsi: malattia 51,51,119,Smorfia napoletana - La vera cabala del lotto
Fuoco,spegnerlo: crisi sentimentale; 82,82,119,Smorfia napoletana - La vera cabala del lotto
Fuoco,con molto fumo: litigi; 70,70,119,Smorfia napoletana - La vera cabala del lotto
Fuoco,vederlo spento da tempo: sei sfiduciato; 79,79,119,Smorfia napoletana - La vera cabala del lotto
Fuoco,artificiale: nascita 80,80,119,Smorfia napoletana - La vera cabala del lotto
Fuoco,toccarlo senza provare dolore: supererai tutti gli ostacoli; 47,47,119,Smorfia napoletana - La vera cabala del lotto
Furto,commettendo: periodo nero; 6,6,119,Smorfia napoletana - La vera cabala del lotto
Furto,subirlo: insincerità da parte degli amici; 61,61,119,Smorfia napoletana - La vera cabala del lotto
Furto,scoprirlo: hai scoperto un inganno; 15,15,119,Smorfia napoletana - La vera cabala del lotto
Furto,di gioielli: ami motto le ricchezze; 90,90,119,Smorfia napoletana - La vera cabala del lotto
Furto,di denaro: vorresti essere molto ficco; 79,79,119,Smorfia napoletana - La vera cabala del lotto
Furto,di bestiame: vuoi danneggiare gli affari di qualcuno; 52,52,119,Smorfia napoletana - La vera cabala del lotto
Futuro,sognarlo: sei ambizioso; 90,90,119,Smorfia napoletana - La vera cabala del lotto
Futuro,vederlo: con molto impegno riuscirai a realizzare i tuoi progetti; 37,37,119,Smorfia napoletana - La vera cabala del lotto
Gabbia,pericolo di prigione; 6/35,6 35,120,Smorfia napoletana - La vera cabala del lotto
Gabbia,essere prigioniero: qualcuno li vuole ingannare; 15,15,120,Smorfia napoletana - La vera cabala del lotto
Gabbia,scappare da una: voglia di libertà; 21,21,120,Smorfia napoletana - La vera cabala del lotto
Gabbia,con uccelli: la situazione familiare è molto grave; 61,61,120,Smorfia napoletana - La vera cabala del lotto
Galleria,attraverserai un periodo difficile 22,22,120,Smorfia napoletana - La vera cabala del lotto
Galleria,in miniera: il successo ti costerà molta fatica; 74,74,120,Smorfia napoletana - La vera cabala del lotto
Galleria,per il treno: avrai nostalgia di casa; 72,72,120,Smorfia napoletana - La vera cabala del lotto
Gallina,che canta: consolazione; 57,57,120,Smorfia napoletana - La vera cabala del lotto
Gallina,che depone uova: felicità; 74,74,120,Smorfia napoletana - La vera cabala del lotto
Gallina,che cova: piccoli fastidi; 29,29,120,Smorfia napoletana - La vera cabala del lotto
Gallina,coi pulcini: avrai molta fortuna; 29,29,120,Smorfia napoletana - La vera cabala del lotto
Gallina,grassa: ricchezza; 12,12,120,Smorfia napoletana - La vera cabala del lotto
Gallina,magra; miseria; 14,14,120,Smorfia napoletana - La vera cabala del lotto
Gallina,che razzola: una vita felice; 18,18,120,Smorfia napoletana - La vera cabala del lotto
Gallo,litigi; 3,3,120,Smorfia napoletana - La vera cabala del lotto
Gallo,mangiarlo: riceverai delle buone notizie; 84,84,121,Smorfia napoletana - La vera cabala del lotto
Gallo,"prenderlo: litigi, battibecchi, 81",81,121,Smorfia napoletana - La vera cabala del lotto
Gallo,ucciderlo: il momento di fortuna è passato; 90,90,121,Smorfia napoletana - La vera cabala del lotto
Gallo,"che canta: guadagni, ottimo rendimento dei lavoro; 65",65,121,Smorfia napoletana - La vera cabala del lotto
Gallo,che fa le uova: i tuoi desideri non si realizzeranno; 65,65,121,Smorfia napoletana - La vera cabala del lotto
Gambe,averle belle e funzionanti: fortuna in amore e buoni affari; 59,59,121,Smorfia napoletana - La vera cabala del lotto
Gambe,"romperle: insoddisfazioni, indecisioni; 14",14,121,Smorfia napoletana - La vera cabala del lotto
Gambe,ferite: stai attento; qualcuno vuole ostacolarti; 19,19,121,Smorfia napoletana - La vera cabala del lotto
Gambe,artificiali: non hai più fiducia in te stesso; 22,22,121,Smorfia napoletana - La vera cabala del lotto
Gambe,averne una di legno: un difetto fisico ti fa soffrire; 76,76,121,Smorfia napoletana - La vera cabala del lotto
Gambe,non riuscire a muoverle: hai difficoltà a farti apprezzare sul lavoro; 87,87,121,Smorfia napoletana - La vera cabala del lotto
Gatto,irrazionalità; 3,3,121,Smorfia napoletana - La vera cabala del lotto
Gatto,"vederlo: tradimento, 6",6,121,Smorfia napoletana - La vera cabala del lotto
Gatto,domestico: autonomia 36,36,121,Smorfia napoletana - La vera cabala del lotto
Gatto,selvatico: sei così indipendente che a volte diventi persino aggressivo; 31,31,121,Smorfia napoletana - La vera cabala del lotto
Gatto,"nero: alcune persone vogliono il tuo male, 75",75,121,Smorfia napoletana - La vera cabala del lotto
Gatto,"mangiarlo: divorzierai, 24/54",24 54,121,Smorfia napoletana - La vera cabala del lotto
Gatto,vederlo sul tetto: gli affari andranno male; 1,1,121,Smorfia napoletana - La vera cabala del lotto
Gatto,accarezzarlo: passione; 18,18,121,Smorfia napoletana - La vera cabala del lotto
Gatto,che fa le fusa: il tuo amore è ricambiato; 22,22,121,Smorfia napoletana - La vera cabala del lotto
Gatto,"essere graffiati: anche se ti opporrai, ti innamorerai; 41",41,121,Smorfia napoletana - La vera cabala del lotto
Gatto,lottare con un: probabilmente i ladri li faranno visita; 86,86,121,Smorfia napoletana - La vera cabala del lotto
Gatto,nutrirlo: la persona che ami non li merita; 18,18,122,Smorfia napoletana - La vera cabala del lotto
Gelosia,"incomprensione, il tuo partner non ti capisce; 80",80,122,Smorfia napoletana - La vera cabala del lotto
Gelosia,"segreta: introversione, 89",89,122,Smorfia napoletana - La vera cabala del lotto
Gelosia,uccidere per: farai un grande errore di valutazione; 4,4,122,Smorfia napoletana - La vera cabala del lotto
Gelosia,"molto forte: forse verrai ingannato, attenzione anche agli affari; 54",54,122,Smorfia napoletana - La vera cabala del lotto
Gelosia,manifesta: non ti sai controllare; 37,37,122,Smorfia napoletana - La vera cabala del lotto
Gemelli,"dubbi, confusione; 2",2,122,Smorfia napoletana - La vera cabala del lotto
Gemelli,fratelli: fortuna nel gioco; 56/58,56 58,122,Smorfia napoletana - La vera cabala del lotto
Genitori,rappresentano l'ambiente in cui vivi; 80,80,122,Smorfia napoletana - La vera cabala del lotto
Genitori,parlare con loro: hai bisogno di essere consigliato; 84,84,122,Smorfia napoletana - La vera cabala del lotto
Genitori,vederli morti: sei completamente sufficiente; la salute dei tuoi genitori è ottima; 53,53,122,Smorfia napoletana - La vera cabala del lotto
Genitori,vederli adirati: ti senti colpevole; 19,19,122,Smorfia napoletana - La vera cabala del lotto
Genitori,vederli ammalati: ti senti abbandonato; 46,46,122,Smorfia napoletana - La vera cabala del lotto
Ghiaccio,"correre sul: stai rischiando, attento a non commettere errori; 64",64,122,Smorfia napoletana - La vera cabala del lotto
Ghiaccio,romperlo: finalmente hai preso una decisione; 39,39,122,Smorfia napoletana - La vera cabala del lotto
Ghiaccio,a cubetti: ti incontrerai piacevolmente con gli amici; 83,83,122,Smorfia napoletana - La vera cabala del lotto
Ghiaccio,scivolare sul: avrai un imprevisto; 16,16,122,Smorfia napoletana - La vera cabala del lotto
Ghiaccio,vederla in azione: metti in atto la tua vendetta; 26,26,122,Smorfia napoletana - La vera cabala del lotto
Ghiaccio,essere ghigliottinali: ti punisci per aver perso la testa; 5,5,123,Smorfia napoletana - La vera cabala del lotto
Ghiaccio,di cotone: sei indipendente; 11,11,123,Smorfia napoletana - La vera cabala del lotto
Ghiaccio,averla macchiata: li senti in colpa; 12,12,123,Smorfia napoletana - La vera cabala del lotto
Ghiaccio,averla fuori moda: soffri di complessi di inferiorità; 27,27,123,Smorfia napoletana - La vera cabala del lotto
Ghiaccio,indossarla: sicurezza; 53,53,123,Smorfia napoletana - La vera cabala del lotto
Ghiaccio,tenerla in mano: ti piace fare lo snob; 40,40,123,Smorfia napoletana - La vera cabala del lotto
Giallo,colore: generosità e saggezza; 79,79,123,Smorfia napoletana - La vera cabala del lotto
Giardino,con fiori: la tua vita procede tranquilla e laboriosa; 52,52,123,Smorfia napoletana - La vera cabala del lotto
Giardino,con erbacce: sei troppo egoista; 40,40,123,Smorfia napoletana - La vera cabala del lotto
Giardino,passeggiare: la persona che ami non vuole sapere di te: 48,48,123,Smorfia napoletana - La vera cabala del lotto
Giardino,"coperto di neve: non essere così pessimista, le cose cambieranno; 39",39,123,Smorfia napoletana - La vera cabala del lotto
Giglio,raccoglierlo: vorresti che la donna amata fosse pura; 72,72,123,Smorfia napoletana - La vera cabala del lotto
Ginocchio,ferito: perdita finanziaria; 77,77,123,Smorfia napoletana - La vera cabala del lotto
Ginocchio,mettersi in: ti umilierai; 57,57,123,Smorfia napoletana - La vera cabala del lotto
Ginocchio,fratturato: un legame si spezzerà; 48,48,123,Smorfia napoletana - La vera cabala del lotto
Ginocchio,malato una malaria ti costringerà a letto; 77,77,123,Smorfia napoletana - La vera cabala del lotto
Gioie,portarli: hai paura a mostrare la tua ricchezza; 6,6,124,Smorfia napoletana - La vera cabala del lotto
Gioie,falsi: la vanità ti nuocerà; 66,66,124,Smorfia napoletana - La vera cabala del lotto
Gioie,vederli: fortuna; 31,31,124,Smorfia napoletana - La vera cabala del lotto
Gioie,d'oro: tranquillità economica; 76,76,124,Smorfia napoletana - La vera cabala del lotto
Gioie,d'argento: non hai saputo sfruttare le tue occasioni; 81,81,124,Smorfia napoletana - La vera cabala del lotto
Gioie,con pietre preziose: hai grandi ambizioni e forse riuscirà a realizzarle; 44,44,124,Smorfia napoletana - La vera cabala del lotto
Giornale,leggerlo: buone notizie; 23,23,124,Smorfia napoletana - La vera cabala del lotto
Giornale,comperarlo: curiosità su qualcosa di segreto; 57,57,124,Smorfia napoletana - La vera cabala del lotto
Giorno,sereno: i tuoi desideri si esaudiranno; 38,38,124,Smorfia napoletana - La vera cabala del lotto
Giorno,buio: stai attraversando un periodo; 33,33,124,Smorfia napoletana - La vera cabala del lotto
Giorno,festivo: supererai le difficoltà; 38,38,124,Smorfia napoletana - La vera cabala del lotto
Giorno,piovoso: alcuni ostacoli ti intralceranno; 9,9,124,Smorfia napoletana - La vera cabala del lotto
Giovane,donna: piccoli imprevisti; 84,84,124,Smorfia napoletana - La vera cabala del lotto
Giovane,"giovane uomo: fortuna, dovrai comunque agire con intelligenza; 7",7,124,Smorfia napoletana - La vera cabala del lotto
Giovane,vedere dei: desideri il successo per i tuoi figli; 21,21,124,Smorfia napoletana - La vera cabala del lotto
Giovane,ridiventarlo: non vuoi responsabilità; 67,67,124,Smorfia napoletana - La vera cabala del lotto
Girasole,vedere un campo: le persone che conosci vogliono mettersi in mostra; 84,84,124,Smorfia napoletana - La vera cabala del lotto
Giudicare,non devi occuparti di cose che non 6 riguardano; 63,6 63,124,Smorfia napoletana - La vera cabala del lotto
Giudicare,un libro: rigidità morale; 49,49,124,Smorfia napoletana - La vera cabala del lotto
Giudicare,essere giudicati: insicurezza; 74,74,125,Smorfia napoletana - La vera cabala del lotto
Giudicare,male qualcuno: sei sempre avventato; 85,85,125,Smorfia napoletana - La vera cabala del lotto
Giudicare,toccarla: la tua fortuna è al massimo; 81,81,125,Smorfia napoletana - La vera cabala del lotto
Giudicare,ferita: qualcuno sparla di te; 3,3,125,Smorfia napoletana - La vera cabala del lotto
Gomito,energia 7,7,125,Smorfia napoletana - La vera cabala del lotto
Gomito,ferito: qualcuno vuole fermarti; 55,55,125,Smorfia napoletana - La vera cabala del lotto
Gomito,malato: periodo di ozio forzato; 23,23,125,Smorfia napoletana - La vera cabala del lotto
Gonna,simbolo di femminilità; 69,69,125,Smorfia napoletana - La vera cabala del lotto
Gonna,corta per una donna sei anticonformista; 48,48,125,Smorfia napoletana - La vera cabala del lotto
Gonna,lunga per una donna: timidezza; insicurezza; 34,34,125,Smorfia napoletana - La vera cabala del lotto
Gonna,"vederla: attrazione fisica per una donna, 59",59,125,Smorfia napoletana - La vera cabala del lotto
Gradino,piccolo ostacolo; 48,48,125,Smorfia napoletana - La vera cabala del lotto
Gradino,inciamperai: sarai momentaneamente bloccato; 62,62,125,Smorfia napoletana - La vera cabala del lotto
Gradino,superarlo: percorso è difficile ma ce la farai; 62,62,125,Smorfia napoletana - La vera cabala del lotto
Gradino,seminarlo: lavori per il tuo successo; 14,14,126,Smorfia napoletana - La vera cabala del lotto
Gradino,"mieterlo: riscuoterai i frutti dei tuo lavoro, 19",19,126,Smorfia napoletana - La vera cabala del lotto
Gradino,campo di: la tua felicità è duratura; 76,76,126,Smorfia napoletana - La vera cabala del lotto
Gravidanza,momento fortunato; 89,89,126,Smorfia napoletana - La vera cabala del lotto
Gravidanza,vedere una donna incinta: invidia per una donna sposata; 85,85,126,Smorfia napoletana - La vera cabala del lotto
Gridare,"stai lottando contro qualcosa, 35",35,126,Smorfia napoletana - La vera cabala del lotto
Gridare,senza emettere suoni: devi risolvere da solo i tuoi problemi; 32,32,126,Smorfia napoletana - La vera cabala del lotto
Gridare,disperatamente: vivi una situazione angosciante; 63,63,126,Smorfia napoletana - La vera cabala del lotto
Grotta,hai bisogno di essere capito; 19,19,126,Smorfia napoletana - La vera cabala del lotto
Grotta,viverci: vorresti rivivere una situazione tranquilla; 72,72,126,Smorfia napoletana - La vera cabala del lotto
Grotta,entrarci: eviti le difficoltà; 3,3,126,Smorfia napoletana - La vera cabala del lotto
Grotta,rifugiarsi: non accetti le difficoltà; 3,3,126,Smorfia napoletana - La vera cabala del lotto
Grotta,angusta: avrai problemi economici; 56,56,126,Smorfia napoletana - La vera cabala del lotto
Gru,"uccello: invece di risolvere i problemi, li sfuggi; 35",35,126,Smorfia napoletana - La vera cabala del lotto
Gruppo,"di colleghi: emarginazione, 6",6,126,Smorfia napoletana - La vera cabala del lotto
Gruppo,di amici: temi che gli altri non h apprezzino; 15,15,126,Smorfia napoletana - La vera cabala del lotto
Gruppo,essere in: sei inserito nella società in cui vivi; 13,13,127,Smorfia napoletana - La vera cabala del lotto
Gruppo,di persone sconosciute: hai paura che gli altri prendano le decisioni per te; 38,38,127,Smorfia napoletana - La vera cabala del lotto
Gruppo,incerto: sei sfiduciato; 44,44,127,Smorfia napoletana - La vera cabala del lotto
Guado,nella tua vita ci saranno dei cambiamenti; 30,30,127,Smorfia napoletana - La vera cabala del lotto
Guado,difficile: la paura ti blocca; 2,2,127,Smorfia napoletana - La vera cabala del lotto
Guado,facile: sei maturato; 61,61,127,Smorfia napoletana - La vera cabala del lotto
Guance,rotonde: buona salute; 71,71,127,Smorfia napoletana - La vera cabala del lotto
Guance,scarne: ti ammalerai; 3,3,127,Smorfia napoletana - La vera cabala del lotto
Guance,"truccate: vuoi piacere a qualcuno, 51",51,127,Smorfia napoletana - La vera cabala del lotto
Guance,accarezzarle: voglia di baciare; 66,66,127,Smorfia napoletana - La vera cabala del lotto
Guardare,curiosità; 31,31,127,Smorfia napoletana - La vera cabala del lotto
Guardare,guardare allo specchio: tradimento; 24,24,127,Smorfia napoletana - La vera cabala del lotto
Guardare,attentamente: prendi al volo ogni occasione; 43,43,127,Smorfia napoletana - La vera cabala del lotto
Guardaroba,vuoto: poche soddisfazioni familiari; 70,70,127,Smorfia napoletana - La vera cabala del lotto
Guardia,non ti senti completamente libero; 64,64,127,Smorfia napoletana - La vera cabala del lotto
Guardia,chiamarla: senso di giustizia; 53,53,128,Smorfia napoletana - La vera cabala del lotto
Guardia,dei corpo: vuoi sentirti protetto; 62,62,128,Smorfia napoletana - La vera cabala del lotto
Guardia,essere una: i tuoi giudizi sono troppo categorici; 18,18,128,Smorfia napoletana - La vera cabala del lotto
Guarigione,"ottimo presagio, le cose andranno per il meglio; 10",10,128,Smorfia napoletana - La vera cabala del lotto
Guarnizione,d'oro: le tue ricchezze sono motivo di vanto; 90,90,128,Smorfia napoletana - La vera cabala del lotto
Guarnizione,"di un vestito: sei vanitoso, ami le cose belle; 65",65,128,Smorfia napoletana - La vera cabala del lotto
Guerra,problemi psicologici; 61,61,128,Smorfia napoletana - La vera cabala del lotto
Guerra,essere in guerra: sei ansioso: non riesci a legare con gli altri; 77,77,128,Smorfia napoletana - La vera cabala del lotto
Guerra,di trincea: alcuni problemi ti stanno logorando; 62,62,128,Smorfia napoletana - La vera cabala del lotto
Gufo,cattiva salute 16,16,128,Smorfia napoletana - La vera cabala del lotto
Gufo,vederlo: avrai molte preoccupazioni; 2,2,128,Smorfia napoletana - La vera cabala del lotto
Gufo,udirlo: t arriveranno delle notizie cattive; 43,43,128,Smorfia napoletana - La vera cabala del lotto
Gufo,pigliarne: gioia; 4,4,128,Smorfia napoletana - La vera cabala del lotto
Gufo,di montagna: devi risolvere un problema con l'auto di qualcuno; 26,26,128,Smorfia napoletana - La vera cabala del lotto
Gufo,persona: ascolta chi ho più esperienza di te; 45,45,128,Smorfia napoletana - La vera cabala del lotto
Guidare,senso di responsabilità; 3,3,129,Smorfia napoletana - La vera cabala del lotto
Guidare,un'automobile: i tuoi affari fanno progressi; 59,59,129,Smorfia napoletana - La vera cabala del lotto
Guidare,un camion: lavorerai duramente ma avrai delle soddisfazioni; 48,48,129,Smorfia napoletana - La vera cabala del lotto
Guidare,una moto: ti piace l'avventura; 21,21,129,Smorfia napoletana - La vera cabala del lotto
Guinzaglio,non sopporti più un legame; 23,23,129,Smorfia napoletana - La vera cabala del lotto
Guinzaglio,vederlo rotto: un amico fidato li ha abbandonato; 76,76,129,Smorfia napoletana - La vera cabala del lotto
Guscio,vivi isolato e non sai come inserirti; 52,52,129,Smorfia napoletana - La vera cabala del lotto
Guscio,romperlo: farai delle conoscenze piacevoli; 55,55,129,Smorfia napoletana - La vera cabala del lotto
Identita,carta di: fatichi a riconoscerti; 87,87,131,Smorfia napoletana - La vera cabala del lotto
Identita,perderla: crisi d'identità; 29,29,131,Smorfia napoletana - La vera cabala del lotto
Identita,richiederla: hai bisogno di sicurezza; 72,72,131,Smorfia napoletana - La vera cabala del lotto
Idolo,"sei insicuro, timido; 22",22,131,Smorfia napoletana - La vera cabala del lotto
Idolo,"d'oro: sventura, 59",59,131,Smorfia napoletana - La vera cabala del lotto
Idolo,d'argento: cominci ad avere un senso critico; 56,56,131,Smorfia napoletana - La vera cabala del lotto
Idolo,di legno: supererai dei conflitti; 6,6,131,Smorfia napoletana - La vera cabala del lotto
Illuminare,devi tranquillizzare una persona che ami; 76,76,131,Smorfia napoletana - La vera cabala del lotto
Illuminare,un bosco: ti libererai dai tuoi complessi; 15,15,131,Smorfia napoletana - La vera cabala del lotto
Illuminare,una strada: procedi tranquillamente; 10,10,131,Smorfia napoletana - La vera cabala del lotto
Illuminare,una casa: cerchi di fare luce in te stesso; 16,16,131,Smorfia napoletana - La vera cabala del lotto
Illuminare,la luna: capirai il carattere di una donna; 18,18,131,Smorfia napoletana - La vera cabala del lotto
Imbalsamare,la tua decisione sarà definitiva; 73,73,131,Smorfia napoletana - La vera cabala del lotto
Imbalsamare,un animale: hai evitato un pericolo; 17,17,131,Smorfia napoletana - La vera cabala del lotto
Imbarcarsi,"gioia, fortuna, possibili novità; 67",67,132,Smorfia napoletana - La vera cabala del lotto
Imbarcarsi,per un lungo viaggio: la tua vita subirà una svolta; 39,39,132,Smorfia napoletana - La vera cabala del lotto
Imbarcarsi,per una gita: ci saranno dei cambiamenti in famiglia; 45,45,132,Smorfia napoletana - La vera cabala del lotto
Imbellettare,qualcuno: vorresti modificare il carattere di una persona; 39,39,132,Smorfia napoletana - La vera cabala del lotto
Imbellettare,imbellettarsi: nella realtà curi molto poco la tua persona; 39,39,132,Smorfia napoletana - La vera cabala del lotto
Imbiancare,miglioramenti solo apparenti; 38,38,132,Smorfia napoletana - La vera cabala del lotto
Imbiancare,la casa: avrai un periodo fortunato; 35,35,132,Smorfia napoletana - La vera cabala del lotto
Imbiancare,la propria camera: vuoi scordare i problemi che hai avuto; 36,36,132,Smorfia napoletana - La vera cabala del lotto
Imbrogliare,qualcuno: ti prenderai una rivincita; 5,5,132,Smorfia napoletana - La vera cabala del lotto
Imbrogliare,essere imbrogliati: fidati dei tuo istinto; 26,26,132,Smorfia napoletana - La vera cabala del lotto
Immagine,religiosa: buon presagio; 90,90,132,Smorfia napoletana - La vera cabala del lotto
Immagine,di una persona: il ricordo di una situazione che ti ha fatto soffrire è ancora vivo; 27,27,132,Smorfia napoletana - La vera cabala del lotto
Immagine,dei genitori: non sei ancora indipendente; 17,17,132,Smorfia napoletana - La vera cabala del lotto
Immagine,del partner: rimarrai separato a lungo; 31,31,132,Smorfia napoletana - La vera cabala del lotto
Immondizia,gettarla: ti libererai di persone e oggetti inutili: 70,70,132,Smorfia napoletana - La vera cabala del lotto
Immondizia,tenerla in casa: soffri molto di nostalgia; 9,9,132,Smorfia napoletana - La vera cabala del lotto
Impallidire,"malattia, cattive notizie; 52",52,132,Smorfia napoletana - La vera cabala del lotto
Imparare,a memoria: non hai fiducia in te stesso; 15,15,133,Smorfia napoletana - La vera cabala del lotto
Imparare,qualche cosa: hai bisogno di sicurezza; 71,71,133,Smorfia napoletana - La vera cabala del lotto
Imparare,a scrivere: ti è difficile dover fare una comunicazione 61,61,133,Smorfia napoletana - La vera cabala del lotto
Imparare,a leggere: vorresti comprendere meglio una situazione confusa; 12,12,133,Smorfia napoletana - La vera cabala del lotto
Imparare,a nuotare: temi di essere lasciato in disparte; 40,40,133,Smorfia napoletana - La vera cabala del lotto
Impermeabile,acquistarlo: sei previdente; 52,52,133,Smorfia napoletana - La vera cabala del lotto
Impiccare,qualcuno: ti vendicherai; 17,17,133,Smorfia napoletana - La vera cabala del lotto
Impiccare,impiccarsi gravi problemi interiori; 28,28,133,Smorfia napoletana - La vera cabala del lotto
Impiccare,essere impiccato: qualcosa di s'piacevole ti spingerà ad agire positivamente; 70,70,133,Smorfia napoletana - La vera cabala del lotto
Imposte,pagarle: risolverai piccole incomprensioni; 67,67,133,Smorfia napoletana - La vera cabala del lotto
Imposte,tasse: problemi economici; 80,80,133,Smorfia napoletana - La vera cabala del lotto
Imposte,della finestra: rappresentano il modo con cui comunichi; 12,12,133,Smorfia napoletana - La vera cabala del lotto
Imposte,"aprirle: farai nuove conoscenze, allaccerai delle nuove amicizie; 1",1,133,Smorfia napoletana - La vera cabala del lotto
Imposte,chiuderle: vuoi isolarti; 41,41,133,Smorfia napoletana - La vera cabala del lotto
Imposte,bloccarle: avrai un lungo periodo di solitudine; 3,3,133,Smorfia napoletana - La vera cabala del lotto
Impotente,per una donna: poco potere decisionale; 71,71,133,Smorfia napoletana - La vera cabala del lotto
Impotente,"per un uomo: in famiglia non riconosceranno la tua autorità, 71",71,133,Smorfia napoletana - La vera cabala del lotto
Incamminarsi,verso casa: tranquillità; 41,41,134,Smorfia napoletana - La vera cabala del lotto
Incamminarsi,con amici: verrai aiutato; 12,12,134,Smorfia napoletana - La vera cabala del lotto
Incamminarsi,da solo: ti senti autosufficiente 37,37,134,Smorfia napoletana - La vera cabala del lotto
Incamminarsi,verso una meta: la tua costanza ti aiuterà a superare le difficoltà; 10,10,134,Smorfia napoletana - La vera cabala del lotto
Incendio,"hai molti nemici, un'esistenza intensa, ricca di colpi di scena; 76",76,134,Smorfia napoletana - La vera cabala del lotto
Incendio,"in carriera da letto: crisi coniugale, 61",61,134,Smorfia napoletana - La vera cabala del lotto
Incendio,in casa: problemi familiari: 83,83,134,Smorfia napoletana - La vera cabala del lotto
Incendio,sotto il tetto: malattia mentale; 85,85,134,Smorfia napoletana - La vera cabala del lotto
Incendio,di alberi: perderai le tue amicizie; 88,88,134,Smorfia napoletana - La vera cabala del lotto
Incenso,"gioia, soddisfazioni; 61",61,134,Smorfia napoletana - La vera cabala del lotto
Incesto,seri problemi affettivi; 57,57,134,Smorfia napoletana - La vera cabala del lotto
Incesto,con il padre: gelosia tra donne; 70,70,134,Smorfia napoletana - La vera cabala del lotto
Incesto,con la madre: non hai ancora reciso il cordone ombelicale; 62,62,134,Smorfia napoletana - La vera cabala del lotto
Incesto,"con fratelli e sorelle: ti senti messo in disparte, vorresti contare di più; 32",32,134,Smorfia napoletana - La vera cabala del lotto
Inchinarsi,al superiore: sei troppo ossequioso; 32,32,134,Smorfia napoletana - La vera cabala del lotto
Inchinarsi,"al partner: nel rapporto di coppia sei passivo, 35",35,134,Smorfia napoletana - La vera cabala del lotto
Inchinarsi,al padre: sei sottomesso all'autorità paterna; 70,70,134,Smorfia napoletana - La vera cabala del lotto
Inchinarsi,alla madre: hai ancora bisogno di lei; 65,65,134,Smorfia napoletana - La vera cabala del lotto
Inchiostro,situazione ingarbugliata; 87,87,134,Smorfia napoletana - La vera cabala del lotto
Inchiostro,nero: un ordine preciso; 3,3,135,Smorfia napoletana - La vera cabala del lotto
Inchiostro,rosso: vivi una grande passione; 8,8,135,Smorfia napoletana - La vera cabala del lotto
Inchiostro,blu: romanticismo; 35,35,135,Smorfia napoletana - La vera cabala del lotto
Inchiostro,berlo: vuoi evitare uno scandalo; 36,36,135,Smorfia napoletana - La vera cabala del lotto
Incidente,mortale: hai avuto una grande delusione; 3,3,135,Smorfia napoletana - La vera cabala del lotto
Incontrare,un amico: hai qualcosa da riferire ad un amico; 46,46,135,Smorfia napoletana - La vera cabala del lotto
Incontrare,un nemico: sei tormentato dalla paura; 69,69,135,Smorfia napoletana - La vera cabala del lotto
Incontrare,una persona morta da tempo: probabilmente ti senti in colpa nei suoi confronti; 90,90,135,Smorfia napoletana - La vera cabala del lotto
Incubo,"conflitti interiori, disperazione; 32",32,135,Smorfia napoletana - La vera cabala del lotto
Indirizzo,scriverlo: perdita di sicurezza; 76,76,135,Smorfia napoletana - La vera cabala del lotto
Indirizzo,dimenticarlo: non li senti legato alla tua famiglia; 62,62,135,Smorfia napoletana - La vera cabala del lotto
Indirizzo,"leggere il proprio: buone notizie, novità; 22",22,135,Smorfia napoletana - La vera cabala del lotto
Indirizzo,cercarlo: non riesci a dimenticare qualcuno; 64,64,135,Smorfia napoletana - La vera cabala del lotto
Infangare,se stessi: ti rovinerai con le tue mani; 22,22,136,Smorfia napoletana - La vera cabala del lotto
Infangare,"essere infangati: parleranno, male di te e questo ti nuocerà; 26",26,136,Smorfia napoletana - La vera cabala del lotto
Infanzia,felice: hai nostalgia dei passato; 63,63,136,Smorfia napoletana - La vera cabala del lotto
Infedele,incoerenza; 25,25,136,Smorfia napoletana - La vera cabala del lotto
Infedele,esserlo: insoddisfazione; 28,28,136,Smorfia napoletana - La vera cabala del lotto
Infedele,infedeltà del partner: ti preoccupi inutilmente; 64,64,136,Smorfia napoletana - La vera cabala del lotto
Inferno,litigi; 3,3,136,Smorfia napoletana - La vera cabala del lotto
Inferno,esserci: li sei lasciato influenzare da avvenimenti poco lieti; 62,62,136,Smorfia napoletana - La vera cabala del lotto
Inferno,uscirne hai superato delle difficoltà e ti attende un periodo sereno; 35,35,136,Smorfia napoletana - La vera cabala del lotto
Infilare,un anello: legame sentimentale; 66,66,136,Smorfia napoletana - La vera cabala del lotto
Infilare,perle: lacrime; 65,65,136,Smorfia napoletana - La vera cabala del lotto
Influenza,averla: probabilmente ti ammalerai; 55,55,136,Smorfia napoletana - La vera cabala del lotto
Influenza,guarire: momenti positivi; 21,21,136,Smorfia napoletana - La vera cabala del lotto
Inghiottire,lacrime: brutti momenti; 23,23,136,Smorfia napoletana - La vera cabala del lotto
Inghiottire,una pastiglia: la tua salute ti preoccupa; 78,78,137,Smorfia napoletana - La vera cabala del lotto
Ingiustizia,compierla: vuoi vendicarti; 85,85,137,Smorfia napoletana - La vera cabala del lotto
Ingiustizia,subirla: non riconosci l'autorità; 55,55,137,Smorfia napoletana - La vera cabala del lotto
Ingrassare,mancanza d'affetto; 49,49,137,Smorfia napoletana - La vera cabala del lotto
Ingredienti,per una pietanza: fai progetti per il tuo avvenire; 44,44,137,Smorfia napoletana - La vera cabala del lotto
Ingredienti,sbagliarli: sei stato avventato; 19,19,137,Smorfia napoletana - La vera cabala del lotto
Ingresso,aperto: la situazione ti è favorevole; 65,65,137,Smorfia napoletana - La vera cabala del lotto
Ingresso,chiuso: periodo negativo; 8,8,137,Smorfia napoletana - La vera cabala del lotto
Ingresso,stretto: incontrerai molte difficoltà ma puoi ancora riuscire; 3,3,137,Smorfia napoletana - La vera cabala del lotto
Ingresso,vietato: ti senti escluso; 2,2,137,Smorfia napoletana - La vera cabala del lotto
Ingresso,varcarlo: il successo è assicurato; 64,64,137,Smorfia napoletana - La vera cabala del lotto
Innamorarsi,"desideri avere una storia d'amore, 65",65,137,Smorfia napoletana - La vera cabala del lotto
Innamorarsi,di uno sconosciuto: vuoi delle novità; 23,23,137,Smorfia napoletana - La vera cabala del lotto
Innamorarsi,di una cosa: impulsività: 5,5,137,Smorfia napoletana - La vera cabala del lotto
Innamorarsi,di un vecchio amico: bisogno di sicurezza; 42,42,137,Smorfia napoletana - La vera cabala del lotto
Insalata,vederla: ottima salute; 18,18,138,Smorfia napoletana - La vera cabala del lotto
Insalata,coltivarla: i tuoi profitti saranno scarsi; 51,51,138,Smorfia napoletana - La vera cabala del lotto
Insalata,mangiarla: malattia; 6,6,138,Smorfia napoletana - La vera cabala del lotto
Insalata,pulirla: sei molto sospettoso; 39,39,138,Smorfia napoletana - La vera cabala del lotto
Insanguinarsi,brutto presagio; 89,89,138,Smorfia napoletana - La vera cabala del lotto
Insanguinarsi,le mani: forse hai commesso un'azione poco pulita: 81,81,138,Smorfia napoletana - La vera cabala del lotto
Insanguinarsi,il viso: subirai dei gravi incidenti; 54,54,138,Smorfia napoletana - La vera cabala del lotto
Insanguinarsi,gli abiti: verrai coinvolto in una brutta situazione; 46,46,138,Smorfia napoletana - La vera cabala del lotto
Insaponare,se stessi: vuoi cacciare via i rimorsi; 41,41,138,Smorfia napoletana - La vera cabala del lotto
Insaponare,altri: ti illudi di poter ingannare qualcuno: 53,53,138,Smorfia napoletana - La vera cabala del lotto
Insaponare,abiti: fai di tutto per migliorare 84,84,138,Smorfia napoletana - La vera cabala del lotto
Insaponare,essere insaponati: ti fai condizionare dagli altri; 48,48,138,Smorfia napoletana - La vera cabala del lotto
Inseguire,necessiti di una confermo 59,59,138,Smorfia napoletana - La vera cabala del lotto
Inseguire,qualcuno: vuoi comprensione; 59,59,138,Smorfia napoletana - La vera cabala del lotto
Inseguire,un animale: sei istintivo; 44,44,138,Smorfia napoletana - La vera cabala del lotto
Inseguire,un uccello: desideri la libertà; 72,72,138,Smorfia napoletana - La vera cabala del lotto
Insetti,rappresentano te insidie della vita; 17,17,138,Smorfia napoletana - La vera cabala del lotto
Insetti,ucciderli: ricchezza; 42,42,138,Smorfia napoletana - La vera cabala del lotto
Insetti,vederseli addosso: avrai delle noie; 58,58,138,Smorfia napoletana - La vera cabala del lotto
Insetti,che pungono: persone indisponenti; 90,90,139,Smorfia napoletana - La vera cabala del lotto
Insulto,una persona si allontanerà da te per causa tua; 21,21,139,Smorfia napoletana - La vera cabala del lotto
Insulto,riceverlo: sei stato profondamente offeso da qualcosa; 30,30,139,Smorfia napoletana - La vera cabala del lotto
Intestino,vederlo sano: ottima salute; 68,68,139,Smorfia napoletana - La vera cabala del lotto
Intestino,vederlo malato: debolezza; 54,54,139,Smorfia napoletana - La vera cabala del lotto
Intestino,mangiarlo: istintività; 18,18,139,Smorfia napoletana - La vera cabala del lotto
Intrecciare,desideri dei contatti; 36,36,139,Smorfia napoletana - La vera cabala del lotto
Intrecciare,i capelli: momenti di serenità; 43,43,139,Smorfia napoletana - La vera cabala del lotto
Intrecciare,le dita: un patto tra amici; 65,65,139,Smorfia napoletana - La vera cabala del lotto
Intrecciare,corde: forti legami; 22,22,139,Smorfia napoletana - La vera cabala del lotto
Invalido,vederlo: sei preoccupato per la tua salute; 5,5,139,Smorfia napoletana - La vera cabala del lotto
Invalido,diventarlo: dovrai lasciare il lavoro; 71,71,139,Smorfia napoletana - La vera cabala del lotto
Invalido,esserlo: h senti completamente inutile: 41,41,139,Smorfia napoletana - La vera cabala del lotto
Invecchiare,rapidamente: hai avuto delle brutte esperienze; 28,28,139,Smorfia napoletana - La vera cabala del lotto
Inventare,hai capacità creative; 45,45,139,Smorfia napoletana - La vera cabala del lotto
Inventare,una storia: hai molta fantasia; 3,3,139,Smorfia napoletana - La vera cabala del lotto
Inventare,una soluzione: attraversi un momento difficile; 7,7,139,Smorfia napoletana - La vera cabala del lotto
Inventare,una bugia: vuoi difenderti; 31,31,139,Smorfia napoletana - La vera cabala del lotto
Inventare,una scusa: la tua personalità è ambigua; 35,35,140,Smorfia napoletana - La vera cabala del lotto
Inverno,momenti difficili; 83,83,140,Smorfia napoletana - La vera cabala del lotto
Inverno,fuori stagione: soffri di solitudine; 49,49,140,Smorfia napoletana - La vera cabala del lotto
Invito,riceverlo: è quello che vorresti; 35,35,140,Smorfia napoletana - La vera cabala del lotto
Invito,farlo: sei disponibile verso gli altri; 77,77,140,Smorfia napoletana - La vera cabala del lotto
Invito,rifiutarlo: ti senti superiore; 31,31,140,Smorfia napoletana - La vera cabala del lotto
Invito,a cena: rapporti formali; 29,29,140,Smorfia napoletana - La vera cabala del lotto
Invito,a pranzo: amicizia; 16,16,140,Smorfia napoletana - La vera cabala del lotto
Ipotecare,la propria casa: problemi in famiglia; 17,17,140,Smorfia napoletana - La vera cabala del lotto
Ipotecare,beni: stipulerai dei contratti svantaggiosi; 17,17,140,Smorfia napoletana - La vera cabala del lotto
Isola,trovarsi: vuoi stare da solo; 31,31,140,Smorfia napoletana - La vera cabala del lotto
Isola,"deserta: angoscia, disperazione; 57",57,140,Smorfia napoletana - La vera cabala del lotto
Isola,scoprirne una: conquisterai nuovi spazi; 11,11,140,Smorfia napoletana - La vera cabala del lotto
Isola,essere abbandonati: soffri di solitudine; 12,12,140,Smorfia napoletana - La vera cabala del lotto
Istituto,hai bisogno di sicurezza: 6,6,140,Smorfia napoletana - La vera cabala del lotto
Istituto,costruirlo: rassicurazioni; 32,32,141,Smorfia napoletana - La vera cabala del lotto
Istituto,vederlo crollare: le tue certezze sono crollate; 58,58,141,Smorfia napoletana - La vera cabala del lotto
Istruzione,averla: ti senti superiore; 47,47,141,Smorfia napoletana - La vera cabala del lotto
Istruzione,non averla: soffri di complessi di inferiorità; 90,90,141,Smorfia napoletana - La vera cabala del lotto
Italia,sei tradizionalista; 30,30,141,Smorfia napoletana - La vera cabala del lotto
Italiano,lingua: sei a tuo agio; 59,59,141,Smorfia napoletana - La vera cabala del lotto
Italiano,persona: situazione di parità; 3,3,141,Smorfia napoletana - La vera cabala del lotto
Itterizia,ci sono dei problemi che devono essere risolti; 59,59,141,Smorfia napoletana - La vera cabala del lotto
Itterizia,averla: trovi difficoltà a farti capire; 46,46,141,Smorfia napoletana - La vera cabala del lotto
Itterizia,pallide: debolezza; 76,76,143,Smorfia napoletana - La vera cabala del lotto
Itterizia,ferite: malattia o anche tradimenti; 54,54,143,Smorfia napoletana - La vera cabala del lotto
Itterizia,morderle: pentimento; 87,87,143,Smorfia napoletana - La vera cabala del lotto
Itterizia,secche: periodo difficile; 31,31,143,Smorfia napoletana - La vera cabala del lotto
Itterizia,baciarle (di donna): allegria; 74,74,143,Smorfia napoletana - La vera cabala del lotto
Itterizia,baciarle (di uomo): astuzia; 61,61,143,Smorfia napoletana - La vera cabala del lotto
Labirinto,trovarsi in un: grande confusione mentale; 34,34,143,Smorfia napoletana - La vera cabala del lotto
Labirinto,non riuscire a uscirne: non riesci a mettere in ordine te stesso; 13,13,143,Smorfia napoletana - La vera cabala del lotto
Labirinto,trovare l'uscita: hai superato le difficoltà: 17,17,143,Smorfia napoletana - La vera cabala del lotto
Laccio,simboleggia un legarne molto importante; 24,24,143,Smorfia napoletana - La vera cabala del lotto
Laccio,essere legato: non puoi agire; 19,19,143,Smorfia napoletana - La vera cabala del lotto
Laccio,emostatico: è una questione vitale; 46,46,143,Smorfia napoletana - La vera cabala del lotto
Laccio,sul viso di un altro: hai procurato un dispiacere a qualcuno; 71,71,144,Smorfia napoletana - La vera cabala del lotto
Laccio,vederle cadere: aspettati momenti di gioia; 65,65,144,Smorfia napoletana - La vera cabala del lotto
Ladro,amicizie insincere; 79,79,144,Smorfia napoletana - La vera cabala del lotto
Ladro,"esserlo: brutto presagio, sventura; 90",90,144,Smorfia napoletana - La vera cabala del lotto
Ladro,essere derubato: sarai abbandonato da un amico; 45,45,144,Smorfia napoletana - La vera cabala del lotto
Ladro,averlo in casa: non hai fiducia nei tuoi familiari; 44,44,144,Smorfia napoletana - La vera cabala del lotto
Lago,simbolo positivo; 13,13,144,Smorfia napoletana - La vera cabala del lotto
Lago,essere sulla riva: periodo felice; 4,4,144,Smorfia napoletana - La vera cabala del lotto
Lago,fare il bagno: possibile rovescio di fortuna; 71,71,144,Smorfia napoletana - La vera cabala del lotto
Lago,"vivere ai lago: tranquillità, mancanza di stimoli; 82",82,144,Smorfia napoletana - La vera cabala del lotto
Lama,dì un coltello: aggressività; 56,56,144,Smorfia napoletana - La vera cabala del lotto
Lama,affilarla: vuoi ferire qualcuno con le tue parole; 70,70,144,Smorfia napoletana - La vera cabala del lotto
Lama,spuntarla: hai agita male e non hai ottenuto niente; 37,37,144,Smorfia napoletana - La vera cabala del lotto
Lama,tenere un coltello per la lama: la tua posizione è sbagliata; 13,13,144,Smorfia napoletana - La vera cabala del lotto
Lama,animale: la tua pazienza ti nuocerà; 35,35,144,Smorfia napoletana - La vera cabala del lotto
Lama,accenderla: cerchi affetto; 40,40,144,Smorfia napoletana - La vera cabala del lotto
Lama,spegnerla: rinunci ad una amicizia; 29,29,145,Smorfia napoletana - La vera cabala del lotto
Lama,portarla: vuoi vedere chiaramente una situazione; 50,50,145,Smorfia napoletana - La vera cabala del lotto
Lampo,vederla: lentezza sul lavoro; 58,58,145,Smorfia napoletana - La vera cabala del lotto
Lampo,comperarla: godi di buoni appoggi; 74,74,145,Smorfia napoletana - La vera cabala del lotto
Lampo,tosarla: stai rischiando inutilmente; 35,35,145,Smorfia napoletana - La vera cabala del lotto
Lampo,vestiti di: la tua vita è comoda e sicura; 13/85,13 85,145,Smorfia napoletana - La vera cabala del lotto
Lancette,dell'orologio: grande inquietudine; 7/12,7 12,145,Smorfia napoletana - La vera cabala del lotto
Lancette,ferme: stai aspettando qualcuno; 48,48,145,Smorfia napoletana - La vera cabala del lotto
Lancette,magica: avrai una delusione; 39,39,145,Smorfia napoletana - La vera cabala del lotto
Lancette,"spenta: tristezza, povertà, 16",16,145,Smorfia napoletana - La vera cabala del lotto
Lancette,cercare qualcosa: tentativi inutili; 29,29,145,Smorfia napoletana - La vera cabala del lotto
Lancette,"accesa: gioia, felicità; 3/38",3 38,145,Smorfia napoletana - La vera cabala del lotto
Lapide,leggere la propria: temi di essere dimenticato; 41,41,145,Smorfia napoletana - La vera cabala del lotto
Lardo,vederlo: buoni affari; 32,32,145,Smorfia napoletana - La vera cabala del lotto
Lardo,"salato: sai gestire i tuoi beni, 64",64,145,Smorfia napoletana - La vera cabala del lotto
Lardo,fresco: momento fortunato; 52,52,146,Smorfia napoletana - La vera cabala del lotto
Lardo,"mangiarlo: avrai delle soddisfazioni economiche, 12",12,146,Smorfia napoletana - La vera cabala del lotto
Lardo,scioglierlo: spirito d'iniziativa; 36,36,146,Smorfia napoletana - La vera cabala del lotto
Latte,ricchezza; salute; 37,37,146,Smorfia napoletana - La vera cabala del lotto
Latte,berlo: ti attende una meravigliosa storia d'amore; 18,18,146,Smorfia napoletana - La vera cabala del lotto
Latte,rovesciarlo: attraverserai un periodo difficile; 81,81,146,Smorfia napoletana - La vera cabala del lotto
Latte,comperarlo: vuoi diventare ricco; 13,13,146,Smorfia napoletana - La vera cabala del lotto
Latte,cagliato: ti conviene non agire; 18,18,146,Smorfia napoletana - La vera cabala del lotto
Lavare,soddisfazioni in famiglia; 66,66,146,Smorfia napoletana - La vera cabala del lotto
Lavare,i figli: il lavoro in casa è troppo pressante; 78,78,146,Smorfia napoletana - La vera cabala del lotto
Lavare,qualcuno: altruismo; 6,6,146,Smorfia napoletana - La vera cabala del lotto
Lavare,in acque sporche: delusioni; 46,46,146,Smorfia napoletana - La vera cabala del lotto
Lavare,in acque pulite: serenità; 38,38,146,Smorfia napoletana - La vera cabala del lotto
Lavare,i piatti: il lavoro ti procura poche soddisfazioni; 42,42,146,Smorfia napoletana - La vera cabala del lotto
Lavarsi,il viso: onestà; 78,78,146,Smorfia napoletana - La vera cabala del lotto
Lavarsi,"le mani: rinunce, 89",89,146,Smorfia napoletana - La vera cabala del lotto
Lavarsi,la testa: farai un incontro importante; 37,37,146,Smorfia napoletana - La vera cabala del lotto
Lavarsi,i piedi: spirito d'iniziativa. 14,14,146,Smorfia napoletana - La vera cabala del lotto
Lavarsi,la barba: tristezza; 2/37,2 37,146,Smorfia napoletana - La vera cabala del lotto
Lavarsi,"i capelli: inquietudini, 40",40,147,Smorfia napoletana - La vera cabala del lotto
Lavorare,felicità personale; 4,4,147,Smorfia napoletana - La vera cabala del lotto
Lavorare,da solo: sei egoista: 76,76,147,Smorfia napoletana - La vera cabala del lotto
Lavorare,in gruppo: ti piace il lavoro d'equipe; 15,15,147,Smorfia napoletana - La vera cabala del lotto
Lavorare,tranquillamente: equilibrio; 16,16,147,Smorfia napoletana - La vera cabala del lotto
Lavorare,velocemente: tensioni; 46,46,147,Smorfia napoletana - La vera cabala del lotto
Lavoro,manuale: senso pratico; 42,42,147,Smorfia napoletana - La vera cabala del lotto
Lavoro,intellettuale: progetti inutili 57/67,57 67,147,Smorfia napoletana - La vera cabala del lotto
Lavoro,noioso: prevedi un grande cambiamento; 51,51,147,Smorfia napoletana - La vera cabala del lotto
Lavoro,piacevole: maturità; ottimismo; 75,75,147,Smorfia napoletana - La vera cabala del lotto
Legame,romperlo: gravi cambiamenti nella tua vita; 20,20,147,Smorfia napoletana - La vera cabala del lotto
Legame,stringer1o: un affetto si trasformerà in amore: 29,1 29,147,Smorfia napoletana - La vera cabala del lotto
Leggere,libri: non ti senti preparato; 12,12,147,Smorfia napoletana - La vera cabala del lotto
Leggere,"lettere: riceverai buone notizie, 9",9,147,Smorfia napoletana - La vera cabala del lotto
Leggere,male: insicurezza; 18,18,147,Smorfia napoletana - La vera cabala del lotto
Leggere,ad alta voce: vuoi interessare gli altri ai tuoi problemi personali; 81,81,147,Smorfia napoletana - La vera cabala del lotto
Legna,cataste di: buone opportunità; 25,25,147,Smorfia napoletana - La vera cabala del lotto
Legna,raccoglierla: buone amicizie; 8/69,8 69,147,Smorfia napoletana - La vera cabala del lotto
Legna,spaccarla: avrai ragione in una discussione; 47,47,148,Smorfia napoletana - La vera cabala del lotto
Legna,bruciarla: fortuna passeggera; 25,25,148,Smorfia napoletana - La vera cabala del lotto
Legna,spenta nel camino: brutto presagio: 66,66,148,Smorfia napoletana - La vera cabala del lotto
Lenticchie,"denaro, fortuna; 9",9,148,Smorfia napoletana - La vera cabala del lotto
Lenticchie,mangiarle: riceverai dei denaro inaspettato; 22,22,148,Smorfia napoletana - La vera cabala del lotto
Lenticchie,cuocerle: devi aspettare l'evolversi della situazione; 16,16,148,Smorfia napoletana - La vera cabala del lotto
Leone,vincerlo: vincerai una dura battaglia; 60,60,148,Smorfia napoletana - La vera cabala del lotto
Leone,in gabbia: ti comporterai male verso un amico o un parente; 36,36,148,Smorfia napoletana - La vera cabala del lotto
Leone,essere assalito: litigherai con qualcuno molto orgoglioso; 15,15,148,Smorfia napoletana - La vera cabala del lotto
Leone,che avanza: temi la tua istintività; 17,17,148,Smorfia napoletana - La vera cabala del lotto
Leone,ruggente: pericolo; 16,16,148,Smorfia napoletana - La vera cabala del lotto
Leone,vederlo: orgoglio di una maturazione; 23,23,148,Smorfia napoletana - La vera cabala del lotto
Leone,"che muore: disgrazia, 6",6,148,Smorfia napoletana - La vera cabala del lotto
Leone,cavalcarne uno: una persona potente ti aiuterà; 12/36,12 36,148,Smorfia napoletana - La vera cabala del lotto
Leopardo,aggressività; 37,37,148,Smorfia napoletana - La vera cabala del lotto
Leopardo,ucciderlo: ballerai una persona infida; 60,60,148,Smorfia napoletana - La vera cabala del lotto
Lepre,amicizia; 30/40,30 40,148,Smorfia napoletana - La vera cabala del lotto
Lepre,vederla: occasioni sfuggevoli; 10,10,148,Smorfia napoletana - La vera cabala del lotto
Lepre,"inseguirla: i tuoi sforzi saranno inutili, 18",18,148,Smorfia napoletana - La vera cabala del lotto
Lepre,mangiarla: ti vendicherai duramente; 29,29,148,Smorfia napoletana - La vera cabala del lotto
Lepre,spararle: è inutile cercare di conquistare qualcuno usando la forza; 52,52,149,Smorfia napoletana - La vera cabala del lotto
Lettera,riceverla: buone notizie; 2,2,149,Smorfia napoletana - La vera cabala del lotto
Lettera,scriverla: furti; 89,89,149,Smorfia napoletana - La vera cabala del lotto
Lettera,illeggibile: situazione complessa; 86,86,149,Smorfia napoletana - La vera cabala del lotto
Lettera,personale: riceverai notizie dalla persona amata; 56,56,149,Smorfia napoletana - La vera cabala del lotto
Lettera,"anonima: non avere paura da chi finge di minacciarti, 23",23,149,Smorfia napoletana - La vera cabala del lotto
Lettera,stracciarla: dispiacere; 22/49,22 49,149,Smorfia napoletana - La vera cabala del lotto
Letto,"vita di coppia, 4",4,149,Smorfia napoletana - La vera cabala del lotto
Letto,disfarlo: incomprensione coi partner; 4,4,149,Smorfia napoletana - La vera cabala del lotto
Letto,farlo: la tua vita sentimentale è equilibrata; 57,57,149,Smorfia napoletana - La vera cabala del lotto
Letto,molto grande: solitudine; 84,84,149,Smorfia napoletana - La vera cabala del lotto
Letto,piccolo: soffocamento; 54,54,149,Smorfia napoletana - La vera cabala del lotto
Letto,romperlo: forte discussione coi partner; 62,62,149,Smorfia napoletana - La vera cabala del lotto
Letto,pieghevole: instabilità nel rapporto. 75,75,149,Smorfia napoletana - La vera cabala del lotto
Letto,in disordine: i tuoi segreti verranno scoperti; 86,86,149,Smorfia napoletana - La vera cabala del lotto
Letto,vedere un estraneo nel proprio: infedeltà dei partner 9/82,9 82,149,Smorfia napoletana - La vera cabala del lotto
Letto,essere sdraiati: malattia; 62,62,149,Smorfia napoletana - La vera cabala del lotto
Letto,vederlo vuoto: il legame sentimentale si spezzerà; 48,48,149,Smorfia napoletana - La vera cabala del lotto
Letto,essere a letto di giorno: lavoro incerto; 90,90,149,Smorfia napoletana - La vera cabala del lotto
Libro,aperto: accetta i consigli che ti vengono dati; 24,24,149,Smorfia napoletana - La vera cabala del lotto
Libro,chiuso: limitazione mentale; 16,16,150,Smorfia napoletana - La vera cabala del lotto
Libro,pubblicarne uno: fastidi; 34,34,150,Smorfia napoletana - La vera cabala del lotto
Libro,comperarlo: nuove conoscenze; 62,62,150,Smorfia napoletana - La vera cabala del lotto
Libro,piacevole: consolazione e pace; 32,32,150,Smorfia napoletana - La vera cabala del lotto
Libro,religioso: prosperità; 15/90,15 90,150,Smorfia napoletana - La vera cabala del lotto
Libro,di cucina: inviti importanti; 90,90,150,Smorfia napoletana - La vera cabala del lotto
Libro,bruciarlo: rifiuti i consigli; 24,24,150,Smorfia napoletana - La vera cabala del lotto
Libro,perderlo: gravi dimenticanze; 32,32,150,Smorfia napoletana - La vera cabala del lotto
Lilla,fiore: gioia: 77,77,150,Smorfia napoletana - La vera cabala del lotto
Lilla,profumo: ricordo di un amore lontano; 61,61,150,Smorfia napoletana - La vera cabala del lotto
Lilla,colore: romanticismo; 87,87,150,Smorfia napoletana - La vera cabala del lotto
Limone,mangiarlo: avrai dei piccoli dispiaceri nel tuo rapporto sentimentale; 60,60,150,Smorfia napoletana - La vera cabala del lotto
Limone,spremerlo: sai affrontare con coraggio le avversità; 50,50,150,Smorfia napoletana - La vera cabala del lotto
Limone,"veder fiorire le piante di: li trasferirai all'estero, 13",13,150,Smorfia napoletana - La vera cabala del lotto
Linea,spezzata: instabilità d'umore; 78,78,150,Smorfia napoletana - La vera cabala del lotto
Linea,retta: rigidità; 37,37,150,Smorfia napoletana - La vera cabala del lotto
Linea,seguirla: coerenza; 63,63,150,Smorfia napoletana - La vera cabala del lotto
Linea,curva: dolcezza di carattere; 42,42,150,Smorfia napoletana - La vera cabala del lotto
Linea,di partenza: li attende una prova difficile; 26,26,150,Smorfia napoletana - La vera cabala del lotto
Lingua,comunicazione; 36,36,151,Smorfia napoletana - La vera cabala del lotto
Lingua,lunga: non riesci a mantenere ì segreti; 42,42,151,Smorfia napoletana - La vera cabala del lotto
Lingua,legata: non puoi parlare liberamente; 78,78,151,Smorfia napoletana - La vera cabala del lotto
Lingua,vederla: maldicenze; 4,4,151,Smorfia napoletana - La vera cabala del lotto
Lingua,gonfia: ti ammalerai; 51,51,151,Smorfia napoletana - La vera cabala del lotto
Lingua,sana: fortuna negli affari; 26,26,151,Smorfia napoletana - La vera cabala del lotto
Lingua,con peli: discrezione; 36,36,151,Smorfia napoletana - La vera cabala del lotto
Lingua,mordersi la: sei pentito 70,70,151,Smorfia napoletana - La vera cabala del lotto
Lingua,mostrarla a qualcuno: offese di poco conto; 79,79,151,Smorfia napoletana - La vera cabala del lotto
Lingua,"straniera, parlarla: prontezza; 69",69,151,Smorfia napoletana - La vera cabala del lotto
Lingua,"straniera, sentirla: sei disorientato; 56",56,151,Smorfia napoletana - La vera cabala del lotto
Liquore,"molto forte: la tua energia finirà molto presto, 62",62,151,Smorfia napoletana - La vera cabala del lotto
Liquore,berlo: brevi momenti di gioia; 8,8,151,Smorfia napoletana - La vera cabala del lotto
Liquore,"rovesciarlo: vuoi mantenerti lucido, 43",43,151,Smorfia napoletana - La vera cabala del lotto
Lista,"della spesa: se devi fare degli acquisti, falli ora, 50",50,151,Smorfia napoletana - La vera cabala del lotto
Lista,elettorale: scrupolo; 62,62,151,Smorfia napoletana - La vera cabala del lotto
Lista,nera: ti sei liberato di falsi amici; 79,79,151,Smorfia napoletana - La vera cabala del lotto
Lista,di invitati: rivedi tutte le tue amicizie; 17,17,151,Smorfia napoletana - La vera cabala del lotto
Lite,coi partner: l'amore che vi lega è molto forte; 36,36,151,Smorfia napoletana - La vera cabala del lotto
Lite,"con uno sconosciuto: sei sotto stress, devi riposarti; 50",50,151,Smorfia napoletana - La vera cabala del lotto
Lite,con amici: piccoli screzi che non intaccheranno una lunga amicizia; 52,52,152,Smorfia napoletana - La vera cabala del lotto
Lite,in famiglia: tensioni che presto verranno a galla; 87,87,152,Smorfia napoletana - La vera cabala del lotto
Lombrico,evita dei tranelli 67,67,152,Smorfia napoletana - La vera cabala del lotto
Lombrico,allevarli: vorresti arricchire senza fatica; 19,19,152,Smorfia napoletana - La vera cabala del lotto
Loto,vedere la pianta: hai qualcosa da dimenticare; 41,41,152,Smorfia napoletana - La vera cabala del lotto
Loto,mangiarne: scorderai le preoccupazioni; 37,37,152,Smorfia napoletana - La vera cabala del lotto
Lotta,vincerla: supererai gli ostacoli; 58,58,152,Smorfia napoletana - La vera cabala del lotto
Lotta,perderla: sarai tormentato dai rancori; 19,19,152,Smorfia napoletana - La vera cabala del lotto
Lotta,con un amico: divergenza di carattere: 44,44,152,Smorfia napoletana - La vera cabala del lotto
Lotta,con un bambino: presagio di sfortuna; 26,26,152,Smorfia napoletana - La vera cabala del lotto
Lotta,con un parente: litigi; 71,71,152,Smorfia napoletana - La vera cabala del lotto
Lotta,con uno sconosciuto: hai bisogno ci sfogare la rabbia repressa; 77,77,152,Smorfia napoletana - La vera cabala del lotto
Lotta,"con animali: sei ad un bivio e devi fare la tua scelta, 36",36,152,Smorfia napoletana - La vera cabala del lotto
Lotta,con una persona defunta da tempo: devi vincere a tutti i costi; 32,32,152,Smorfia napoletana - La vera cabala del lotto
Lotto,vedere l'estrazione: buon auspicio; 79,79,152,Smorfia napoletana - La vera cabala del lotto
Lotto,giocare: perderai sicuramente; 45,45,152,Smorfia napoletana - La vera cabala del lotto
Lotto,"numeri detti da un defunto: momento fortunato, approfittane; 43",43,152,Smorfia napoletana - La vera cabala del lotto
Lucchetto,chiuso: il passato non ti tormenta più; 77,77,152,Smorfia napoletana - La vera cabala del lotto
Lucchetto,aperto: ti offri ancora una possibilità; 71,71,152,Smorfia napoletana - La vera cabala del lotto
Lucchetto,romperlo: cerchi di capirti; 32,32,153,Smorfia napoletana - La vera cabala del lotto
Luccio,pescarlo: un affare si concluderà nel migliore dei modi; 26,26,153,Smorfia napoletana - La vera cabala del lotto
Luccio,mangiarlo: devi imparare ad amministrare i tuoi beni; 26,26,153,Smorfia napoletana - La vera cabala del lotto
Luce,improvvisa: illusioni; 37,37,153,Smorfia napoletana - La vera cabala del lotto
Luce,spegnerla: vuoi mantenere un segreto; 18,18,153,Smorfia napoletana - La vera cabala del lotto
Luce,accenderla: hai delle buone idee; 66 vedi anche LAMPADA,66,153,Smorfia napoletana - La vera cabala del lotto
Lucertola,spensieratezza; 29,29,153,Smorfia napoletana - La vera cabala del lotto
Lucertola,che prende il sole: sarai tradito da qualcuno; 73,73,153,Smorfia napoletana - La vera cabala del lotto
Lucertola,che sembra innocente; 73,73,153,Smorfia napoletana - La vera cabala del lotto
Lucertola,senza coda: ti ferirai in modo grave; 32,32,153,Smorfia napoletana - La vera cabala del lotto
Lucertola,che attraversa la strada: tieni presente gli avvertimenti; 71,71,153,Smorfia napoletana - La vera cabala del lotto
Lumicino,non sei riuscito a dimenticare completamente una persona; 26,26,153,Smorfia napoletana - La vera cabala del lotto
Luna,simbolo femminile; 6,6,153,Smorfia napoletana - La vera cabala del lotto
Luna,"piena: felicità, ricchezza, soddisfazioni; 6",6,153,Smorfia napoletana - La vera cabala del lotto
Luna,crescente: buoni affari 35,35,153,Smorfia napoletana - La vera cabala del lotto
Luna,calante: avrai dei problemi; 26 .,26,154,Smorfia napoletana - La vera cabala del lotto
Luna,chiara: attraverserai qualche momento triste; 7,7,154,Smorfia napoletana - La vera cabala del lotto
Luna,con nubi: soffrirai per una forte passione; 5,5,154,Smorfia napoletana - La vera cabala del lotto
Luogo,può simboleggiare il tuo ambiente ideale; 18,18,154,Smorfia napoletana - La vera cabala del lotto
Luogo,buio: sei disorientato; 23,23,154,Smorfia napoletana - La vera cabala del lotto
Luogo,illuminato: sei pronto per decidere; 63,63,154,Smorfia napoletana - La vera cabala del lotto
Luogo,abitato: sei infastidito dai rapporti con persone estranee; 41,41,154,Smorfia napoletana - La vera cabala del lotto
Lupo,essere assaliti: delle persone malvagie ti faranno soffrire; 56,56,154,Smorfia napoletana - La vera cabala del lotto
Lupo,ucciderlo: ti sentirai più sicuro; 12,12,154,Smorfia napoletana - La vera cabala del lotto
Lupo,mannaro: liberati dai sensi di colpa; 45,45,154,Smorfia napoletana - La vera cabala del lotto
Lupo,allontanarlo: sei più forte dei tuoi nemici; 31,31,154,Smorfia napoletana - La vera cabala del lotto
Lupo,che corre: piccole rappresaglie; 13,13,154,Smorfia napoletana - La vera cabala del lotto
Lupo,lupacchiotto: attento ai giochi pericolosi; 5,5,154,Smorfia napoletana - La vera cabala del lotto
Lusso,- vivere nel lusso: sei poco pratico; 36,36,154,Smorfia napoletana - La vera cabala del lotto
Lutto,qualcosa dentro di noi si è spento; 6,6,154,Smorfia napoletana - La vera cabala del lotto
Lutto,nazionale: sfiducia nello stato; 49,49,154,Smorfia napoletana - La vera cabala del lotto
Lutto,vedovile: l'amore per il partner si è esaurito: 45,45,154,Smorfia napoletana - La vera cabala del lotto
Lutto,in famiglia: un membro della tua famiglia se ne andrà per sempre; 2,2,154,Smorfia napoletana - La vera cabala del lotto
Lutto,vestito: ti stai pentendo per qualcosa; 72,72,154,Smorfia napoletana - La vera cabala del lotto
Maccheroni,prepararli: anche le piccole cose per te sono importanti; 33,33,155,Smorfia napoletana - La vera cabala del lotto
Maccheroni,mangiarli: salute e felicità: 2,2,155,Smorfia napoletana - La vera cabala del lotto
Maccheroni,sui panni: malinconia; 19,19,155,Smorfia napoletana - La vera cabala del lotto
Maccheroni,sul petto: malattia; 18,18,155,Smorfia napoletana - La vera cabala del lotto
Maccheroni,di sangue: cattivo presagio; 50,50,155,Smorfia napoletana - La vera cabala del lotto
Maccheroni,di olio: una situazione pericolosa; 66,66,155,Smorfia napoletana - La vera cabala del lotto
Macchina,fotografica: non ti fidi della tua capacità; 76,76,155,Smorfia napoletana - La vera cabala del lotto
Macchina,da scrivere: terrai una corrispondenza con qualcuno che ti aiuterà; 45,45,155,Smorfia napoletana - La vera cabala del lotto
Macchina,da cucire: lavoro personale; 71,71,155,Smorfia napoletana - La vera cabala del lotto
Macigno,sollevarlo: vuoi dimostrare la tua forza con prove inutili; 42,42,155,Smorfia napoletana - La vera cabala del lotto
Macigno,essere schiacciati: sei minacciato e non riesci a controllare i tuo nemici; 72,72,155,Smorfia napoletana - La vera cabala del lotto
Macigno,farlo rotolare: usi le tue potenzialità in modo pericoloso; 38,38,155,Smorfia napoletana - La vera cabala del lotto
Macinare,grano: modera le spese; 76,76,156,Smorfia napoletana - La vera cabala del lotto
Macinare,pepe: occasioni poco gradevoli; 15,15,156,Smorfia napoletana - La vera cabala del lotto
Macinare,caffé: farai scelte improvvise; 71,71,156,Smorfia napoletana - La vera cabala del lotto
Madia,aperta: la tua famiglia è equilibrata; 46,46,156,Smorfia napoletana - La vera cabala del lotto
Madia,chiusa: piccoli litigi; 16,16,156,Smorfia napoletana - La vera cabala del lotto
Madre,simbolo di dipendenza; 52,52,156,Smorfia napoletana - La vera cabala del lotto
Madre,vederla: ti senti al sicuro solo tra le pareti di casa; 74,74,156,Smorfia napoletana - La vera cabala del lotto
Madre,lontana: temi di essere abbandonato dalla famiglia; 71,71,156,Smorfia napoletana - La vera cabala del lotto
Madre,che ti abbraccia: hai bisogno di essere incoraggiato; 21,21,156,Smorfia napoletana - La vera cabala del lotto
Madre,che allatta: ricchezza; 46,46,156,Smorfia napoletana - La vera cabala del lotto
Madre,che gioca: provi nostalgia per la tua infanzia; 61,61,156,Smorfia napoletana - La vera cabala del lotto
Madre,con bambini piccoli: non hai dimenticato la gelosia per i fratellini; 75,75,156,Smorfia napoletana - La vera cabala del lotto
Madre,morente: preannunci di disgrazie; 72,72,156,Smorfia napoletana - La vera cabala del lotto
Madre,che piange: attraverserai un periodo difficile; 15,15,156,Smorfia napoletana - La vera cabala del lotto
Madre,che sorride: sai di poter contare su chi li vuole bene; 51,51,156,Smorfia napoletana - La vera cabala del lotto
Madre,se la sogni spesso: non riesci a renderti indipendente; 76,76,156,Smorfia napoletana - La vera cabala del lotto
Madre,diventarlo: sfortuna; 7,7,156,Smorfia napoletana - La vera cabala del lotto
Madre,di musica: soddisfazioni artistiche; 8,8,156,Smorfia napoletana - La vera cabala del lotto
Madre,di ballo: qualcuno ti insegnerà ad essere diplomatico; 29,29,156,Smorfia napoletana - La vera cabala del lotto
Madre,di scherma: litigherai duramente con qualcuno; 6,6,156,Smorfia napoletana - La vera cabala del lotto
Madre,di matematica: devi essere più razionale; 24,24,157,Smorfia napoletana - La vera cabala del lotto
Madre,di lingua: non farti abbindolare dal primo venuto; 62/80,62 80,157,Smorfia napoletana - La vera cabala del lotto
Madre,esserlo: ti piacerebbe avere la bacchetta magica; 30,30,157,Smorfia napoletana - La vera cabala del lotto
Magazzino,pieno: le tue risorse sono infinite; 86,86,157,Smorfia napoletana - La vera cabala del lotto
Magazzino,vuoto: le energie li hanno abbandonato; 8,8,157,Smorfia napoletana - La vera cabala del lotto
Magazzino,di oggetti vecchi: hai bisogno di nuovi stimoli; 76,76,157,Smorfia napoletana - La vera cabala del lotto
Maggiolino,"che vola: persone leggere, senza personalità; 60",60,157,Smorfia napoletana - La vera cabala del lotto
Magia,farla: acquisterai un potere inaspettato; 4,4,157,Smorfia napoletana - La vera cabala del lotto
Magia,vederla: sei scettico sulle capacità di una persona; 31,31,157,Smorfia napoletana - La vera cabala del lotto
Mago,vederlo: vorresti essere tu stesso un mago; 36,36,157,Smorfia napoletana - La vera cabala del lotto
Mago,esserlo: ti illudi di avere molto potere; 73,73,157,Smorfia napoletana - La vera cabala del lotto
Magro,povertà; 16,16,157,Smorfia napoletana - La vera cabala del lotto
Magro,vedere gli amici magri: soffrirai insieme a loro per un periodo di miseria; 59,59,157,Smorfia napoletana - La vera cabala del lotto
Magro,se si è grassi: il nostro desiderio è dimagrire; 28,28,157,Smorfia napoletana - La vera cabala del lotto
Magro,"vederne molti nel porcile: ti piace ammirare la tua ricchezza, 28",28,157,Smorfia napoletana - La vera cabala del lotto
Magro,mangiarne: prosperità; 50,50,158,Smorfia napoletana - La vera cabala del lotto
Magro,"ucciderlo: momento molto favorevole, soddisfazioni, 6",6,158,Smorfia napoletana - La vera cabala del lotto
Magro,nutrirlo: sai fare bene i tuoi affari; 15,15,158,Smorfia napoletana - La vera cabala del lotto
Magro,selvatico: farai fatica a raggiungere la ricchezza; 67,67,158,Smorfia napoletana - La vera cabala del lotto
Magro,"guardiano di maiali: umiliazioni, 57",57,158,Smorfia napoletana - La vera cabala del lotto
Malattia,insicurezza; 49,49,158,Smorfia napoletana - La vera cabala del lotto
Malattia,essere a letto malati: hai veramente bisogno di riposo: 5,5,158,Smorfia napoletana - La vera cabala del lotto
Malattia,dei familiari: ti senti in colpa perché non hai niente da fare; 41,41,158,Smorfia napoletana - La vera cabala del lotto
Malattia,dei partner: sei stato sgarbato e pensi che ora soffra modo; 53,53,158,Smorfia napoletana - La vera cabala del lotto
Malattia,di occhi: la situazione è confusa; 2,2,158,Smorfia napoletana - La vera cabala del lotto
Malattia,di denti: malattia: 90,90,158,Smorfia napoletana - La vera cabala del lotto
Malattia,di stomaco: un rimprovero ti brucia ancora; 87,87,158,Smorfia napoletana - La vera cabala del lotto
Malattia,fisico: quando devi affrontare qualcosa sei in preda all'ansia; 49,49,158,Smorfia napoletana - La vera cabala del lotto
Malattia,morale: hai subito delle grandi delusioni; 8,8,158,Smorfia napoletana - La vera cabala del lotto
Malattia,riceverlo: sei convinto che qualcuno ti odia; 80,80,158,Smorfia napoletana - La vera cabala del lotto
Malattia,profumo: una situazione delicata; 3,3,159,Smorfia napoletana - La vera cabala del lotto
Malattia,bere 1'infuso: equilibrio psicologico precari; 80,1 80,159,Smorfia napoletana - La vera cabala del lotto
Mammelle,simbolo di benessere; 28,28,159,Smorfia napoletana - La vera cabala del lotto
Mammelle,succhiarle: hai bisogno di affetto; 24,24,159,Smorfia napoletana - La vera cabala del lotto
Mammelle,con latte: buona salute 60,60,159,Smorfia napoletana - La vera cabala del lotto
Mammelle,"di animale: buon auspicio, le tue ricchezze aumenteranno; 15",15,159,Smorfia napoletana - La vera cabala del lotto
Mammelle,albero: energia; 15,15,159,Smorfia napoletana - La vera cabala del lotto
Mammelle,profumo: piacevoli novità; 19,19,159,Smorfia napoletana - La vera cabala del lotto
Mammelle,mangiarle: supererai una difficile prova; 61,61,159,Smorfia napoletana - La vera cabala del lotto
Mandria,benessere; 4/69,4 69,159,Smorfia napoletana - La vera cabala del lotto
Mandria,di buoi: non solo tu devi pazientare; 26,26,159,Smorfia napoletana - La vera cabala del lotto
Mandria,di cavalli: la tua intelligenza e la tua rapidità di riflessi ti aiuteranno; 73,73,159,Smorfia napoletana - La vera cabala del lotto
Mandria,comperarla: un affare intrapreso ti costringerà a lavorare molto; 12,12,159,Smorfia napoletana - La vera cabala del lotto
Mangiare,necessiti di nuovi stimoli; 69,69,159,Smorfia napoletana - La vera cabala del lotto
Mangiare,con le mani: danno; 72,72,159,Smorfia napoletana - La vera cabala del lotto
Mangiare,a sazietà: benessere; 3,3,160,Smorfia napoletana - La vera cabala del lotto
Mangiare,"troppo: stai attento alta tua salute, la metti a dura prova; 74",74,160,Smorfia napoletana - La vera cabala del lotto
Mangiare,verdura: poche soddisfazioni; 40,40,160,Smorfia napoletana - La vera cabala del lotto
Mangiare,carne: maturità; 20,20,160,Smorfia napoletana - La vera cabala del lotto
Mangiare,pesce: avrai buone notizie; 63,63,160,Smorfia napoletana - La vera cabala del lotto
Mangiare,dolci: hai bisogno d'affetto; 19,19,160,Smorfia napoletana - La vera cabala del lotto
Mangiare,frutta: piccoli problemi di salute; 56,56,160,Smorfia napoletana - La vera cabala del lotto
Mangiare,cibi preparati da te: fai affidamento sulle tue forze; 67,67,160,Smorfia napoletana - La vera cabala del lotto
Mangiare,animali vivi: aggressività; 27,27,160,Smorfia napoletana - La vera cabala del lotto
Mania,averla: sei ossessionato da qualcosa; 2,2,160,Smorfia napoletana - La vera cabala del lotto
Manico,di coltello: ti sei lasciato sfuggire delle buone occasioni; 16,16,160,Smorfia napoletana - La vera cabala del lotto
Manico,di scopa: non sai usare le tue armi; 4,4,160,Smorfia napoletana - La vera cabala del lotto
Manico,rotto: non sai come affrontare una situazione; 15,15,160,Smorfia napoletana - La vera cabala del lotto
Manico,di una pentola: farai la pace con una donna; 90,90,160,Smorfia napoletana - La vera cabala del lotto
Manicomio,"esserci: ti consideri pericoloso, diverso; 62",62,160,Smorfia napoletana - La vera cabala del lotto
Manicomio,uscire dal: hai superato un periodo di confusione; 74,74,160,Smorfia napoletana - La vera cabala del lotto
Mano,simboleggia il tuo lavoro; 5,5,160,Smorfia napoletana - La vera cabala del lotto
Mano,destra: equilibrio; 77,77,160,Smorfia napoletana - La vera cabala del lotto
Mano,sinistra: irrazionalità; 90,90,160,Smorfia napoletana - La vera cabala del lotto
Mano,avere le mani sane: riuscirai a portare a termine il tuo lavoro. 51,51,160,Smorfia napoletana - La vera cabala del lotto
Mano,avere le mani sporche: la tua coscienza non è pulita: 21,21,161,Smorfia napoletana - La vera cabala del lotto
Mano,avere le mani tagliate: grave danno finanziario; 46,46,161,Smorfia napoletana - La vera cabala del lotto
Mano,avere le mani gonfie: malattia; 59,59,161,Smorfia napoletana - La vera cabala del lotto
Mano,belle: conclusione di un affare; 76,76,161,Smorfia napoletana - La vera cabala del lotto
Mano,"avere una mano alzata: promessa solenne, 42",42,161,Smorfia napoletana - La vera cabala del lotto
Mano,averle alzate entrambe: ti sei arreso; 37,37,161,Smorfia napoletana - La vera cabala del lotto
Mansarda,"viverci: semplicità, estro; 56",56,161,Smorfia napoletana - La vera cabala del lotto
Mansarda,comperarla: cambia il tuo modo ci vivere; 4,4,161,Smorfia napoletana - La vera cabala del lotto
Mantello,perderlo: svelerai la tua personalità; 40,40,161,Smorfia napoletana - La vera cabala del lotto
Mantello,comprarlo: senti la necessità di nasconderli; 80,80,161,Smorfia napoletana - La vera cabala del lotto
Mantello,toglierlo: acquisti fiducia; 4,4,161,Smorfia napoletana - La vera cabala del lotto
Mantello,rotto: i tuoi segreti verranno scoperti; 12,12,161,Smorfia napoletana - La vera cabala del lotto
Mappa,leggerla: ti hanno dato mie precise indicazioni; 34,34,161,Smorfia napoletana - La vera cabala del lotto
Mappa,disegnarla: devi essere chiaro nelle tue esposizioni; 87,87,161,Smorfia napoletana - La vera cabala del lotto
Mappa,dei tesoro: riceverai consigli utili per fare buoni affari; 85,85,161,Smorfia napoletana - La vera cabala del lotto
Marcia,funebre: cattivo presagio; 42,42,161,Smorfia napoletana - La vera cabala del lotto
Marcia,forzata: hai poco tempo per terminare un lavoro; 70,70,161,Smorfia napoletana - La vera cabala del lotto
Marcire,vedersi marcire: non perdere tempo prezioso; 38,38,161,Smorfia napoletana - La vera cabala del lotto
Marcire,veder marcire qualcosa: ti sei lasciato sfuggire delle opportunità; 50,50,161,Smorfia napoletana - La vera cabala del lotto
Mare,calmo: equilibri; 1,1,162,Smorfia napoletana - La vera cabala del lotto
Mare,tuffarsi: hai bisogno di rimanere solo; 6,6,162,Smorfia napoletana - La vera cabala del lotto
Mare,camminare sopra: hai molta fiducia nelle tue capacità; 58,58,162,Smorfia napoletana - La vera cabala del lotto
Mare,"nuotarvi: il tuo inconscio vorrebbe tornare nel grembo materno, 10",10,162,Smorfia napoletana - La vera cabala del lotto
Mare,"agitato: subirai delle sconfitte, 41",41,162,Smorfia napoletana - La vera cabala del lotto
Mare,essere in alto mare: le soluzioni dei tuoi problemi sono ancora lontane; 4,4,162,Smorfia napoletana - La vera cabala del lotto
Mare,navigarvi: grandi cambiamenti; 4,4,162,Smorfia napoletana - La vera cabala del lotto
Mare,blu: gioia e felicità; 66,66,162,Smorfia napoletana - La vera cabala del lotto
Margherita,innocenza; 53,53,162,Smorfia napoletana - La vera cabala del lotto
Margherita,sfogliarla: ami ma non sei corrisposto; 88,88,162,Smorfia napoletana - La vera cabala del lotto
Margherita,regalarne un mazzo: semplicità; 50,50,162,Smorfia napoletana - La vera cabala del lotto
Margherita,coglierla: conquisterai l'amicizia di una persona ingenua; 18,18,162,Smorfia napoletana - La vera cabala del lotto
Marionetta,esserlo: umiliazioni; 62,62,162,Smorfia napoletana - La vera cabala del lotto
Marionetta,muoverla: ami prendere le decisioni; 11,11,162,Smorfia napoletana - La vera cabala del lotto
Maritarsi,per un uomo: hai un avversario in amore; 7,7,162,Smorfia napoletana - La vera cabala del lotto
Maritarsi,per le nubili: desideri sposarti; 18,18,162,Smorfia napoletana - La vera cabala del lotto
Maritarsi,per i celibi: vuoi renderti indipendente dalla famiglia; 15,15,162,Smorfia napoletana - La vera cabala del lotto
Maritarsi,che parte: preoccupazioni in famiglia; 45,45,163,Smorfia napoletana - La vera cabala del lotto
Marmo,"carattere duro, forte; 3",3,163,Smorfia napoletana - La vera cabala del lotto
Marmo,"toccarlo: forse sei troppo solo, 51",51,163,Smorfia napoletana - La vera cabala del lotto
Marmo,vederlo: ti sei reso conto dell'insensibilità di una persona; 63,63,163,Smorfia napoletana - La vera cabala del lotto
Martello,vederlo: passioni; 29,29,163,Smorfia napoletana - La vera cabala del lotto
Martello,"usarlo: impulsività, gesti violenti; 54",54,163,Smorfia napoletana - La vera cabala del lotto
Mascella,carattere volitivo; 75,75,163,Smorfia napoletana - La vera cabala del lotto
Mascella,vederla: salute; 18,18,163,Smorfia napoletana - La vera cabala del lotto
Mascella,"muoverla: nervosismo, ansia; 13",13,163,Smorfia napoletana - La vera cabala del lotto
Mascella,prominente: vuoi sempre importi; 4,4,163,Smorfia napoletana - La vera cabala del lotto
Maschera,astuzia; 18,18,163,Smorfia napoletana - La vera cabala del lotto
Maschera,gettarla: voglia di sincerità; 53,53,163,Smorfia napoletana - La vera cabala del lotto
Maschera,metterla: stai nascondendo qualcosa; 13,13,163,Smorfia napoletana - La vera cabala del lotto
Maschera,toglierla: vuoi confidarti con qualcuno; 62,62,163,Smorfia napoletana - La vera cabala del lotto
Maschera,tragica: di ogni cosa ne fai un dramma; 52,52,163,Smorfia napoletana - La vera cabala del lotto
Maschera,di bellezza: cambiamento effimero 52,52,163,Smorfia napoletana - La vera cabala del lotto
Maschera,di diavolo: vuoi sembrare peggiore di come sei realmente; 52,52,163,Smorfia napoletana - La vera cabala del lotto
Maschio,per le donne: conflitti interiori; 62,62,163,Smorfia napoletana - La vera cabala del lotto
Maschio,per gli uomini: contrasti; 25,25,163,Smorfia napoletana - La vera cabala del lotto
Masticare,amaro: preoccupazioni; 4,4,164,Smorfia napoletana - La vera cabala del lotto
Masticare,veleno: avrai un dispiacere grosso; 25,25,164,Smorfia napoletana - La vera cabala del lotto
Masticare,male: non dimentichi un'offesa ricevuta; 60,60,164,Smorfia napoletana - La vera cabala del lotto
Masturbare,qualcuno: problemi sessuali; 72,72,164,Smorfia napoletana - La vera cabala del lotto
Masturbare,"masturbarsi: insoddisfazioni, solitudine, 33",33,164,Smorfia napoletana - La vera cabala del lotto
Matematica,manchi di razionalità; 70,70,164,Smorfia napoletana - La vera cabala del lotto
Materasso,acquistarlo: tranquillità; 33,33,164,Smorfia napoletana - La vera cabala del lotto
Materasso,nuovo: comincia una nuova vita; 55,55,164,Smorfia napoletana - La vera cabala del lotto
Materasso,vecchio: la noia ti divora; 46,46,164,Smorfia napoletana - La vera cabala del lotto
Materasso,buttarlo: lasci la tua famiglia; 48,48,164,Smorfia napoletana - La vera cabala del lotto
Materasso,essere senza: povertà; 84,84,164,Smorfia napoletana - La vera cabala del lotto
Matrimonio,sposarsi con uno sconosciuto/a: vuoi uscire dal tuo ambiente; 8,8,164,Smorfia napoletana - La vera cabala del lotto
Matrimonio,civile: non ami le cerimonie; 4,4,164,Smorfia napoletana - La vera cabala del lotto
Matrimonio,religioso: sei tradizionalista; 3,3,164,Smorfia napoletana - La vera cabala del lotto
Matrimonio,di convenienza: insensibilità: 25,25,164,Smorfia napoletana - La vera cabala del lotto
Matrimonio,assistervi senza essere sposati: brevi momenti di gioia; 33,33,164,Smorfia napoletana - La vera cabala del lotto
Matrimonio,assistervi da coniugati: ripensamenti; 63,63,164,Smorfia napoletana - La vera cabala del lotto
Matrimonio,vedere il coniuge sposarsi: il tuo matrimonio finirà; 18,18,164,Smorfia napoletana - La vera cabala del lotto
Mattino,vitalità; 11,11,164,Smorfia napoletana - La vera cabala del lotto
Maturita,fare l'esame: non ti consideri all'altezza della situazione: 47,47,165,Smorfia napoletana - La vera cabala del lotto
Maturita,essere promossi: hai bisogno di sentirti rassicurato; 21,21,165,Smorfia napoletana - La vera cabala del lotto
Maturita,essere bocciati: non credi di meritare la tua posizione sociale; 15,15,165,Smorfia napoletana - La vera cabala del lotto
Medaglia,darla: riconoscenza; 72,72,165,Smorfia napoletana - La vera cabala del lotto
Medaglia,riceverla: i meriti non vengono apprezzati; 20,20,165,Smorfia napoletana - La vera cabala del lotto
Medaglia,comperarla : autogratificazione; 17,17,165,Smorfia napoletana - La vera cabala del lotto
Medaglia,d'oro: ti tieni in considerazione; 45,45,165,Smorfia napoletana - La vera cabala del lotto
Medicina,sei alla ricerca di una solidità; 72,72,165,Smorfia napoletana - La vera cabala del lotto
Medicina,comperarla: non sei convinto di quello che fai; 87,87,165,Smorfia napoletana - La vera cabala del lotto
Medicina,prenderla: ti fidi troppo degli altri; 14,14,165,Smorfia napoletana - La vera cabala del lotto
Medicina,prescriverla: ascolti i consigli che ti vengono dati; 66,66,165,Smorfia napoletana - La vera cabala del lotto
Medico,"cattivo presagio, malattia; 52",52,165,Smorfia napoletana - La vera cabala del lotto
Medico,condotto: una persona rassicurante; 51,51,165,Smorfia napoletana - La vera cabala del lotto
Medico,che prescrive una medicina: guaì in vista; 69,69,165,Smorfia napoletana - La vera cabala del lotto
Mela,delusioni amorose; 21,21,165,Smorfia napoletana - La vera cabala del lotto
Mela,coglierla: prendi al volo un'occasione: 7,7,165,Smorfia napoletana - La vera cabala del lotto
Mela,mangiarla: magre consolazioni; 70,70,165,Smorfia napoletana - La vera cabala del lotto
Mela,"mangiarla acerba: dispiaceri, noie; 20",20,165,Smorfia napoletana - La vera cabala del lotto
Mela,"marcia: una gradita sorpresa, 6",6,165,Smorfia napoletana - La vera cabala del lotto
Mela,tagliarla: ti separerai; 49,49,166,Smorfia napoletana - La vera cabala del lotto
Mela,sbucciarla: conoscerai meglio una persona; 84,84,166,Smorfia napoletana - La vera cabala del lotto
Mela,male cotte: la saluto è cattiva; 60,60,166,Smorfia napoletana - La vera cabala del lotto
Melo,in fiore: amore sincere; 26,26,166,Smorfia napoletana - La vera cabala del lotto
Melo,"carico di frutta: buoni affari, prosperità; 70",70,166,Smorfia napoletana - La vera cabala del lotto
Melone,mangiarlo: ti lasci ingannare dalle apparenze; 86,86,166,Smorfia napoletana - La vera cabala del lotto
Melone,"raccoglierlo: aspettati una delusione, 76",76,166,Smorfia napoletana - La vera cabala del lotto
Membro,"in erezione: desiderio, 40",40,166,Smorfia napoletana - La vera cabala del lotto
Membro,"virile: forza, equilibrio; 29",29,166,Smorfia napoletana - La vera cabala del lotto
Membro,piccolo: dovresti ridimensionare i tuoi complessi d'inferiorità; 41,41,166,Smorfia napoletana - La vera cabala del lotto
Membro,"tagliato: sofferenze, povertà; 22",22,166,Smorfia napoletana - La vera cabala del lotto
Membro,inerte: non riesci a dimostrare le tue capacità; 27,27,166,Smorfia napoletana - La vera cabala del lotto
Membro,averne più di uno: non ti senti sessualmente normale; 43,43,166,Smorfia napoletana - La vera cabala del lotto
Membro,averlo per una donna: invidi molto il sasso maschile; 10,10,166,Smorfia napoletana - La vera cabala del lotto
Memoria,perderla: c'è qualche cosa che vuoi dimenticare; 64,64,166,Smorfia napoletana - La vera cabala del lotto
Memoria,riacquistarla: sei riuscito a superare un conflitto; 89,89,166,Smorfia napoletana - La vera cabala del lotto
Menta,"freschezza, semplicità; 21",21,166,Smorfia napoletana - La vera cabala del lotto
Mentire,ai familiari: il tuo segreto sarà presto scoperto; 48,48,166,Smorfia napoletana - La vera cabala del lotto
Mentire,ad estranei: temi di essere giudicato avventatamente; 55,55,167,Smorfia napoletana - La vera cabala del lotto
Mentire,involontariamente: se le cose non le conosci ti conviene stare zitto; 1,1,167,Smorfia napoletana - La vera cabala del lotto
Mentire,volontariamente: il tuo modo di difenderti è sbagliato; 46,46,167,Smorfia napoletana - La vera cabala del lotto
Mento,carattere; 3,3,167,Smorfia napoletana - La vera cabala del lotto
Mento,con la barba: pensi di essere molto maturo e saggio; 27,27,167,Smorfia napoletana - La vera cabala del lotto
Mento,senza barba: nessuno ti prende sul serio; 14,14,167,Smorfia napoletana - La vera cabala del lotto
Mento,prominente: carattere forte; 2,2,167,Smorfia napoletana - La vera cabala del lotto
Mercato,vederlo: perderai dei denaro; 63,63,167,Smorfia napoletana - La vera cabala del lotto
Mercato,comperare o barattare al: farai nuove amicizie; 68,68,167,Smorfia napoletana - La vera cabala del lotto
Mercato,lavorarci: desideri fare degli affari: 71,71,167,Smorfia napoletana - La vera cabala del lotto
Mercato,con pochi oggetti: momento sfavorevole; 19,19,167,Smorfia napoletana - La vera cabala del lotto
Mercato,essere soli al: buttati negli acquisti: 86,86,167,Smorfia napoletana - La vera cabala del lotto
Mercato,di frutta e verdura: piccole spese; 8,8,167,Smorfia napoletana - La vera cabala del lotto
Mercato,di pesce: concludi subito i tuoi affari; 10,10,167,Smorfia napoletana - La vera cabala del lotto
Mercato,"nero: disonestà, affari poco puliti; 63",63,167,Smorfia napoletana - La vera cabala del lotto
Merce,vederla: qualcosa sul lavoro ti preoccupa; 3,3,167,Smorfia napoletana - La vera cabala del lotto
Merce,invenduta: i tuoi guadagni saranno esigui; 50,50,167,Smorfia napoletana - La vera cabala del lotto
Merce,barattare: cerchi di salvare il salvabile; 56,56,167,Smorfia napoletana - La vera cabala del lotto
Meringa,mangiarla: delusioni; 23,23,168,Smorfia napoletana - La vera cabala del lotto
Meringa,"prepararla: vuoi essere ammirato, colpire qualcuno; 35",35,168,Smorfia napoletana - La vera cabala del lotto
Merlo,non fare caso alle maldicenze; 10,10,168,Smorfia napoletana - La vera cabala del lotto
Merlo,che parla: ingenuità; 78,78,168,Smorfia napoletana - La vera cabala del lotto
Merlo,che canta: notizie di poco conto; 77,77,168,Smorfia napoletana - La vera cabala del lotto
Merlo,ucciderlo: vuoi zittire qualcuno; 10,10,168,Smorfia napoletana - La vera cabala del lotto
Merlo,insegnargli a parlare: il tuo modo di importi è sbagliato; 56,56,168,Smorfia napoletana - La vera cabala del lotto
Merluzzo,mangiarlo: stai facendo economia insieme alla tua famiglia; 78,78,168,Smorfia napoletana - La vera cabala del lotto
Messa,andarci: soddisfazioni interiori; 9,9,168,Smorfia napoletana - La vera cabala del lotto
Messa,"assistervi: gioia, 79",79,168,Smorfia napoletana - La vera cabala del lotto
Messa,"solenne: comunicazioni importanti, 41",41,168,Smorfia napoletana - La vera cabala del lotto
Messa,cantata: momenti di allegria; 54,54,168,Smorfia napoletana - La vera cabala del lotto
Messa,"nera: tristi incombenze, 28",28,168,Smorfia napoletana - La vera cabala del lotto
Messaggero,probabili notizie da lontano; 3,3,168,Smorfia napoletana - La vera cabala del lotto
Messaggero,esserlo: molte persone hanno bisogno di te; 40,40,168,Smorfia napoletana - La vera cabala del lotto
Messaggero,mandarlo: sei preoccupato per la persona che ami; 78,78,168,Smorfia napoletana - La vera cabala del lotto
Mestruazioni,temi una gravidanza; 79,79,168,Smorfia napoletana - La vera cabala del lotto
Mestruazioni,sognare che non vengono: vuoi diventare madre; 42,42,168,Smorfia napoletana - La vera cabala del lotto
Metamorfosi,voglia di novità: 52,52,169,Smorfia napoletana - La vera cabala del lotto
Metamorfosi,invecchiare: la tua vita è motto intensa; 8,8,169,Smorfia napoletana - La vera cabala del lotto
Metamorfosi,ringiovanire: provi nostalgia dei passato; 46,46,169,Smorfia napoletana - La vera cabala del lotto
Metamorfosi,diventare donna: debolezza; 33,33,169,Smorfia napoletana - La vera cabala del lotto
Metamorfosi,diventare uomo: ti sei accollata pesanti responsabilità; 15,15,169,Smorfia napoletana - La vera cabala del lotto
Metamorfosi,diventare più grandi: vuoi diventare potente; 75,75,169,Smorfia napoletana - La vera cabala del lotto
Metamorfosi,diventare un animale: i tuoi istinti sono più forti della ragione; 62,62,169,Smorfia napoletana - La vera cabala del lotto
Metamorfosi,diventare un'altra persona: invidi qualcuno: 13,13,169,Smorfia napoletana - La vera cabala del lotto
Miagolio,"sei desiderato da una persona, 56",56,169,Smorfia napoletana - La vera cabala del lotto
Miagolio,non vedere il gatto: non riesci a capire chi ti chiama; 32,32,169,Smorfia napoletana - La vera cabala del lotto
Mietere,"buon presagio, momento positivo; 33",33,169,Smorfia napoletana - La vera cabala del lotto
Mietere,grano: riceverai dei denaro; 81,81,169,Smorfia napoletana - La vera cabala del lotto
Mietere,fuori stagione: degli imprevisti ti faranno perdere denaro; 16,16,169,Smorfia napoletana - La vera cabala del lotto
Mietere,in stagione: i tuoi affari migliorano; 87,87,169,Smorfia napoletana - La vera cabala del lotto
Miliardo,guadagnarlo: tieni aperti; 14,14,169,Smorfia napoletana - La vera cabala del lotto
Miliardo,perderlo: stai ingigantendo una piccola perdita; 24,24,169,Smorfia napoletana - La vera cabala del lotto
Miliardo,vincerlo: vincita irrisoria; 3,3,169,Smorfia napoletana - La vera cabala del lotto
Milione,averli: hai paura di essere derubato; 90,90,169,Smorfia napoletana - La vera cabala del lotto
Milione,perderli: affari svantaggiosi; 17,17,170,Smorfia napoletana - La vera cabala del lotto
Milza,piaceri allegri 73,73,170,Smorfia napoletana - La vera cabala del lotto
Milza,che duole: datti una regolata; 64,64,170,Smorfia napoletana - La vera cabala del lotto
Mina,attenzione ad una minaccia nascosta; 23,23,170,Smorfia napoletana - La vera cabala del lotto
Mina,farla scoppiare: le cose andranno male in ogni settore; 4,4,170,Smorfia napoletana - La vera cabala del lotto
Mina,"vagante: minaccia indefinita, 52",52,170,Smorfia napoletana - La vera cabala del lotto
Mina,metterla nel terreno: vuoi vendicarti ad ogni costo: 89,89,170,Smorfia napoletana - La vera cabala del lotto
Mina,disinnescarla: sei riuscito ad evitare un pericolo; 50,50,170,Smorfia napoletana - La vera cabala del lotto
Mina,camminare su un campo minato: temi di essere tradito; 40,40,170,Smorfia napoletana - La vera cabala del lotto
Mimosa,dolcezza; 45,45,170,Smorfia napoletana - La vera cabala del lotto
Mimosa,"regalarla: affetto, stima; 42",42,170,Smorfia napoletana - La vera cabala del lotto
Minestra,mangiarla: situazione poco brillante; 68,68,170,Smorfia napoletana - La vera cabala del lotto
Minestra,cattiva: seccature in famiglia; 8,8,170,Smorfia napoletana - La vera cabala del lotto
Minestra,"salata: battibecchi, 42",42,170,Smorfia napoletana - La vera cabala del lotto
Miniera,idee poco chiare; 37,37,170,Smorfia napoletana - La vera cabala del lotto
Miniera,"d'oro: pensi di avere trovato la strada giusta per arricchirti, 73",73,170,Smorfia napoletana - La vera cabala del lotto
Miniera,trovarvisi: stai cercando una soluzione ai tuoi problemi; 37,37,170,Smorfia napoletana - La vera cabala del lotto
Miniera,rimanervi bloccati: sei molto pessimista; 42,42,170,Smorfia napoletana - La vera cabala del lotto
Miniera,scoprire una miniera d'oro: facili illusioni: 51,51,170,Smorfia napoletana - La vera cabala del lotto
Mira,prenderla: ti sei prefissato una meta; 46,46,171,Smorfia napoletana - La vera cabala del lotto
Mira,infallibile: determinazione; 71,71,171,Smorfia napoletana - La vera cabala del lotto
Mira,prendere di mira qualcuno: non vuoi dimenticare un tuo nemico; 76,76,171,Smorfia napoletana - La vera cabala del lotto
Mira,essere presi di mira: sei tormentato da qualcuno; 66,66,171,Smorfia napoletana - La vera cabala del lotto
Mirto,"perseveranza, tenacia; 26",26,171,Smorfia napoletana - La vera cabala del lotto
Mirto,"in fiore: onestà, coraggio; 61",61,171,Smorfia napoletana - La vera cabala del lotto
Misurare,diffidenza; 44,44,171,Smorfia napoletana - La vera cabala del lotto
Misurare,stoffe: non essere diffidente per acquisti irrisori; 6,6,171,Smorfia napoletana - La vera cabala del lotto
Misurare,terreni: fai attenzione prima di concludere un affare: 84,84,171,Smorfia napoletana - La vera cabala del lotto
Misurare,la strada: sei preoccupato per ì tuoi impegni; 25,25,171,Smorfia napoletana - La vera cabala del lotto
Misurare,le parole: quello che dici può essere frainteso; 4,4,171,Smorfia napoletana - La vera cabala del lotto
Mitra,vederlo: situazione pericolosa; 19,19,171,Smorfia napoletana - La vera cabala del lotto
Mitra,tenerlo in mano: stai minacciando qualcuno in modo convincente; 26,26,171,Smorfia napoletana - La vera cabala del lotto
Mitra,averlo puntato contro: insicurezza; 52,52,171,Smorfia napoletana - La vera cabala del lotto
Moda,hai un carattere influenzabile; 85,85,171,Smorfia napoletana - La vera cabala del lotto
Moda,vedere una sfilata di moda: ritrovi mondani; 3,3,171,Smorfia napoletana - La vera cabala del lotto
Moda,"fare una sfilata di moda: vuoi essere al centro dell'attenzione, 15",15,171,Smorfia napoletana - La vera cabala del lotto
Moglie,bella: armonia in famiglia; 11,11,171,Smorfia napoletana - La vera cabala del lotto
Moglie,brutta: preoccupazioni; 60,60,172,Smorfia napoletana - La vera cabala del lotto
Moglie,gelosa: perderai dei denaro; 60,60,172,Smorfia napoletana - La vera cabala del lotto
Moglie,nuda: tradimento; 25,25,172,Smorfia napoletana - La vera cabala del lotto
Moglie,ammalata: ti aspetta un momento difficile; 53,53,172,Smorfia napoletana - La vera cabala del lotto
Moglie,"morta: cattivo presagio, disgrazia; 56",56,172,Smorfia napoletana - La vera cabala del lotto
Moglie,prendere moglie per un coniugato: liti in famiglia; 62,62,172,Smorfia napoletana - La vera cabala del lotto
Moglie,"prendere moglie per uno scapolo: denaro, fortuna; 41",41,172,Smorfia napoletana - La vera cabala del lotto
Moglie,che sposa un altro: sei motto insicuro di te stesso; 12,12,172,Smorfia napoletana - La vera cabala del lotto
Moglie,di clausura. il tuo isolamento è completo: 8,8,172,Smorfia napoletana - La vera cabala del lotto
Monaco,hai un obiettivo concreto e non ti spaventano le avversità; 37,37,172,Smorfia napoletana - La vera cabala del lotto
Monaco,"diventarlo: aspiri ad una vita tranquilla, modesta; 4",4,172,Smorfia napoletana - La vera cabala del lotto
Monaco,vederlo: invidi la tranquillità d'animo di alcune persone; 16,16,172,Smorfia napoletana - La vera cabala del lotto
Monete,trovarle: piccola vincita; 3,3,172,Smorfia napoletana - La vera cabala del lotto
Monete,spenderle: preoccupazioni; 54,54,172,Smorfia napoletana - La vera cabala del lotto
Monete,d'oro: sogni irrealizzabili; 5,5,172,Smorfia napoletana - La vera cabala del lotto
Monete,d'argento: mediocrità; 70,70,172,Smorfia napoletana - La vera cabala del lotto
Monete,di rame: malinconia; 22,22,172,Smorfia napoletana - La vera cabala del lotto
Monete,antiche: i tuoi sogni sono andati in fumo; 63,63,172,Smorfia napoletana - La vera cabala del lotto
Monete,false: sai di essere stato ingannato; 2,2,172,Smorfia napoletana - La vera cabala del lotto
Montagna,parto difficoltoso; 19,19,173,Smorfia napoletana - La vera cabala del lotto
Montagna,"essere in cima: successo gioia, 10",10,173,Smorfia napoletana - La vera cabala del lotto
Montagna,scendere: perdita finanziaria; 42,42,173,Smorfia napoletana - La vera cabala del lotto
Montagna,"altissima: ti sembra di non riuscire a superare le difficoltà, 36",36,173,Smorfia napoletana - La vera cabala del lotto
Montagna,coperta di neve: hai ottenuto un favore; 7,7,173,Smorfia napoletana - La vera cabala del lotto
Montagna,che brucia: brutto presagio; 16,16,173,Smorfia napoletana - La vera cabala del lotto
Montone,testardaggine; 47,47,173,Smorfia napoletana - La vera cabala del lotto
Montone,"in un gregge, per un uomo: vuoi essere ammirato per la tua potenza; 22,",22,173,Smorfia napoletana - La vera cabala del lotto
Montone,vederlo avanzare: nemico tenace; 65,65,173,Smorfia napoletana - La vera cabala del lotto
Mordere,rabbia; 73,73,173,Smorfia napoletana - La vera cabala del lotto
Mordere,essere morsi: danno imprevedibile; 53,53,173,Smorfia napoletana - La vera cabala del lotto
Mordere,qualcuno: vendetta; 41,41,173,Smorfia napoletana - La vera cabala del lotto
Mordere,mordersi le labbra: esitazione; 28,28,173,Smorfia napoletana - La vera cabala del lotto
Mordere,le mani: ti sei lasciato sfuggire delle occasioni e te ne penti; 62,62,173,Smorfia napoletana - La vera cabala del lotto
Morire,lunga vita; 14,14,173,Smorfia napoletana - La vera cabala del lotto
Morte,"Vederla: buon presagio, grande fortuna; 46",46,173,Smorfia napoletana - La vera cabala del lotto
Morte,parlarne: hai superato le tue paure; 9,9,173,Smorfia napoletana - La vera cabala del lotto
Morte,"cercare la morte: gravi conflitti interiori, crisi esistenziale; 71",71,173,Smorfia napoletana - La vera cabala del lotto
Morte,sognare la propria: matrimonio e salute; 13,13,174,Smorfia napoletana - La vera cabala del lotto
Morte,per chi è sposato: abbandonerai la famiglia; 80,80,174,Smorfia napoletana - La vera cabala del lotto
Morte,per chi ha figli: sei preoccupato per la salute dei tuoi figli; 79,79,174,Smorfia napoletana - La vera cabala del lotto
Morte,per chi è malato: pronta guarigione; 6,6,174,Smorfia napoletana - La vera cabala del lotto
Morto,baciarlo: dispiacere; 47,47,174,Smorfia napoletana - La vera cabala del lotto
Morto,vegliarlo: inutili sensi di colpa; 15,15,174,Smorfia napoletana - La vera cabala del lotto
Morto,"vederne molti: buon presagio, fortuna; 13",13,174,Smorfia napoletana - La vera cabala del lotto
Morto,che cammina: perdite di denaro; 32,32,174,Smorfia napoletana - La vera cabala del lotto
Morto,nella bara: un brutto pericolo è stato evitato; 4,4,174,Smorfia napoletana - La vera cabala del lotto
Morto,"nel letto: insicurezza, impressionabilità; 14",14,174,Smorfia napoletana - La vera cabala del lotto
Morto,"che resuscita: succederà qualcosa di cui si parlerà molto, 40",40,174,Smorfia napoletana - La vera cabala del lotto
Morto,che parla: ascoltalo; 48,48,174,Smorfia napoletana - La vera cabala del lotto
Mosca,ferma periodo di stasi; 14,14,174,Smorfia napoletana - La vera cabala del lotto
Mosca,che ronza: qualcuno vuole nuocerti sparlando di te; 55,55,174,Smorfia napoletana - La vera cabala del lotto
Mosca,catturarla: non subirai ingiuste accuse; 50,50,174,Smorfia napoletana - La vera cabala del lotto
Mosca,ucciderla: eliminerai il motivo delle tue preoccupazioni; 75,75,174,Smorfia napoletana - La vera cabala del lotto
Mostro,vederlo: sfortuna momentanea; 23,23,174,Smorfia napoletana - La vera cabala del lotto
Mostro,marino: un evento eccezionale; 20,20,174,Smorfia napoletana - La vera cabala del lotto
Mostro,che ti assale: gravi problemi psicologici; 12,12,174,Smorfia napoletana - La vera cabala del lotto
Motoscafo,esibizionismo; 68,68,174,Smorfia napoletana - La vera cabala del lotto
Mozzare,hai perso una possibilità; 47,47,175,Smorfia napoletana - La vera cabala del lotto
Mozzare,la lingua: vuoi impedire a qualcuno di parlare; 42,42,175,Smorfia napoletana - La vera cabala del lotto
Mozzare,avere la lingua mozzata: non riesci ad esprimerti; 16,16,175,Smorfia napoletana - La vera cabala del lotto
Mucca,guadagno sicuro; 17,17,175,Smorfia napoletana - La vera cabala del lotto
Mucca,mungerla: i tuoi guadagni sono costanti; 25,25,175,Smorfia napoletana - La vera cabala del lotto
Mucca,allevarne molte: le tuo ricchezze sono destinate ad aumentare; 81,81,175,Smorfia napoletana - La vera cabala del lotto
Mucchio,di oggetti: lavoro arretrato; 3,3,175,Smorfia napoletana - La vera cabala del lotto
Mucchio,di terra: piccoli impedimenti; 16,16,175,Smorfia napoletana - La vera cabala del lotto
Muffa,"vederla: nè miglioramenti, nè peggioramenti; 71",71,175,Smorfia napoletana - La vera cabala del lotto
Muffa,in casa: i problemi restano; 59,59,175,Smorfia napoletana - La vera cabala del lotto
Muffa,sugli oggetti: ti sembra dì buttare via il tuo tempo; 67,67,175,Smorfia napoletana - La vera cabala del lotto
Muffa,sui vestiti: ti senti invecchiare; 32,32,175,Smorfia napoletana - La vera cabala del lotto
Muffa,sul pane: eredità inaspettata; 13,13,175,Smorfia napoletana - La vera cabala del lotto
Mughetto,ti riconcilierai con il partner; 13,13,175,Smorfia napoletana - La vera cabala del lotto
Mughetto,riceverli: tentativo di fare pace; 67,67,175,Smorfia napoletana - La vera cabala del lotto
Mughetto,regalarli: vuoi riconquistare una persona; 81,81,175,Smorfia napoletana - La vera cabala del lotto
Mugnaio,"esserlo: ti senti produttivo, 15",15,175,Smorfia napoletana - La vera cabala del lotto
Mulino,lavoro e fortuna; 89,89,176,Smorfia napoletana - La vera cabala del lotto
Mulino,a vento: il tuo lavoro ti dà molte soddisfazioni; 13,13,176,Smorfia napoletana - La vera cabala del lotto
Mulino,se il mulino non funziona: stasi nel lavoro; 17,17,176,Smorfia napoletana - La vera cabala del lotto
Mulo,caparbietà; 2,2,176,Smorfia napoletana - La vera cabala del lotto
Multa,pagarla: rimedierai agli errori fatti; 56,56,176,Smorfia napoletana - La vera cabala del lotto
Multa,darla: scarichi le tuo colpe sugli altri; 18,18,176,Smorfia napoletana - La vera cabala del lotto
Mummia,vecchie incomprensioni; 21,21,176,Smorfia napoletana - La vera cabala del lotto
Mummia,parlarle: cerchi di parlare con qualcuno che non vuole ascoltarti; 79,79,176,Smorfia napoletana - La vera cabala del lotto
Mummia,vederla: litigi; 63,63,176,Smorfia napoletana - La vera cabala del lotto
Mummia,essere una mummia: non sei capace di agire; 25,25,176,Smorfia napoletana - La vera cabala del lotto
Munizioni,averne: sei pronto a tutto; 28,28,176,Smorfia napoletana - La vera cabala del lotto
Munizioni,finirle: ti senti impotente; 11,11,176,Smorfia napoletana - La vera cabala del lotto
Munizioni,comperarle: senti i guai avvicinarsi: 21,21,176,Smorfia napoletana - La vera cabala del lotto
Munizioni,farne scorta: ti metti al sicuro in caso di difficoltà; 46,46,176,Smorfia napoletana - La vera cabala del lotto
Munizioni,averne che non funzionario: avrai degli imprevisti difficili da superare; 70,70,176,Smorfia napoletana - La vera cabala del lotto
Muro,bianco: sicurezza; 9,9,176,Smorfia napoletana - La vera cabala del lotto
Muro,nero: oppressione; 31,31,176,Smorfia napoletana - La vera cabala del lotto
Muro,saltarlo: gioia; 3/5,3 5,176,Smorfia napoletana - La vera cabala del lotto
Muro,esservi sopra: prosperità; 44,44,177,Smorfia napoletana - La vera cabala del lotto
Muro,vederlo: sei consapevole delle difficoltà; 72,72,177,Smorfia napoletana - La vera cabala del lotto
Muro,aggirarlo: riesci a trovare una soluzione ai tuoi problemi; 41,41,177,Smorfia napoletana - La vera cabala del lotto
Muro,arrampicarvisi: anche l'impossibile si può trasformare in realtà; 52,52,177,Smorfia napoletana - La vera cabala del lotto
Muro,abbatterlo: la tua determinazione ti porterà al successo; 21,21,177,Smorfia napoletana - La vera cabala del lotto
Muro,di carta: difficoltà di poco conto; 58,58,177,Smorfia napoletana - La vera cabala del lotto
Muscolo,tenderlo: vuoi provare le tue capacità; 10,10,177,Smorfia napoletana - La vera cabala del lotto
Museo,visitarlo: riceverai delle informazioni interessanti; 35,35,177,Smorfia napoletana - La vera cabala del lotto
Museo,rivederlo: il passato riaffiora; 26,26,177,Smorfia napoletana - La vera cabala del lotto
Musica,"grande sensibilità, 55",55,177,Smorfia napoletana - La vera cabala del lotto
Musica,ascoltarla: felicità; 25,25,177,Smorfia napoletana - La vera cabala del lotto
Musica,produrla: vuoi essere al centro dell'attenzione; 70,70,177,Smorfia napoletana - La vera cabala del lotto
Musica,sentirla da lontano: buon presagio; 89,89,177,Smorfia napoletana - La vera cabala del lotto
Musica,sentirla bene: equilibrio interiore; 47,47,177,Smorfia napoletana - La vera cabala del lotto
Musica,sentirla male: difficoltà; 72,72,177,Smorfia napoletana - La vera cabala del lotto
Musica,funebre: eredità; 31,31,177,Smorfia napoletana - La vera cabala del lotto
Mutande,essere in mutande: la povertà ti spaventa; 8,8,177,Smorfia napoletana - La vera cabala del lotto
Mutande,pulite: coscienza tranquilla; 45,45,177,Smorfia napoletana - La vera cabala del lotto
Mutande,sporche: coscienza sporca; 50,50,177,Smorfia napoletana - La vera cabala del lotto
Mutande,perderle: perderai tutto; 9,9,177,Smorfia napoletana - La vera cabala del lotto
Mutande,da donna: desiderio sessuale; 22,22,178,Smorfia napoletana - La vera cabala del lotto
Mutande,da uomo: fortuna; 52,52,178,Smorfia napoletana - La vera cabala del lotto
Mutande,"indossarle nuove: notizie dall'estero, 64",64,178,Smorfia napoletana - La vera cabala del lotto
Mutamento,in meglio: ottimismo; 60,60,178,Smorfia napoletana - La vera cabala del lotto
Mutamento,in peggio: temi le conseguenze di un errore; 81,81,178,Smorfia napoletana - La vera cabala del lotto
Mutilazione,subirla: una malattia ti costringerà a letto per un lungo periodo; 18,18,178,Smorfia napoletana - La vera cabala del lotto
Mutilazione,farla: ferirai nell'intimo una persona che ti è cara; 40,40,178,Smorfia napoletana - La vera cabala del lotto
Muto,esserlo: non riesci a farti valere; 44,44,178,Smorfia napoletana - La vera cabala del lotto
Muto,diventarlo: hai paura che ti manchi il coraggio di parlare; 72,72,178,Smorfia napoletana - La vera cabala del lotto
Muto,vederlo: una persona che non ti può fare dei male; 74,74,178,Smorfia napoletana - La vera cabala del lotto
Muto,restare muto: sai mantenere un segreto; 76,76,178,Smorfia napoletana - La vera cabala del lotto
Muto,parlare con un muto: è inutile parlare con chi non vuole ascoltarti; 61,61,178,Smorfia napoletana - La vera cabala del lotto
Mutuo,sottomissione; 53,53,178,Smorfia napoletana - La vera cabala del lotto
Mutuo,chiederlo: ti serve un appoggio; 82,82,178,Smorfia napoletana - La vera cabala del lotto
Mutuo,ottenerlo: gli altri si fidano di te; 76,76,178,Smorfia napoletana - La vera cabala del lotto
Mutuo,pagarlo: hai fiducia nelle tue capacità; 27,27,178,Smorfia napoletana - La vera cabala del lotto
Mutuo,non pagarlo: non sai mantenere i tuoi impegni; 8,8,178,Smorfia napoletana - La vera cabala del lotto
Mutuo,concederlo: comprensione; 15,15,178,Smorfia napoletana - La vera cabala del lotto
Nano,insoddisfazione; 15,15,179,Smorfia napoletana - La vera cabala del lotto
Nano,esserlo: li senti svantaggiato; 46,46,179,Smorfia napoletana - La vera cabala del lotto
Nano,vederlo: provi compassione per una persona debole; 11,11,179,Smorfia napoletana - La vera cabala del lotto
Nano,diventarlo: perderai delle possibilità; 12,12,179,Smorfia napoletana - La vera cabala del lotto
Nano,al circo: le tue debolezze fanno ridere gli altri; 44,44,179,Smorfia napoletana - La vera cabala del lotto
Narciso,"egoismo, vanità; 47",47,179,Smorfia napoletana - La vera cabala del lotto
Narciso,raccoglierlo: accetti l'amore di una persona narcisista; 26,26,179,Smorfia napoletana - La vera cabala del lotto
Narciso,regalarlo: vuoi delle lodi; 85,85,179,Smorfia napoletana - La vera cabala del lotto
Nascere,"presagio fortunate, miglioramenti; 38",38,179,Smorfia napoletana - La vera cabala del lotto
Nascere,ricco: vorresti già esserlo senza faticare; 11,11,179,Smorfia napoletana - La vera cabala del lotto
Nascere,povero: ti senti sempre vittima; 41,41,179,Smorfia napoletana - La vera cabala del lotto
Nascere,"prematuramente: pensi di non essere accettato, 28",28,179,Smorfia napoletana - La vera cabala del lotto
Nascere,già adulto: rinneghi la tua infanzia; 82,82,179,Smorfia napoletana - La vera cabala del lotto
Nascere,dolorosamente: con fatica supererai una crisi; 63,63,179,Smorfia napoletana - La vera cabala del lotto
Nascere,in modo dolce: hai messo da parte ogni problema; 63,63,179,Smorfia napoletana - La vera cabala del lotto
Nascita,momento di gioia; 39,39,180,Smorfia napoletana - La vera cabala del lotto
Nascita,"di un figlio: felicità, speranza; 82",82,180,Smorfia napoletana - La vera cabala del lotto
Nascita,"di una persona malata: pessimo presagio, morte; 65",65,180,Smorfia napoletana - La vera cabala del lotto
Nascita,assistervi: partecipi a un momento di felicità; 59,59,180,Smorfia napoletana - La vera cabala del lotto
Nascita,gemellare: fortuna; 64,64,180,Smorfia napoletana - La vera cabala del lotto
Nascita,di un fiore: forte sensibilità; 60,60,180,Smorfia napoletana - La vera cabala del lotto
Nascita,difficile: è sempre difficoltoso ricominciare da capo; 56,56,180,Smorfia napoletana - La vera cabala del lotto
Nascondere,insicurezza; 85,85,180,Smorfia napoletana - La vera cabala del lotto
Nascondere,denaro: non ti fidi di nessuno; 44,44,180,Smorfia napoletana - La vera cabala del lotto
Nascondere,una persona: la tua gelosia rasenta il parossisrno; 47,47,180,Smorfia napoletana - La vera cabala del lotto
Nascondere,un bambino: sensi di colpa; 11,11,180,Smorfia napoletana - La vera cabala del lotto
Nascondere,qualche cosa: insincerità; 85,85,180,Smorfia napoletana - La vera cabala del lotto
Nascondere,nascondersi: le situazioni difficili vanno affrontate; 14,14,180,Smorfia napoletana - La vera cabala del lotto
Naso,sensibilità. 18,18,180,Smorfia napoletana - La vera cabala del lotto
Naso,"averlo grande, buon senso negli affari; 88",88,180,Smorfia napoletana - La vera cabala del lotto
Naso,averlo piccolo: errori di valutazione; 24,24,180,Smorfia napoletana - La vera cabala del lotto
Naso,averlo aquilino: infedeltà; 48,48,180,Smorfia napoletana - La vera cabala del lotto
Naso,averlo brutto: sei insicuro nel tuo rapporto con gli altri; 38,38,180,Smorfia napoletana - La vera cabala del lotto
Naso,averlo lungo: fecondità; 4/52,4 52,180,Smorfia napoletana - La vera cabala del lotto
Naso,che sanguina: grossi dispiaceri; 60,60,180,Smorfia napoletana - La vera cabala del lotto
Nastro,lungo: la tua vita sarà lunga; 54,54,180,Smorfia napoletana - La vera cabala del lotto
Nastro,"corto: hai poche chances, 62",62,181,Smorfia napoletana - La vera cabala del lotto
Nastro,annodarlo: avrai un problema in più; 56,56,181,Smorfia napoletana - La vera cabala del lotto
Nastro,disfare un nodo: risolverai un tuo problema; 44,44,181,Smorfia napoletana - La vera cabala del lotto
Nastro,misurarlo: stai riflettendo sul tempo che ti resta; 43,43,181,Smorfia napoletana - La vera cabala del lotto
Nastro,di seta: il tuo partner lo vuoi raffinato; 51,51,181,Smorfia napoletana - La vera cabala del lotto
Nastro,adesivo: una persona invadente ti infastidisce; 18,18,181,Smorfia napoletana - La vera cabala del lotto
Natale,pace familiare; 25,25,181,Smorfia napoletana - La vera cabala del lotto
Natale,festeggiarlo: buoni presagi; 61,61,181,Smorfia napoletana - La vera cabala del lotto
Natale,aspettarlo: attendi con gioia che la tua famiglia si riunisca; 33,33,181,Smorfia napoletana - La vera cabala del lotto
Naufragare,stai vivendo una situazione pericolosa; 18,18,181,Smorfia napoletana - La vera cabala del lotto
Naufragare,da soli; la sfortuna ti perseguita: 65,65,181,Smorfia napoletana - La vera cabala del lotto
Naufragare,vedere: il tuo matrimonio è in pericolo; 26,26,181,Smorfia napoletana - La vera cabala del lotto
Naufragare,con altri: non sei il solo ad attraversare un momento difficile; 41,41,181,Smorfia napoletana - La vera cabala del lotto
Naufragare,in acqua alta: hai paura di perdere tutta la tua ricchezza; 43,43,181,Smorfia napoletana - La vera cabala del lotto
Naufragare,in acqua bassa: dovresti reagire di più di fronte alle difficoltà; 18,18,181,Smorfia napoletana - La vera cabala del lotto
Naufragare,salvarsi: buon presagio; 12,12,181,Smorfia napoletana - La vera cabala del lotto
Nave,piccola: progetti modesti; 79,79,181,Smorfia napoletana - La vera cabala del lotto
Nave,grande: sogni irrealizzabili; 85,85,181,Smorfia napoletana - La vera cabala del lotto
Nave,"costruirla: al tuo avvenire vuoi pensarci da solo, 41",41,181,Smorfia napoletana - La vera cabala del lotto
Nave,salirci: farai un viaggio; 44,44,182,Smorfia napoletana - La vera cabala del lotto
Nave,che naviga: fortuna; 71,71,182,Smorfia napoletana - La vera cabala del lotto
Nave,con mare tranquillo: la tua vita è spianata; 24,24,182,Smorfia napoletana - La vera cabala del lotto
Nave,con mare agitato: le difficoltà che incontrerai sono facilmente superabili; 40,40,182,Smorfia napoletana - La vera cabala del lotto
Nave,che giunge in porto: è in arrivo il tuo periodo fortunato; 35,35,182,Smorfia napoletana - La vera cabala del lotto
Nave,"sulla terra ferma: pausa nei tuoi affari, 48",48,182,Smorfia napoletana - La vera cabala del lotto
Nave,che brucia: hai paura ad intraprendere nuovi progetti; 53,53,182,Smorfia napoletana - La vera cabala del lotto
Nave,"che affonda: un pericolo si sta avvicinando, 29",29,182,Smorfia napoletana - La vera cabala del lotto
Nave,ancorata in mezzo al mare: sei motto determinato; 13,13,182,Smorfia napoletana - La vera cabala del lotto
Nave,ancorata in porto: non ami rischiare; 14,14,182,Smorfia napoletana - La vera cabala del lotto
Nave,comandarla: sei molto sicuro di te stesso; 12,12,182,Smorfia napoletana - La vera cabala del lotto
Nave,da guerra: cattivo presagio; 50,50,182,Smorfia napoletana - La vera cabala del lotto
Nave,a vapore: devi adeguarti ai tempi; 73,73,182,Smorfia napoletana - La vera cabala del lotto
Navigare,a vela: le tue forze ti stanno abbandonando; 2,2,182,Smorfia napoletana - La vera cabala del lotto
Navigare,"a remi: ti aspetta un lavoro difficile che compirai da solo, 12",12,182,Smorfia napoletana - La vera cabala del lotto
Navigare,contro vento: affronterai tutte le difficoltà; 26,26,182,Smorfia napoletana - La vera cabala del lotto
Navigare,con il vento a favore: riceverai un aiuto inaspettato; 65,65,182,Smorfia napoletana - La vera cabala del lotto
Navigare,a motore: sei motto sicuro; 4,4,182,Smorfia napoletana - La vera cabala del lotto
Navigare,lungo la costa: non vuoi allontanarti da una situazione che conosci; 13,13,182,Smorfia napoletana - La vera cabala del lotto
Navigare,in alto mare: affronterai delle nuove esperienze sapendo di correre dei rischi; 18,18,182,Smorfia napoletana - La vera cabala del lotto
Nebbia,"insicurezza, 18",18,182,Smorfia napoletana - La vera cabala del lotto
Nebbia,perdersi: affari inconcludenti: 70,70,182,Smorfia napoletana - La vera cabala del lotto
Nebbia,cercare qualcuno: una persona ti crea problemi; 21,21,183,Smorfia napoletana - La vera cabala del lotto
Nebbia,che si dissolve: riuscirai a superare dei momenti difficili; 14,14,183,Smorfia napoletana - La vera cabala del lotto
Negozio,averlo: attraversi un periodo di tranquillità economica; 70,70,183,Smorfia napoletana - La vera cabala del lotto
Negozio,aperto: puoi concludere degli affari; 67,67,183,Smorfia napoletana - La vera cabala del lotto
Negozio,chiuso: ti conviene attendere per i tuoi affari; 76,76,183,Smorfia napoletana - La vera cabala del lotto
Negozio,andarci: hai voglia di fare acquisti; 68,68,183,Smorfia napoletana - La vera cabala del lotto
Negozio,acquistare qualcosa: tranquillità economica; 9,9,183,Smorfia napoletana - La vera cabala del lotto
Negozio,di lusso: butti via i tuoi soldi; 5,5,183,Smorfia napoletana - La vera cabala del lotto
Negozio,sfornito: poche occasioni; 11,11,183,Smorfia napoletana - La vera cabala del lotto
Negozio,con molta merce: hai molte possibilità di scelta; 89,89,183,Smorfia napoletana - La vera cabala del lotto
Nemico,"incontrarlo: momenti di ansia, 32",32,183,Smorfia napoletana - La vera cabala del lotto
Nemico,combatterlo: decidersi può già essere una vittoria; 60,60,183,Smorfia napoletana - La vera cabala del lotto
Nemico,vincerlo: la vittoria ti costerà sofferenza; 9,9,183,Smorfia napoletana - La vera cabala del lotto
Nemico,morto: hai risolto le tue difficoltà; 18,18,183,Smorfia napoletana - La vera cabala del lotto
Nemico,abbracciarlo: la paura è svanita; 41,41,183,Smorfia napoletana - La vera cabala del lotto
Nemico,essere baciati da un: sarai ingannato; 80,80,183,Smorfia napoletana - La vera cabala del lotto
Nemico,averne molti: ti senti perseguitato senza motivo; 2,2,183,Smorfia napoletana - La vera cabala del lotto
Nemico,dargli ragione: rinnegherai le tue idee per paura; 19,19,183,Smorfia napoletana - La vera cabala del lotto
Nemico,temerlo: insicurezza; 34,34,183,Smorfia napoletana - La vera cabala del lotto
Nemico,che ti minaccia: fai apparire i pericoli più grandi di quanto lo siano realmente; 54,54,183,Smorfia napoletana - La vera cabala del lotto
Neonato,figlio di amici: condividi momenti di felicità; 40,40,183,Smorfia napoletana - La vera cabala del lotto
Neonato,per una donna: desideri diventare madre; 52,52,184,Smorfia napoletana - La vera cabala del lotto
Neonato,in famiglia: inizio di un periodo nuovo; 61,61,184,Smorfia napoletana - La vera cabala del lotto
Neonato,vederne molti: hai delle preoccupazioni finanziarie; 31,31,184,Smorfia napoletana - La vera cabala del lotto
Neonato,morto: situazione perennemente negativa; 7,7,184,Smorfia napoletana - La vera cabala del lotto
Nero,ansia. inquietudine; 54,54,184,Smorfia napoletana - La vera cabala del lotto
Nero,se il colore è frequente nei sogno: malinconia; 7,7,184,Smorfia napoletana - La vera cabala del lotto
Nespole,il tuo partner non ti capisce; 35,35,184,Smorfia napoletana - La vera cabala del lotto
Nespole,mangiarle: cerchi di spiegarti; 12,12,184,Smorfia napoletana - La vera cabala del lotto
Neve,purezza; 89,89,184,Smorfia napoletana - La vera cabala del lotto
Neve,vederla: avrai un'avventura galante; 66,66,184,Smorfia napoletana - La vera cabala del lotto
Neve,veder nevicare: il momento opportuno per agire è vicino; 2,2,184,Smorfia napoletana - La vera cabala del lotto
Neve,affondare: sei stato avventato 24,24,184,Smorfia napoletana - La vera cabala del lotto
Neve,camminarvi: i tuoi affari subiranno un rallentamento; 13,13,184,Smorfia napoletana - La vera cabala del lotto
Neve,essere sepolto: attraversi un periodo difficile; 68,68,184,Smorfia napoletana - La vera cabala del lotto
Neve,se riesci a liberarti: il periodo negativo sarà breve; 70,70,184,Smorfia napoletana - La vera cabala del lotto
Neve,ammucchiarla: guadagni; 44,44,184,Smorfia napoletana - La vera cabala del lotto
Neve,che si scioglie: momenti favorevoli; 71,71,184,Smorfia napoletana - La vera cabala del lotto
Neve,giocarci: riesci a neutralizzare i tuoi avversari; 10,10,184,Smorfia napoletana - La vera cabala del lotto
Neve,fuori stagione: imprevisti; 45,45,184,Smorfia napoletana - La vera cabala del lotto
Nido,amore per la famiglia; 89,89,184,Smorfia napoletana - La vera cabala del lotto
Nido,vuoto: la famiglia non ti soddisfa; 56,56,185,Smorfia napoletana - La vera cabala del lotto
Nido,di uccelli: allegria; 43,43,185,Smorfia napoletana - La vera cabala del lotto
Nido,di serpenti: preoccupazioni; 28,28,185,Smorfia napoletana - La vera cabala del lotto
Nido,di vespe dovrai vedertela con persone pericolose; 62,62,185,Smorfia napoletana - La vera cabala del lotto
Nido,costruirlo: vuoi crearti una famiglia; 45,45,185,Smorfia napoletana - La vera cabala del lotto
Nido,romperlo: vuoi chiudere definitivamente con la tua famiglia; 34,34,185,Smorfia napoletana - La vera cabala del lotto
Nocciole,piccoli fastidi; 35,35,185,Smorfia napoletana - La vera cabala del lotto
Nocciole,mangiarle: soffri in silenzio; 19,19,185,Smorfia napoletana - La vera cabala del lotto
Nocciole,vederne molte: hai parecchie preoccupazioni; 55,55,185,Smorfia napoletana - La vera cabala del lotto
Nocciolo,amerai una persona più giovane di te; 66,66,185,Smorfia napoletana - La vera cabala del lotto
Nocciolo,in fiore: non lasciarti sfuggire i momenti belli; 31,31,185,Smorfia napoletana - La vera cabala del lotto
Nocciolo,piantarlo: inizio di una piacevolissima storia d'amore; 90,90,185,Smorfia napoletana - La vera cabala del lotto
Nocciolo,"raccoglierne i frutti: gioia, soddisfazione; 6",6,185,Smorfia napoletana - La vera cabala del lotto
Nocciolo,abbatterlo: rinneghi l'amore di una persona; 88,88,185,Smorfia napoletana - La vera cabala del lotto
Nocciolo,vederlo: ti renderai conto dei lati negativi di una persona; 69,69,185,Smorfia napoletana - La vera cabala del lotto
Nocciolo,sputarlo: rifiuti la vera personalità del tuo partner; 84,84,185,Smorfia napoletana - La vera cabala del lotto
Nocciolo,mandarlo giù: accetti senza riserve la persona che ami; 49,49,185,Smorfia napoletana - La vera cabala del lotto
Noci,"ambizione, 73",73,185,Smorfia napoletana - La vera cabala del lotto
Noci,nascoste e trovarle: ricchezza; 20,20,185,Smorfia napoletana - La vera cabala del lotto
Noci,romperle: difficoltà nel realizzare i tuoi progetti; 14,14,185,Smorfia napoletana - La vera cabala del lotto
Noci,raccoglierle: i tuoi desideri verranno esauditi; 54,54,186,Smorfia napoletana - La vera cabala del lotto
Noci,regalarle: saranno la fortuna delle persone che le riceveranno; 60,60,186,Smorfia napoletana - La vera cabala del lotto
Noci,mangiarne molte: ricchezza; 51,51,186,Smorfia napoletana - La vera cabala del lotto
Noci,mangiarne poche: piccole gioie; 43,43,186,Smorfia napoletana - La vera cabala del lotto
Noce,albero: sicurezza; 8,8,186,Smorfia napoletana - La vera cabala del lotto
Noce,piantarlo: lavorerai per il benessere e la sicurezza della tua famiglia; 73,73,186,Smorfia napoletana - La vera cabala del lotto
Noce,sedersi all'ombra di un: attraversi un periodo tranquillo; 84,84,186,Smorfia napoletana - La vera cabala del lotto
Noce,legno di noce: legami duraturi; 10,10,186,Smorfia napoletana - La vera cabala del lotto
Nodo,impegni; 63,63,186,Smorfia napoletana - La vera cabala del lotto
Nodo,scioglierlo: risolverai nel modo migliore una difficile situazione; 75,75,186,Smorfia napoletana - La vera cabala del lotto
Nodo,farlo: a volte i problemi li cerchi da solo; 11,11,186,Smorfia napoletana - La vera cabala del lotto
Nodo,non riuscire a scioglierlo: arrendevolezza; 36,36,186,Smorfia napoletana - La vera cabala del lotto
Nodo,al fazzoletto: un problema ti assilla; 18,18,186,Smorfia napoletana - La vera cabala del lotto
Nodo,scorsoio: imprevisti pericolosi; 25,25,186,Smorfia napoletana - La vera cabala del lotto
Nome,cambiarlo: la tua vita avrà una svolta definitiva; 32,32,186,Smorfia napoletana - La vera cabala del lotto
Nome,cambiarlo per una donna: desideri sposarti; 6,6,186,Smorfia napoletana - La vera cabala del lotto
Nome,perderlo: hai paura che i figli ti lascino; 10,10,186,Smorfia napoletana - La vera cabala del lotto
Nonna,saggezza; 17,17,186,Smorfia napoletana - La vera cabala del lotto
Nonna,parlarle: ascolta i consigli che ti darà; 18,18,186,Smorfia napoletana - La vera cabala del lotto
Nonna,se è viva: non lasciarla a lungo sola; 6,6,186,Smorfia napoletana - La vera cabala del lotto
Nonna,se è morta: longevità; 45,45,187,Smorfia napoletana - La vera cabala del lotto
Nonno,ascolta le sue parole; 72,72,187,Smorfia napoletana - La vera cabala del lotto
Nonno,se è vivo: esperienze utili; 11,11,187,Smorfia napoletana - La vera cabala del lotto
Nonno,se è morto: lunga vita; 70,70,187,Smorfia napoletana - La vera cabala del lotto
Notizia,attesa; 9,9,187,Smorfia napoletana - La vera cabala del lotto
Notizia,riceverla: qualcuno sparla di te; 89,89,187,Smorfia napoletana - La vera cabala del lotto
Notizia,darla: sei troppo curioso; 88,88,187,Smorfia napoletana - La vera cabala del lotto
Notizia,leggerla: qualcosa ti ha spaventato; 20,20,187,Smorfia napoletana - La vera cabala del lotto
Notte,riaffiorano le vecchie paure; 84,84,187,Smorfia napoletana - La vera cabala del lotto
Notte,scura: solitudine; 2,2,187,Smorfia napoletana - La vera cabala del lotto
Notte,chiara: supererai un Momento difficile; 49,49,187,Smorfia napoletana - La vera cabala del lotto
Notte,perenne: disperazione; 28,28,187,Smorfia napoletana - La vera cabala del lotto
Notte,sentire rumori di: paure inconsce; 51,51,187,Smorfia napoletana - La vera cabala del lotto
Nozze,seconde nozze: delusioni; 38,38,187,Smorfia napoletana - La vera cabala del lotto
Nozze,d'oro: ottimo presagio di lunga vita e matrimonio felice; 1,1,187,Smorfia napoletana - La vera cabala del lotto
Nozze,d'argento: vita coniugale serena; 24,24,187,Smorfia napoletana - La vera cabala del lotto
Nuca,ricordi di una persona lontana; 6,6,188,Smorfia napoletana - La vera cabala del lotto
Nuca,ferita: sei preoccupato per chi ti ha lasciato; 84,84,188,Smorfia napoletana - La vera cabala del lotto
Nuca,batterla: un dolore ti segnerà; 11,11,188,Smorfia napoletana - La vera cabala del lotto
Nudo,essere nudi: difficoltà economiche; 61,61,188,Smorfia napoletana - La vera cabala del lotto
Nudo,in casa propria: libertà; 16,16,188,Smorfia napoletana - La vera cabala del lotto
Nudo,camminare nudi: non vuoi nascondere nulla dei tuo carattere; 56,56,188,Smorfia napoletana - La vera cabala del lotto
Numeri,fortuna 19,19,188,Smorfia napoletana - La vera cabala del lotto
Numeri,"leggerli: giocali, sono numeri fortunati; 27",27,188,Smorfia napoletana - La vera cabala del lotto
Numeri,scriverli: tenti la fortuna 8,8,188,Smorfia napoletana - La vera cabala del lotto
Numeri,cancellarli: non credi nella fortuna; 62,62,188,Smorfia napoletana - La vera cabala del lotto
Nuotare,in acque agitate: pericoli; 24,24,188,Smorfia napoletana - La vera cabala del lotto
Nuotare,in acque tranquille: supererai le difficoltà; 57,57,188,Smorfia napoletana - La vera cabala del lotto
Nuotare,in piscina: ti sai muovere con sicurezza nel tuo ambiente; 16,16,188,Smorfia napoletana - La vera cabala del lotto
Nuotare,"nell'oro: fortuna, ricchezza; 65",65,188,Smorfia napoletana - La vera cabala del lotto
Nuotare,sott’acqua: un brutto periodo durerà poco; 15,15,188,Smorfia napoletana - La vera cabala del lotto
Nuotare,non saper nuotare: incidenti; 32,32,188,Smorfia napoletana - La vera cabala del lotto
Nuotare,in acqua alta: sicurezza; 31,31,188,Smorfia napoletana - La vera cabala del lotto
Nuotare,in acqua bassa: ti preoccupi inutilmente; 47,47,188,Smorfia napoletana - La vera cabala del lotto
Nuvole,rappresentano il tuo stato d'animo; 5,5,189,Smorfia napoletana - La vera cabala del lotto
Nuvole,basse: preoccupazioni; 9,9,189,Smorfia napoletana - La vera cabala del lotto
Nuvole,alte: le difficoltà sono lontane; 15,15,189,Smorfia napoletana - La vera cabala del lotto
Nuvole,cadere dalle nuvole: scoprirai una dura realtà; 33,33,189,Smorfia napoletana - La vera cabala del lotto
Nuvole,camminare nelle nuvole: fantasia; 81,81,189,Smorfia napoletana - La vera cabala del lotto
Nuvole,che si muovono motto velocemente: sei lunatico; 5,5,189,Smorfia napoletana - La vera cabala del lotto
Nuvole,"nere: gravi problemi, preoccupazioni; 2",2,189,Smorfia napoletana - La vera cabala del lotto
Nuvole,bianche: serenità; 5,5,189,Smorfia napoletana - La vera cabala del lotto
Nuvole,rosse: momenti di rabbia; 18,18,189,Smorfia napoletana - La vera cabala del lotto
Nuvole,grigie: malinconia; 7,7,189,Smorfia napoletana - La vera cabala del lotto
Nuvole,rosa: dolcezza; 6,6,189,Smorfia napoletana - La vera cabala del lotto
Obbedire,a tutti: manchi di personalità; 67,67,189,Smorfia napoletana - La vera cabala del lotto
Obbedire,a un inferiore: umiliazioni; 6,6,189,Smorfia napoletana - La vera cabala del lotto
Obbedire,a un superiore: sei molto disciplinato; 4,4,189,Smorfia napoletana - La vera cabala del lotto
Obeso,ti senti limitato; 24,24,189,Smorfia napoletana - La vera cabala del lotto
Obeso,esserlo: non hai fiducia in te stesso; 28,28,189,Smorfia napoletana - La vera cabala del lotto
Obitorio,andarci: possibili disgrazie; 41,41,190,Smorfia napoletana - La vera cabala del lotto
Obitorio,lavorarci: il tuo ambiente di lavoro è molto triste; 16,16,190,Smorfia napoletana - La vera cabala del lotto
Obitorio,vedersi morti nell'obitorio: la tua sorte ti lascia completamente indifferente; 26,26,190,Smorfia napoletana - La vera cabala del lotto
Obitorio,aperto: la tua visuale è troppo limitata; 42,42,190,Smorfia napoletana - La vera cabala del lotto
Obitorio,guardar fuori: pondera meglioi tuoi giudizi; 53,53,190,Smorfia napoletana - La vera cabala del lotto
Oca,presagio di fortuna; 6,6,190,Smorfia napoletana - La vera cabala del lotto
Oca,ucciderla: finirà il rapporto d'amicizia che avevi con una persona stupida; 23,23,190,Smorfia napoletana - La vera cabala del lotto
Oca,vederla: buon periodo di lavoro; 48,48,190,Smorfia napoletana - La vera cabala del lotto
Oca,vederne molte: sei circondato da persone molto superficiali; 90,90,190,Smorfia napoletana - La vera cabala del lotto
Oca,che schiamazza: pettegolezzi inutili; 74,74,190,Smorfia napoletana - La vera cabala del lotto
Oca,mangiarla: approfitterai dell'ingenuità di qualcuno; 34,34,190,Smorfia napoletana - La vera cabala del lotto
Occhi,aperti: tensioni; 36,36,190,Smorfia napoletana - La vera cabala del lotto
Occhi,non riuscire ad aprirli: sei poco realista; 90,90,190,Smorfia napoletana - La vera cabala del lotto
Occhi,chiusi: non ti opponi agli eventi; 34,34,190,Smorfia napoletana - La vera cabala del lotto
Occhi,non riuscire a chiuderli: sei sempre molto teso; 30,30,190,Smorfia napoletana - La vera cabala del lotto
Occhi,ammalati: delusioni negli affari; 26,26,190,Smorfia napoletana - La vera cabala del lotto
Occhi,brutti: commetterai degli errori; 47,47,190,Smorfia napoletana - La vera cabala del lotto
Occhi,belli: successo: felicità; 70,70,190,Smorfia napoletana - La vera cabala del lotto
Occhi,perderli: disgrazia; 63,63,190,Smorfia napoletana - La vera cabala del lotto
Occhi,"averne uno solo: giudizi affrettati, 60",60,191,Smorfia napoletana - La vera cabala del lotto
Occhi,che lacrimano: ti attendono dei dispiaceri; 10,10,191,Smorfia napoletana - La vera cabala del lotto
Occhi,dolore agli occhi: sei accecato da una passione; 85,85,191,Smorfia napoletana - La vera cabala del lotto
Occhi,blu: gioia; 65,65,191,Smorfia napoletana - La vera cabala del lotto
Occhi,neri: miseria; 70,70,191,Smorfia napoletana - La vera cabala del lotto
Occhi,rossi: infermità; 53,53,191,Smorfia napoletana - La vera cabala del lotto
Oceano,vederlo: incertezze nel futuro; 90,90,191,Smorfia napoletana - La vera cabala del lotto
Oceano,gradevole: sincerità; 34,34,191,Smorfia napoletana - La vera cabala del lotto
Oceano,sgradevole: rimarrai da solo; 30,30,191,Smorfia napoletana - La vera cabala del lotto
Oceano,non sentire nessun odore: insensibilità; 2,2,191,Smorfia napoletana - La vera cabala del lotto
Oleandro,vederne le foglie: probabili inganni; 28,28,191,Smorfia napoletana - La vera cabala del lotto
Oleandro,fiorito: insincerità; 39,39,191,Smorfia napoletana - La vera cabala del lotto
Olio,berlo: malattia; 76,76,191,Smorfia napoletana - La vera cabala del lotto
Olio,"di oliva: successo, felicità; 8",8,191,Smorfia napoletana - La vera cabala del lotto
Olio,di semi: la semplicità di una persona è solo apparente; 56,56,191,Smorfia napoletana - La vera cabala del lotto
Olio,di lino: possibili-guadagni; 34,34,191,Smorfia napoletana - La vera cabala del lotto
Olio,comperarlo: avere conoscenze ti aiuterà; 29,29,191,Smorfia napoletana - La vera cabala del lotto
Olio,venderlo: il tuo periodo fortunato sta terminando; 9,9,192,Smorfia napoletana - La vera cabala del lotto
Olio,rovesciarlo: cattivo auspicio; 68,68,192,Smorfia napoletana - La vera cabala del lotto
Olio,raccoglierlo: tenterai di conquistare la buona sorte; 15,15,192,Smorfia napoletana - La vera cabala del lotto
Olio,santo: longevità; 2,2,192,Smorfia napoletana - La vera cabala del lotto
Olio,raccoglierle: lavoro molto duro; 36,36,192,Smorfia napoletana - La vera cabala del lotto
Olio,vederle sull'albero: il momento propizio è vicino; 48,48,192,Smorfia napoletana - La vera cabala del lotto
Olio,"mangiarle: fortuna, vivrai momenti felici; 41",41,192,Smorfia napoletana - La vera cabala del lotto
Olivo,tranquillità; 68,68,192,Smorfia napoletana - La vera cabala del lotto
Olivo,"fiorito: matrimonio, felicità; 65/4",65 4,192,Smorfia napoletana - La vera cabala del lotto
Olivo,con frutti acerbi: ancora un po' di pazienza e arriverà il tuo momento; 45,45,192,Smorfia napoletana - La vera cabala del lotto
Olivo,con frutti maturi: la fortuna ti sta tenendo la mano: 22,22,192,Smorfia napoletana - La vera cabala del lotto
Olmo,"costanza, forza d'animo; 52",52,192,Smorfia napoletana - La vera cabala del lotto
Ombelico,"malato: problemi, preoccupazioni in arrivo; 41",41,192,Smorfia napoletana - La vera cabala del lotto
Ombelico,sano: tutto procede per il meglio; 60,60,192,Smorfia napoletana - La vera cabala del lotto
Ombra,vedere la propria: stai guardando in te stesso; 4,4,192,Smorfia napoletana - La vera cabala del lotto
Ombra,vedere un'ombra: insicurezza; 43,43,192,Smorfia napoletana - La vera cabala del lotto
Ombra,essere sempre all'ombra: non riesci ad emergere; 28,28,193,Smorfia napoletana - La vera cabala del lotto
Ombra,"essere all'ombra di un albero: sarai protetto da qualcuno, 79",79,193,Smorfia napoletana - La vera cabala del lotto
Ombrello,hai bisogno di essere protetto; 60,60,193,Smorfia napoletana - La vera cabala del lotto
Ombrello,aprirlo: sei in difficoltà; 36,36,193,Smorfia napoletana - La vera cabala del lotto
Ombrello,"chiuderlo: tranquillità, sicurezza; 22",22,193,Smorfia napoletana - La vera cabala del lotto
Ombrello,rotto: dovrai risolvere i tuoi problemi da solo; 74,74,193,Smorfia napoletana - La vera cabala del lotto
Ombrello,da sole: sei diffidente; 8,8,193,Smorfia napoletana - La vera cabala del lotto
Omosessuale,esserlo: ti senti represso; 42,42,193,Smorfia napoletana - La vera cabala del lotto
Omosessuale,vederlo: i tuoi giudizi sono avventati; 33,33,193,Smorfia napoletana - La vera cabala del lotto
Onde,alte: sei proprio in un mare ci guai; 55,55,193,Smorfia napoletana - La vera cabala del lotto
Onde,basse: piccoli problemi subito risolti; 18,18,193,Smorfia napoletana - La vera cabala del lotto
Onde,nuotare tra le: supererai le avversità; 78,78,193,Smorfia napoletana - La vera cabala del lotto
Onde,"essere travolto: cattivo presagio, ti attende una prova durissima; 24",24,193,Smorfia napoletana - La vera cabala del lotto
Operaio,esserlo: buone prospettive per il tuo lavoro: 75,75,193,Smorfia napoletana - La vera cabala del lotto
Operaio,vederlo: invidi l'alacrità degli altri; 78,78,193,Smorfia napoletana - La vera cabala del lotto
Operaio,che si riposa: l'attività sarà interrotta; 10,10,193,Smorfia napoletana - La vera cabala del lotto
Operaio,"assumerlo: successo, fortuna; 58",58,193,Smorfia napoletana - La vera cabala del lotto
Operaio,in sciopero: i tuoi affari peggioreranno; 33,33,193,Smorfia napoletana - La vera cabala del lotto
Oppio,indecisione; 42,42,194,Smorfia napoletana - La vera cabala del lotto
Oppio,fumarlo: ti illudi di aver apportato dei cambiamenti nella tua vita; 21,21,194,Smorfia napoletana - La vera cabala del lotto
Oracolo,temi il futuro; 68,68,194,Smorfia napoletana - La vera cabala del lotto
Orchidea,vanità; 90,90,194,Smorfia napoletana - La vera cabala del lotto
Orchidea,regalarla: ti piace mettere in mostra la tua ricchezza; 20,20,194,Smorfia napoletana - La vera cabala del lotto
Ordine,darlo: sarai odiato dagli amici; 89,89,194,Smorfia napoletana - La vera cabala del lotto
Ordine,riceverlo: non sai far valere le tue opinioni di fronte ai superiori; 32,32,194,Smorfia napoletana - La vera cabala del lotto
Ordine,imporre l'ordine: per te la razionalità è molto importante; 42,42,194,Smorfia napoletana - La vera cabala del lotto
Orecchino,forte personalità; 70,70,194,Smorfia napoletana - La vera cabala del lotto
Orecchino,portarne parecchi: vuoi farti notare; 79,79,194,Smorfia napoletana - La vera cabala del lotto
Orecchino,regalarlo: hai riguardo verso una persona; 6,6,194,Smorfia napoletana - La vera cabala del lotto
Orecchio,sano: coerenza; 5,5,194,Smorfia napoletana - La vera cabala del lotto
Orecchio,ammalato: i tuoi giudizi sono affrettati anche perchè sei male informato; 14,14,194,Smorfia napoletana - La vera cabala del lotto
Orecchio,tagliato: disgrazia; 54,54,194,Smorfia napoletana - La vera cabala del lotto
Orecchio,ferito: una persona vuole farti cambiare idea; 40,40,194,Smorfia napoletana - La vera cabala del lotto
Orecchio,perderlo: cattivi affari; 24,24,194,Smorfia napoletana - La vera cabala del lotto
Orecchio,pulirselo: stai cercando di comprendere meglio una situazione; 71,71,194,Smorfia napoletana - La vera cabala del lotto
Orecchio,tapparselo: non vuoi riconoscere la realtà; 7,7,194,Smorfia napoletana - La vera cabala del lotto
Orgasmo,la tua vita sessuale non ti soddisfa; 86,86,195,Smorfia napoletana - La vera cabala del lotto
Orma,vedere la propria: ripensi alle tue azioni; 67,67,195,Smorfia napoletana - La vera cabala del lotto
Orma,vedere quella di un altro: apprensioni; 73,73,195,Smorfia napoletana - La vera cabala del lotto
Orma,cancellarla: temi di essere scoperto; 24,24,195,Smorfia napoletana - La vera cabala del lotto
Orma,lasciarne molte: vuoi farti notare; 5,5,195,Smorfia napoletana - La vera cabala del lotto
Oro,comprarlo: una persona sparla sul tuo conto; 2,2,195,Smorfia napoletana - La vera cabala del lotto
Oro,perderlo: cattivi affari; 72,72,195,Smorfia napoletana - La vera cabala del lotto
Oro,trovarlo: perderai tutto quello che possiedi; 41,41,195,Smorfia napoletana - La vera cabala del lotto
Oro,fonderlo: sei sicuro di te e hai dei progetti precisi; 20,20,195,Smorfia napoletana - La vera cabala del lotto
Oro,mostrarlo ad altri: insicurezza; 69,69,195,Smorfia napoletana - La vera cabala del lotto
Oro,regalarlo: sei proprio abile negli affari; 35,35,195,Smorfia napoletana - La vera cabala del lotto
Oro,riceverlo in dono: da solo non riuscirai ad arricchirti; 89,89,195,Smorfia napoletana - La vera cabala del lotto
Oro,in lingotti: ricchezza duratura; 5,5,195,Smorfia napoletana - La vera cabala del lotto
Oro,portarlo: fortuna; 44,44,195,Smorfia napoletana - La vera cabala del lotto
Oro,"mangiarlo: amarezze, 69",69,195,Smorfia napoletana - La vera cabala del lotto
Oro,falso: ricchezza; 55,55,195,Smorfia napoletana - La vera cabala del lotto
Oro,scavarlo: ottima salute; 56,56,195,Smorfia napoletana - La vera cabala del lotto
Orologio,fermoo: crisi permanente; 15,15,195,Smorfia napoletana - La vera cabala del lotto
Orologio,che funziona: puoi migliorare; 6,6,195,Smorfia napoletana - La vera cabala del lotto
Orologio,che si rompe: piccoli problemi; 64,64,195,Smorfia napoletana - La vera cabala del lotto
Orologio,caricarlo: affari rilevanti; 25,25,196,Smorfia napoletana - La vera cabala del lotto
Orologio,"trovarlo: precisione, puntualità; 8",8,196,Smorfia napoletana - La vera cabala del lotto
Orologio,comperarlo: sei in ansia per la conclusione di un affare molto importante; 70,70,196,Smorfia napoletana - La vera cabala del lotto
Orologio,perderlo: ti lascerai sfuggire delle buone occasioni; 70,70,196,Smorfia napoletana - La vera cabala del lotto
Orologio,a pendolo: dai molta importanza ai tuo tempo; 71,71,196,Smorfia napoletana - La vera cabala del lotto
Orso,polare: farai un viaggio; 67,67,196,Smorfia napoletana - La vera cabala del lotto
Orso,essere assalito: pensi di essere perseguitato; 61,61,196,Smorfia napoletana - La vera cabala del lotto
Ortaggi,raccoglierli: scarsi guadagni; 13,13,196,Smorfia napoletana - La vera cabala del lotto
Ortaggi,piantarli: poca fortuna; 60,60,196,Smorfia napoletana - La vera cabala del lotto
Ortaggi,mangiarli: piccole soddisfazioni; 22,22,196,Smorfia napoletana - La vera cabala del lotto
Ortensia,regalarla: probabilmente le tue promesse sono false: 64,64,196,Smorfia napoletana - La vera cabala del lotto
Ortensia,coglierla: i tuoi buoni propositi li hai rinnegati; 68,68,196,Smorfia napoletana - La vera cabala del lotto
Ortica,sofferenza; 84,84,196,Smorfia napoletana - La vera cabala del lotto
Ortica,raccoglierla: sfortuna; 85,85,196,Smorfia napoletana - La vera cabala del lotto
Ortica,essere punti accidentalmente: piccoli imprevisti; 32,32,196,Smorfia napoletana - La vera cabala del lotto
Ortica,"mangiarne: disgrazie, 11",11,196,Smorfia napoletana - La vera cabala del lotto
Ortica,vederne molte: ti attende una dura prova; 27,27,196,Smorfia napoletana - La vera cabala del lotto
Ortica,"farne un decotto: esperienze, anche se negative, ti saranno utili in un futuro; 81",81,196,Smorfia napoletana - La vera cabala del lotto
Ospedale,ti preoccupi molto per la tua salute; 33,33,196,Smorfia napoletana - La vera cabala del lotto
Ospedale,vedere un amico: quello per cui ti preoccupi sei tu; 75,75,197,Smorfia napoletana - La vera cabala del lotto
Ospedale,visitarlo: temi per la salute dei tuoi familiari; 36,36,197,Smorfia napoletana - La vera cabala del lotto
Ospedale,trovarvisi: apprensioni inutili; 3,3,197,Smorfia napoletana - La vera cabala del lotto
Ospiti,averli: amicizia sincera; 60,60,197,Smorfia napoletana - La vera cabala del lotto
Ospiti,cacciarli da casa: alcuni amici ti tradiranno; 13,13,197,Smorfia napoletana - La vera cabala del lotto
Ospiti,essere ospiti: qualcosa nella tua vita cambierà; 22,22,197,Smorfia napoletana - La vera cabala del lotto
Ossa,di uomini morti: brutto presagio; 53,53,197,Smorfia napoletana - La vera cabala del lotto
Ossa,di animali: fine dell'abbondanza; 41,41,197,Smorfia napoletana - La vera cabala del lotto
Ossigeno,chiedere ossigeno: riceverai aiuti importanti; 15,15,197,Smorfia napoletana - La vera cabala del lotto
Ossigeno,non avere ossigeno: ti manca la forza d'agire; 67,67,197,Smorfia napoletana - La vera cabala del lotto
Ostacolo,superarlo: periodo positivo; 16,16,197,Smorfia napoletana - La vera cabala del lotto
Ostacolo,incontrarlo: sei prevenuto; 50,50,197,Smorfia napoletana - La vera cabala del lotto
Ostetrica,desideri diventare madre; 12,12,197,Smorfia napoletana - La vera cabala del lotto
Ostetrica,esserlo: grosse responsabilità; 16,16,197,Smorfia napoletana - La vera cabala del lotto
Ostetrica,vederla in casa propria: prossima nascita; 15,15,197,Smorfia napoletana - La vera cabala del lotto
Ostia,speranza; 83,83,197,Smorfia napoletana - La vera cabala del lotto
Ostia,consacrata: fedeltà al tuo partner; 42,42,198,Smorfia napoletana - La vera cabala del lotto
Otto,discussioni; 56,56,198,Smorfia napoletana - La vera cabala del lotto
Otto,leggerlo: sei riuscito ad accordarti con qualcuno; 63,63,198,Smorfia napoletana - La vera cabala del lotto
Otto,scriverlo: piccoli screzi; 4,4,198,Smorfia napoletana - La vera cabala del lotto
Ottone,vuoi mettere in mostra una ricchezza che non possiedi; 11,11,198,Smorfia napoletana - La vera cabala del lotto
Ottone,vederlo lucido: ti compiaci di te stesso; 88,88,198,Smorfia napoletana - La vera cabala del lotto
Ottone,lucidarlo: vanità; 76,76,198,Smorfia napoletana - La vera cabala del lotto
Ovile,sicurezza; 46,46,198,Smorfia napoletana - La vera cabala del lotto
Ovile,viverci: sei tradizionalista; 85,85,198,Smorfia napoletana - La vera cabala del lotto
Ovile,uscirne: dovrai affrontare degli imprevisti; 37,37,198,Smorfia napoletana - La vera cabala del lotto
Ovile,tornarci: ti sei pentito della tua avventatezza; 82,82,198,Smorfia napoletana - La vera cabala del lotto
Oziare,forzato: lieve malattia; 9,9,198,Smorfia napoletana - La vera cabala del lotto
Oziare,come scelta di vita: non ti basta sentirti in colpa per cambiare la tua vita; 2,2,198,Smorfia napoletana - La vera cabala del lotto
Pacco,riceverlo: buone notizie; 32,32,198,Smorfia napoletana - La vera cabala del lotto
Pacco,spedirlo: devi comunicare una bella notizia; 41,41,199,Smorfia napoletana - La vera cabala del lotto
Padre,vederlo: senso di sicurezza; 6,6,199,Smorfia napoletana - La vera cabala del lotto
Padre,"morto: quando meno te lo aspetti, qualcuno ti aiuterà; 45",45,199,Smorfia napoletana - La vera cabala del lotto
Padre,"in punto di morte: ansia, preoccupazioni; 16",16,199,Smorfia napoletana - La vera cabala del lotto
Padre,litigare: sfortuna: 66,66,199,Smorfia napoletana - La vera cabala del lotto
Padre,molto autoritario: sei offeso ma non sai reagire; 62,62,199,Smorfia napoletana - La vera cabala del lotto
Padre,che ti picchia: sei stato ingiustamente punito da qualcuno importante; 22,22,199,Smorfia napoletana - La vera cabala del lotto
Padre,"ammalato: aspetta a prendere decisioni, 87",87,199,Smorfia napoletana - La vera cabala del lotto
Padre,"diventare padre: hai fiducia nella vita matrimoniale, 9",9,199,Smorfia napoletana - La vera cabala del lotto
Padrone,discutere con il proprio: in verità non hai il coraggio di farlo; 82,82,199,Smorfia napoletana - La vera cabala del lotto
Padrone,esserlo: ti piace poter comandare; 49,49,199,Smorfia napoletana - La vera cabala del lotto
Paese,"abitato: hai molte amicizie e conoscenze,53",53,199,Smorfia napoletana - La vera cabala del lotto
Paese,"deserto: dentro di te alberga la solitudine, 9",9,199,Smorfia napoletana - La vera cabala del lotto
Paese,natale: soffri di nostalgia: 14,14,199,Smorfia napoletana - La vera cabala del lotto
Paese,ritornarci: la tua famiglia si riunirà piacevolmente; 8,8,199,Smorfia napoletana - La vera cabala del lotto
Paese,sconosciuto: i cambiamenti ti rendono apprensivo; 16,16,199,Smorfia napoletana - La vera cabala del lotto
Paese,sperduto: poche possibilità di contatti utili: 10,10,199,Smorfia napoletana - La vera cabala del lotto
Pagare,al posto di un altro: le colpe ricadono su di te; 21,21,199,Smorfia napoletana - La vera cabala del lotto
Pagare,"per una colpa: devi rimediare al malfatto, solo così i rimorsi non ti perseguitano; 73",73,199,Smorfia napoletana - La vera cabala del lotto
Pagare,per un piacere: non è difficile per te capire l'insincerità degli amici; 12,12,199,Smorfia napoletana - La vera cabala del lotto
Paglia,vederla: scarsi profitti; 25,25,200,Smorfia napoletana - La vera cabala del lotto
Paglia,raccoglierla: guadagni di poco conto; 22,22,200,Smorfia napoletana - La vera cabala del lotto
Paglia,che brucia: miseria; 43,43,200,Smorfia napoletana - La vera cabala del lotto
Paglia,dormire sulla paglia: prigionia; 51,51,200,Smorfia napoletana - La vera cabala del lotto
Pagliaccio,nel sogno indica tristezza; 74,74,200,Smorfia napoletana - La vera cabala del lotto
Pagliaccio,in un circo: le piccole distrazioni non ti faranno dimenticare i tuoi problemi; 61,61,200,Smorfia napoletana - La vera cabala del lotto
Palla,tirarla lontano: non vuoi assumerti delle responsabilità; 16,16,200,Smorfia napoletana - La vera cabala del lotto
Palla,giocarci: la tua insicurezza danneggerà i tuoi affari; 72,72,200,Smorfia napoletana - La vera cabala del lotto
Palla,di neve: danni lievi; 17,17,200,Smorfia napoletana - La vera cabala del lotto
Palla,di cannone: non scherzare coi fuoco; 17,17,200,Smorfia napoletana - La vera cabala del lotto
Palma,comperarla: perdita di denaro; 70,70,200,Smorfia napoletana - La vera cabala del lotto
Palma,raccoglierla: discussioni in famiglia; 24,24,200,Smorfia napoletana - La vera cabala del lotto
Palma,bruciarla: allegria; 66,66,200,Smorfia napoletana - La vera cabala del lotto
Palma,"vederne molte tagliate: momento buono per i tuoi affari, 14",14,200,Smorfia napoletana - La vera cabala del lotto
Palma,vederne una a terra: rimpiangi le occasioni non sfruttate; 4,4,200,Smorfia napoletana - La vera cabala del lotto
Palpebra,aperta: curiosità; 40,40,200,Smorfia napoletana - La vera cabala del lotto
Palpebra,"chiusa: non vuoi reagire, sei indifferente; 50",50,200,Smorfia napoletana - La vera cabala del lotto
Pancia,sana: salute in famiglia; 65,65,201,Smorfia napoletana - La vera cabala del lotto
Pancia,malata: problemi economici; 28,28,201,Smorfia napoletana - La vera cabala del lotto
Pancia,grassa: la tua carriera sarà rapida; 81,81,201,Smorfia napoletana - La vera cabala del lotto
Pancia,"magra: ristrettezze economiche, 30",30,201,Smorfia napoletana - La vera cabala del lotto
Pancia,molto gonfia per le donne: desiderio di maternità; 12,12,201,Smorfia napoletana - La vera cabala del lotto
Pancia,guardarsela: nessun problema in famiglia; 28,28,201,Smorfia napoletana - La vera cabala del lotto
Pane,mangiarlo: buon presagio; 50,50,201,Smorfia napoletana - La vera cabala del lotto
Pane,"bianco: fortuna, soddisfazioni; 12",12,201,Smorfia napoletana - La vera cabala del lotto
Pane,nero: possibilità di arricchirsi; 3,3,201,Smorfia napoletana - La vera cabala del lotto
Pane,secco: periodo di restrizioni; 67,67,201,Smorfia napoletana - La vera cabala del lotto
Pane,caldo: problemi di salute; 57,57,201,Smorfia napoletana - La vera cabala del lotto
Pane,briciole di: riceverai un regalo; 50,50,201,Smorfia napoletana - La vera cabala del lotto
Pane,"prepararlo: laboriosità, 76",76,201,Smorfia napoletana - La vera cabala del lotto
Pane,cuocerlo: soddisfazioni; 16,16,201,Smorfia napoletana - La vera cabala del lotto
Pane,buttarlo via: cattivo presagio; 83,83,201,Smorfia napoletana - La vera cabala del lotto
Pane,spezzarlo: rivelerai i tuoi progetti a molte persone; 19,19,201,Smorfia napoletana - La vera cabala del lotto
Pane,"pane d'orzo: felicità, 90",90,201,Smorfia napoletana - La vera cabala del lotto
Pane,vederlo nella cesta appena tolto dal forno: fortuna in amore; 77,77,201,Smorfia napoletana - La vera cabala del lotto
Panna,mangiarla montata: togliti i paraocchi; 87,87,201,Smorfia napoletana - La vera cabala del lotto
Panna,vederla: vuoi comprensione e dolcezza dal partner 47,47,201,Smorfia napoletana - La vera cabala del lotto
Panna,montarla: curare i particolari è per te quasi una mania; 77,77,201,Smorfia napoletana - La vera cabala del lotto
Panni,stenderli: i tuoi segreti verranno scoperti; 56,56,202,Smorfia napoletana - La vera cabala del lotto
Panni,ritirarli: non riuscirai ad evitare i pettegolezzi; 60,60,202,Smorfia napoletana - La vera cabala del lotto
Panni,"cucirli: cerchi di mettere una pezza sul tuoi errori, 26",26,202,Smorfia napoletana - La vera cabala del lotto
Panni,lavarli in casa: non vuoi fare sapere le tue cose; 34,34,202,Smorfia napoletana - La vera cabala del lotto
Panni,lavarti all'aperto: maldicenze nell'aria; 29,29,202,Smorfia napoletana - La vera cabala del lotto
Pannocchia,successo in amore; 74,74,202,Smorfia napoletana - La vera cabala del lotto
Pannocchia,"rosicchiarla: momenti di tenerezza, 31",31,202,Smorfia napoletana - La vera cabala del lotto
Pantera,incontrarla: fascino ammaliante e pericoloso; 37,37,202,Smorfia napoletana - La vera cabala del lotto
Pantera,esserne assaliti: una donna passionale; 7,7,202,Smorfia napoletana - La vera cabala del lotto
Pantera,ucciderla: hai vinto su una persona violenta; 7,7,202,Smorfia napoletana - La vera cabala del lotto
Pantofole,"nuove: la tua esistenza è pigra, priva di stimoli; 22",22,202,Smorfia napoletana - La vera cabala del lotto
Pantofole,vecchie: piccole difficoltà; 22,22,202,Smorfia napoletana - La vera cabala del lotto
Pantofole,"perderle: novità, possibili miglioramenti; 68",68,202,Smorfia napoletana - La vera cabala del lotto
Pantofole,"regalarle: vorresti l'immobilità di una persona, 90",90,202,Smorfia napoletana - La vera cabala del lotto
Pantofole,comperarle: prevedi un periodo inattivo; 27,27,202,Smorfia napoletana - La vera cabala del lotto
Pantofole,uscire in pantofole: insicurezza negli affari; 29,29,202,Smorfia napoletana - La vera cabala del lotto
Pappagallo,"vederlo: temi le chiacchiere altrui, 60",60,203,Smorfia napoletana - La vera cabala del lotto
Pappagallo,udirlo parlare: si parla molto di te e non a fin di bene; 87,87,203,Smorfia napoletana - La vera cabala del lotto
Pappagallo,dargli da mangiare: il tuo comportamento fa sparlare di te; 6,6,203,Smorfia napoletana - La vera cabala del lotto
Pappagallo,insegnargli a parlare: una persona stupida ti fa perdere tempo; 31,31,203,Smorfia napoletana - La vera cabala del lotto
Parabola,si clemente con i tuoi nemici; 11,11,203,Smorfia napoletana - La vera cabala del lotto
Paradiso,andarci: ritieni di meritarti un'esistenza tranquilla e gioiosa; 22,22,203,Smorfia napoletana - La vera cabala del lotto
Paradiso,viverci: piaceri effimeri; 2,2,203,Smorfia napoletana - La vera cabala del lotto
Paradiso,essere cacciati: soffri di sensi di colpa; 9,9,203,Smorfia napoletana - La vera cabala del lotto
Parasole,"non ami farti notare, 29",29,203,Smorfia napoletana - La vera cabala del lotto
Parenti,sani: tranquillità in famiglia; 33,33,203,Smorfia napoletana - La vera cabala del lotto
Parenti,ammalati: possibile eredità; 64,64,203,Smorfia napoletana - La vera cabala del lotto
Parenti,morti: avranno una vita lunga; 55,55,203,Smorfia napoletana - La vera cabala del lotto
Parenti,parlare con i parenti: problemi familiari mai risolti; 2,2,203,Smorfia napoletana - La vera cabala del lotto
Parlare,con un animale: faticherai a farti comprendere; 44,44,203,Smorfia napoletana - La vera cabala del lotto
Parlare,con un amico: litigi; 61,61,203,Smorfia napoletana - La vera cabala del lotto
Parlare,con una donna: affari discreti; 67,67,203,Smorfia napoletana - La vera cabala del lotto
Parlare,a voce alta: h senti minacciato; 5,5,203,Smorfia napoletana - La vera cabala del lotto
Parlare,a bassa voce: vuoi confidare a qualcuno dei segreti; 27,27,204,Smorfia napoletana - La vera cabala del lotto
Partenza,ti attendono nuove esperienze; 63,63,204,Smorfia napoletana - La vera cabala del lotto
Partenza,di un amico: hai paura di essere abbandonato; 70,70,204,Smorfia napoletana - La vera cabala del lotto
Partenza,di un nemico: vuoi che sparisca; 13,13,204,Smorfia napoletana - La vera cabala del lotto
Partenza,la propria: vuoi lasciare la famiglia; 43,43,204,Smorfia napoletana - La vera cabala del lotto
Partenza,quella dei partner: sospetti inganni e tradimenti; 79,79,204,Smorfia napoletana - La vera cabala del lotto
Partorire,fortuna; 15,15,204,Smorfia napoletana - La vera cabala del lotto
Partorire,sentire dolori: riuscirai a superare nel modo migliore le difficoltà; 17,17,204,Smorfia napoletana - La vera cabala del lotto
Partorire,per un uomo: la tua creatività è al massimo; 21,21,204,Smorfia napoletana - La vera cabala del lotto
Pasqua,rinascita interiore; 52,52,204,Smorfia napoletana - La vera cabala del lotto
Pasqua,"festeggiarla: novità, cambiamenti nella tua vita; 1",1,204,Smorfia napoletana - La vera cabala del lotto
Pasta,lavorarla: sai perfettamente quali sono i tuoi problemi; 52,52,204,Smorfia napoletana - La vera cabala del lotto
Pasta,"spianarla: riuscirai a risolvere una situazione, 12",12,204,Smorfia napoletana - La vera cabala del lotto
Pasta,mangiarla: hai superato delle piccole difficoltà; 56,56,204,Smorfia napoletana - La vera cabala del lotto
Pasta,dolce: i tuoi desideri sono ancora insoddisfatti; 48,48,204,Smorfia napoletana - La vera cabala del lotto
Pasta,scolarla: scegli la situazione che ti è favorevole; 39,39,204,Smorfia napoletana - La vera cabala del lotto
Pasticceria,voluttà; 66,66,204,Smorfia napoletana - La vera cabala del lotto
Pasticceria,entrarci: i tuoi desideri si tramuteranno in realtà; 31,31,204,Smorfia napoletana - La vera cabala del lotto
Pasticceria,"comperare molti dolci: grandi soddisfazioni, 44",44,204,Smorfia napoletana - La vera cabala del lotto
Pasticceria,averla: vorresti cancellare i tuoi desideri; 16,16,205,Smorfia napoletana - La vera cabala del lotto
Pastore,gioia in famiglia; 57,57,205,Smorfia napoletana - La vera cabala del lotto
Pastore,"esserlo: ti consideri un buon padre, 50",50,205,Smorfia napoletana - La vera cabala del lotto
Pastore,che cerca una pecora: un figlio lascerà la tua casa; 75,75,205,Smorfia napoletana - La vera cabala del lotto
Pastore,con molte pecore: la tua famiglia sarà numerosa; 66,66,205,Smorfia napoletana - La vera cabala del lotto
Pastore,con poche pecore: la tua famiglia sarà esigua; 52,52,205,Smorfia napoletana - La vera cabala del lotto
Patata,periodo difficile 31,31,205,Smorfia napoletana - La vera cabala del lotto
Patata,cucinarla: pochi guadagni; 13,13,205,Smorfia napoletana - La vera cabala del lotto
Patata,"sbucciarla: scoprirai la verità su qualcuno, 11",11,205,Smorfia napoletana - La vera cabala del lotto
Patata,mangiarla: la tua famiglia attraversa un momento difficile; 21,21,205,Smorfia napoletana - La vera cabala del lotto
Patata,coltivarla: hai fatto degli investimenti sbagliati; 12,12,205,Smorfia napoletana - La vera cabala del lotto
Patente,perderla: perderai la tua indipendenza;90,90,205,Smorfia napoletana - La vera cabala del lotto
Patente,scaduta: contrattempi che possono anche essere pericolosi; 61,61,205,Smorfia napoletana - La vera cabala del lotto
Patente,non averla: mancanza d'indipendenza; 40,40,205,Smorfia napoletana - La vera cabala del lotto
Patente,prenderla: diventerai autonomo; 19,19,205,Smorfia napoletana - La vera cabala del lotto
Patibolo,salirci: qualcuno h ha minacciato gravemente; 76,76,205,Smorfia napoletana - La vera cabala del lotto
Patibolo,vedersi sul patibolo: una persona si vendicherà di te; 84,84,205,Smorfia napoletana - La vera cabala del lotto
Patibolo,vedere qualcuno sul patibolo: vuoi vendicarti; 13,13,205,Smorfia napoletana - La vera cabala del lotto
Patire,la fame: hai paura che i tuoi affari vadano male; 53,53,205,Smorfia napoletana - La vera cabala del lotto
Patire,la sete: necessiti di un aiuto; 40,40,206,Smorfia napoletana - La vera cabala del lotto
Patire,il freddo: solitudine; 62,62,206,Smorfia napoletana - La vera cabala del lotto
Patto,farai pace con il partner; 32,32,206,Smorfia napoletana - La vera cabala del lotto
Patto,rompere i patti: soffri per non aver mantenuto una promessa; 73,73,206,Smorfia napoletana - La vera cabala del lotto
Paura,"avere paura: insicurezza interiore, mancanza di equilibrio; 32",32,206,Smorfia napoletana - La vera cabala del lotto
Pavimento,sporco: difficoltà; 41,41,206,Smorfia napoletana - La vera cabala del lotto
Pavimento,pulito: equilibrio; 31,31,206,Smorfia napoletana - La vera cabala del lotto
Pavimento,essere seduti sul pavimento: la tua situazione è sicura; 7,7,206,Smorfia napoletana - La vera cabala del lotto
Pavimento,veder crollare il pavimento: una disgrazia sconvolgerà la tua vita; 9,9,206,Smorfia napoletana - La vera cabala del lotto
Pavone,"vederlo: soddisfazioni per il tuo lavoro, 8",8,206,Smorfia napoletana - La vera cabala del lotto
Pavone,che fa la ruota: qualcuno si vanta per una conquista fatta; 16,16,206,Smorfia napoletana - La vera cabala del lotto
Pecora,rassegnazione; 1,1,206,Smorfia napoletana - La vera cabala del lotto
Pecora,nera: cattivo presagio; 13,13,206,Smorfia napoletana - La vera cabala del lotto
Pecora,possederla: probabile perdita al gioco; 60,60,206,Smorfia napoletana - La vera cabala del lotto
Pecora,perderla: un figlio lascerà la tua casa; 2,2,206,Smorfia napoletana - La vera cabala del lotto
Pecora,mangiare la carne: problemi in famiglia; 51,51,206,Smorfia napoletana - La vera cabala del lotto
Peli,depilarsi: vuoi moderare la tua impulsività; 2,2,206,Smorfia napoletana - La vera cabala del lotto
Peli,sul viso per un uomo: vuoi sentirti virile; 16,16,206,Smorfia napoletana - La vera cabala del lotto
Peli,sul viso per una donna: dovresti essere più femminile; 10,10,207,Smorfia napoletana - La vera cabala del lotto
Peli,"averne moltissimi: il tuo istinto li farà correre dei pericoli, 80",80,207,Smorfia napoletana - La vera cabala del lotto
Peli,averne pochi: sei equilibrato: 60,60,207,Smorfia napoletana - La vera cabala del lotto
Peli,averne sullo stomaco: sei deciso e audace; 58,58,207,Smorfia napoletana - La vera cabala del lotto
Peli,averne sulla lingua: non hai fiducia in nessuno; 1,1,207,Smorfia napoletana - La vera cabala del lotto
Pelle,aspetto esteriore; 43,43,207,Smorfia napoletana - La vera cabala del lotto
Pelle,chiara: ti senti onesto sincero; 19,19,207,Smorfia napoletana - La vera cabala del lotto
Pelle,scura: possibili inganni; 26,26,207,Smorfia napoletana - La vera cabala del lotto
Pelle,fresca: vorresti sempre essere giovane e cerchi in tutti i modi di esserlo; 42,42,207,Smorfia napoletana - La vera cabala del lotto
Pelle,"cadente: hai paura di invecchiare, 11",11,207,Smorfia napoletana - La vera cabala del lotto
Pelle,malata: coi tuoi problemi coinvolgi altre persone; 67,67,207,Smorfia napoletana - La vera cabala del lotto
Pelle,di animale: riuscirai a vendicarti di una persona cattiva; 1,1,207,Smorfia napoletana - La vera cabala del lotto
Pelle,abito di pelle: ti senti protetto; 2,2,207,Smorfia napoletana - La vera cabala del lotto
Pendio,salirlo: le tue difficoltà sono di lunga durata; 68,68,207,Smorfia napoletana - La vera cabala del lotto
Pendio,scenderlo: otterrai ogni tipo di facilitazione; 14,14,207,Smorfia napoletana - La vera cabala del lotto
Pendio,vederlo: sospendi i tuoi affari aspetta un momento migliore; 30,30,207,Smorfia napoletana - La vera cabala del lotto
Pendio,scivolarvi: imprevisto spiacevole; 34,34,207,Smorfia napoletana - La vera cabala del lotto
Penitenza,farla: ti attende un periodo motto difficile; 15,15,207,Smorfia napoletana - La vera cabala del lotto
Penitenza,"infliggerla: durezza e ira, 71",71,207,Smorfia napoletana - La vera cabala del lotto
Penitenza,farla per gioco: piccoli dispiaceri; 40,40,208,Smorfia napoletana - La vera cabala del lotto
Penna,per scrivere: lascerai tracce; 76,76,208,Smorfia napoletana - La vera cabala del lotto
Penna,che non scrive: non puoi comunicare una notizia importante; 18,18,208,Smorfia napoletana - La vera cabala del lotto
Penna,di uccello: buone notizie 84,84,208,Smorfia napoletana - La vera cabala del lotto
Penna,sul cappello: allegria; 90,90,208,Smorfia napoletana - La vera cabala del lotto
Pensione,andare in: terni di essere messo a riposo contro la tua volontà; 77,77,208,Smorfia napoletana - La vera cabala del lotto
Pensione,prima dei tempo: non sei sicuro delle tue capacità; 90,90,208,Smorfia napoletana - La vera cabala del lotto
Pensione,essere in una pensione: lascerai per un certo tempo la tua famiglia; 25,25,208,Smorfia napoletana - La vera cabala del lotto
Pentola,è il simbolo della famiglia e della donna in particolare; 60,60,208,Smorfia napoletana - La vera cabala del lotto
Pentola,vuota: delusioni nel matrimonio; 36,36,208,Smorfia napoletana - La vera cabala del lotto
Pentola,"piena: tranquillità in famiglia, 63",63,208,Smorfia napoletana - La vera cabala del lotto
Pentola,al fuoco: sei in attesa di qualcosa; 52,52,208,Smorfia napoletana - La vera cabala del lotto
Pentola,con acqua che bolle: imprevisti; 9,9,208,Smorfia napoletana - La vera cabala del lotto
Pentola,averne molte sul fuoco: riceverai visite di parenti inaspettate; 4,4,208,Smorfia napoletana - La vera cabala del lotto
Pentola,scoperchiarla: stai cercando qualcosa; 15,15,208,Smorfia napoletana - La vera cabala del lotto
Pentola,pesante: affetti duraturi; 3,3,208,Smorfia napoletana - La vera cabala del lotto
Pentola,bucata: butti via le tue energie; 13,13,208,Smorfia napoletana - La vera cabala del lotto
Peonia,possibile dichiarazione d’ amore; 64,64,208,Smorfia napoletana - La vera cabala del lotto
Peonia,regalarla: dichiarazione d’ amore; 5,5,209,Smorfia napoletana - La vera cabala del lotto
Peonia,piantarla: sei profondamente innamorato; 79,79,209,Smorfia napoletana - La vera cabala del lotto
Pepe,attività frenetica 64,64,209,Smorfia napoletana - La vera cabala del lotto
Pepe,metterne sul cibo: farai un lavoro inutile e molto faticoso; 24,24,209,Smorfia napoletana - La vera cabala del lotto
Pepe,mangiarlo: cattiveria; 84,84,209,Smorfia napoletana - La vera cabala del lotto
Peperone,mangiarlo: riuscirai a capire la cattiveria di una persona; 81,81,209,Smorfia napoletana - La vera cabala del lotto
Peperone,cucinarlo: conoscerai e apprezzerai una persona giudicata poco socievole; 23,23,209,Smorfia napoletana - La vera cabala del lotto
Peperone,ripieno: sarai sorpreso dalle qualità di una persona; 27,27,209,Smorfia napoletana - La vera cabala del lotto
Pera,buona posizione economica; 5,5,209,Smorfia napoletana - La vera cabala del lotto
Pera,mangiarla: conquisterai il successo passo dopo passo; 24,24,209,Smorfia napoletana - La vera cabala del lotto
Pera,sbucciarla: prepari il tuo successo con impegno e attenzione; 13,13,209,Smorfia napoletana - La vera cabala del lotto
Perdere,soldi: sei spendaccione; 17,17,209,Smorfia napoletana - La vera cabala del lotto
Perdere,al gioco: a volte rischi inutilmente; 54,54,209,Smorfia napoletana - La vera cabala del lotto
Perdere,"gli abiti: dovrai affrontare una situazione molto, imbarazzante; 46",46,209,Smorfia napoletana - La vera cabala del lotto
Perdere,qualche cosa di prezioso: perderai un amicizia; 18,18,209,Smorfia napoletana - La vera cabala del lotto
Perdere,le scarpe: povertà; 55,55,209,Smorfia napoletana - La vera cabala del lotto
Perdono,ti senti in colpa per qualcosa; 40,40,209,Smorfia napoletana - La vera cabala del lotto
Perdono,chiederlo: hai ammesso le tue colpe; 82,82,210,Smorfia napoletana - La vera cabala del lotto
Pergamena,leggerai qualcosa di molto importante; 32,32,210,Smorfia napoletana - La vera cabala del lotto
Pergamena,trovare una pergamena: un testamento; 16,16,210,Smorfia napoletana - La vera cabala del lotto
Pergamena,scrivere sulla pergamena: devi comunicare qualcosa di importante: 5,5,210,Smorfia napoletana - La vera cabala del lotto
Pericolo,"ti senti in difficoltà, 56",56,210,Smorfia napoletana - La vera cabala del lotto
Pericolo,"essere in pericolo: sei insicuro, non hai fiducia nelle tue possibilità; 9",9,210,Smorfia napoletana - La vera cabala del lotto
Pericolo,"correre un pericolo: devi essere più deciso, solo così risolverai i tuoi problemi; 17",17,210,Smorfia napoletana - La vera cabala del lotto
Pericolo,cercare il: non vuoi mai rischiare; 58,58,210,Smorfia napoletana - La vera cabala del lotto
Perle,comperarle: futuro incerto; 72,72,210,Smorfia napoletana - La vera cabala del lotto
Perle,venderle: concluderai dei pessimi affari; 90,90,210,Smorfia napoletana - La vera cabala del lotto
Perle,vederle: tristezza; 63,63,210,Smorfia napoletana - La vera cabala del lotto
Perle,perderle: la tua vita migliorerà; 84,84,210,Smorfia napoletana - La vera cabala del lotto
Perle,riceverle in dono: ti attendono grossi dispiaceri; 33,33,210,Smorfia napoletana - La vera cabala del lotto
Perle,regalarle: farai soffrire quella persona; 9,9,210,Smorfia napoletana - La vera cabala del lotto
Perle,"infilarle: noia, solitudine, 9/90",9 90,210,Smorfia napoletana - La vera cabala del lotto
Perle,pescarle: povertà; 36,36,210,Smorfia napoletana - La vera cabala del lotto
Pero,albero: vivrai una storia d'amore molto complicata; 3,3,210,Smorfia napoletana - La vera cabala del lotto
Pero,carico di pere: la tua vita amorosa avrà parecchi fastidi; 9,9,210,Smorfia napoletana - La vera cabala del lotto
Pero,chiuderle: ami la solitudine; 28,28,211,Smorfia napoletana - La vera cabala del lotto
Persona,conosciuta: rappresenta un lato del tuo carattere; 19,19,211,Smorfia napoletana - La vera cabala del lotto
Persona,sconosciuta: farai delle nuove conoscenze; 12,12,211,Smorfia napoletana - La vera cabala del lotto
Persona,"amica: buon auspicio, 75",75,211,Smorfia napoletana - La vera cabala del lotto
Persona,nemica: brutto periodo; 4,4,211,Smorfia napoletana - La vera cabala del lotto
Personalita,averla forte: così vorresti essere; 78,78,211,Smorfia napoletana - La vera cabala del lotto
Personalita,"averla debole: manchi d'autorità, 17",17,211,Smorfia napoletana - La vera cabala del lotto
Personalita,cambiarla: rinnegherai i tuoi principi; 90,90,211,Smorfia napoletana - La vera cabala del lotto
Personalita,"pesci piccoli: innocenti discussioni amorose, 73",73,211,Smorfia napoletana - La vera cabala del lotto
Personalita,pesci grandi: farai una conquista molto importante; 33,33,211,Smorfia napoletana - La vera cabala del lotto
Personalita,veder pescare: verrai tradito; 44,44,211,Smorfia napoletana - La vera cabala del lotto
Personalita,"con le reti: qualcuno con te cadrà in un tranello, 76",76,211,Smorfia napoletana - La vera cabala del lotto
Personalita,all'amo: inganno celato; 5,5,211,Smorfia napoletana - La vera cabala del lotto
Pesce,vederlo: una persona sfuggente; 24,24,211,Smorfia napoletana - La vera cabala del lotto
Pesce,"piccolo: fastidi, contrattempi; 29",29,211,Smorfia napoletana - La vera cabala del lotto
Pesce,grande: buon successo; 12,12,211,Smorfia napoletana - La vera cabala del lotto
Pesce,colorati: momenti piacevoli; 17,17,211,Smorfia napoletana - La vera cabala del lotto
Pesce,vederne molti: il successo ti sorriderà presto; 73,73,211,Smorfia napoletana - La vera cabala del lotto
Pesce,vederli in acqua: fortuna in amore; 39,39,211,Smorfia napoletana - La vera cabala del lotto
Pesce,"morto: pessimo presagio, probabile malattia; 37",37,212,Smorfia napoletana - La vera cabala del lotto
Pesce,rosso: tranquillità; 19,19,212,Smorfia napoletana - La vera cabala del lotto
Pesce,mangiarli: brevi avventure; 26,26,212,Smorfia napoletana - La vera cabala del lotto
Pesce,mangiarne molti: avrai una vita sentimentale molto ricca; 65,65,212,Smorfia napoletana - La vera cabala del lotto
Pesce,vederli fuori dall'acqua: vivrai una situazione pericolosa; 23,23,212,Smorfia napoletana - La vera cabala del lotto
Pesce,salati: dovrai lottare con la povertà; 30,30,212,Smorfia napoletana - La vera cabala del lotto
Pesce,"fritti: problemi, 81/87",81 87,212,Smorfia napoletana - La vera cabala del lotto
Pesce,arrostirli: probabile matrimonio; 28,28,212,Smorfia napoletana - La vera cabala del lotto
Pesce,vederli nascere: gioia e salute: 38/83,38 83,212,Smorfia napoletana - La vera cabala del lotto
Pesco,attraverserai un periodo tranquillo; 19,19,212,Smorfia napoletana - La vera cabala del lotto
Peste,temi di essere emarginato; 32,32,212,Smorfia napoletana - La vera cabala del lotto
Peste,avere la peste: attraverserai un periodo molto difficile; 54,54,212,Smorfia napoletana - La vera cabala del lotto
Peste,guarire dalla peste: ritroverai la serenità; 12,12,212,Smorfia napoletana - La vera cabala del lotto
Petrolio,trovarlo: fortuna inattesa; 41,41,212,Smorfia napoletana - La vera cabala del lotto
Petrolio,venderlo: guadagni; 67,67,212,Smorfia napoletana - La vera cabala del lotto
Pettinare,pettinarsi: cambiamenti; 84,84,212,Smorfia napoletana - La vera cabala del lotto
Pettinare,essere pettinati: una persona ti sta adulando; 47,47,212,Smorfia napoletana - La vera cabala del lotto
Pettinare,i baffi: vuoi metterti in mostra: 63,63,212,Smorfia napoletana - La vera cabala del lotto
Pettirosso,udirlo cantare: pettegolezzi; 61,61,213,Smorfia napoletana - La vera cabala del lotto
Petto,"emozioni, 50",50,213,Smorfia napoletana - La vera cabala del lotto
Petto,malato; insoddisfazioni; 41,41,213,Smorfia napoletana - La vera cabala del lotto
Petto,ferito: stai soffrendo per una storia d'amore; 6,6,213,Smorfia napoletana - La vera cabala del lotto
Petto,per un uomo averlo bello: successo con le donne; 67,67,213,Smorfia napoletana - La vera cabala del lotto
Piaga,tristi ricordi; 40,40,213,Smorfia napoletana - La vera cabala del lotto
Piaga,metterci un dito: non cerchi di evitare una sofferenza; 36,36,213,Smorfia napoletana - La vera cabala del lotto
Piaga,che si riapre: qualcosa che avevi cercato di dimenticare ti fa ancora soffrire; 50,50,213,Smorfia napoletana - La vera cabala del lotto
Piaga,avere molte piaghe sul corpo: momenti difficili; 65,65,213,Smorfia napoletana - La vera cabala del lotto
Piangere,senza motivo: avrai dispiaceri; 41,41,213,Smorfia napoletana - La vera cabala del lotto
Piangere,per la morte di qualcuno: il momento è favorevole: 87,87,213,Smorfia napoletana - La vera cabala del lotto
Piangere,di gioia: un periodo molto triste è finito; 2,2,213,Smorfia napoletana - La vera cabala del lotto
Piangere,veder piangere: pensi di essere responsabile della tristezza di quella persona; 9,9,213,Smorfia napoletana - La vera cabala del lotto
Piangere,per i propri errori: sei passivo; 53,53,213,Smorfia napoletana - La vera cabala del lotto
Piatti,pieni: i tuoi desideri si avvereranno; 74,74,213,Smorfia napoletana - La vera cabala del lotto
Piatti,vuoti: insoddisfazioni; 83,83,213,Smorfia napoletana - La vera cabala del lotto
Piatti,romperli: lite con il partner: 21,21,213,Smorfia napoletana - La vera cabala del lotto
Piatti,lavarli: piccoli contrattempi; 29,29,213,Smorfia napoletana - La vera cabala del lotto
Piazza,deserta: hai bisogno di qualcuno che ti aiuti nel tuo lavoro; 70,70,214,Smorfia napoletana - La vera cabala del lotto
Piazza,vederla: momento sociale; 72,72,214,Smorfia napoletana - La vera cabala del lotto
Piazza,"piena di gente: è il tuo momento, non farti spaventare dalle difficoltà; 82",82,214,Smorfia napoletana - La vera cabala del lotto
Piazza,di paese: troverai un socio per i tuoi affari; 6,6,214,Smorfia napoletana - La vera cabala del lotto
Piazza,di città: devi rispettare le regole: 13,13,214,Smorfia napoletana - La vera cabala del lotto
Piazza,lavorare in piazza: non riesci a mantenere un segreto; 18,18,214,Smorfia napoletana - La vera cabala del lotto
Piazza,bella ed elegante: farai buoni affari; 3,3,214,Smorfia napoletana - La vera cabala del lotto
Piazza,dei mercato: mancanza di soldi; 15,15,214,Smorfia napoletana - La vera cabala del lotto
Picchiare,un amico: commetterai un'azione di cui dovrai pentirti; 72,72,214,Smorfia napoletana - La vera cabala del lotto
Picchiare,"uno sconosciuto: ami mostrarti deciso, sicuro; 71",71,214,Smorfia napoletana - La vera cabala del lotto
Picchiare,la moglie: compirai un errore madornale; 5,5,214,Smorfia napoletana - La vera cabala del lotto
Picchiare,il marito: vorresti delle rivincite; 46,46,214,Smorfia napoletana - La vera cabala del lotto
Picchiare,un parente: problemi familiari che non si risolvono; 4,4,214,Smorfia napoletana - La vera cabala del lotto
Picchiare,animali: una persona ha compreso il tuo segreto; 70,70,214,Smorfia napoletana - La vera cabala del lotto
Piccione,esistenza tranquilla ma modesta; 60,60,214,Smorfia napoletana - La vera cabala del lotto
Piccione,vederne molti: alcune persone poco astute parlano male di te; 20,20,214,Smorfia napoletana - La vera cabala del lotto
Piccione,in piccionaia: invidi le coppie che conosci; 41,41,214,Smorfia napoletana - La vera cabala del lotto
Piccione,catturarli: riuscirai ad ottenere quello che ti prefiggi; 26,26,214,Smorfia napoletana - La vera cabala del lotto
Piccione,vederne uno bianco: successo negli affari; 6,6,215,Smorfia napoletana - La vera cabala del lotto
Pidocchi,vederli: sei consapevole di una situazione che può crearti dei problemi; 7,7,215,Smorfia napoletana - La vera cabala del lotto
Pidocchi,ucciderli: riuscirai a liberarti di qualcuno molto fastidioso; 31,31,215,Smorfia napoletana - La vera cabala del lotto
Pidocchi,averli addosso: quando meno te lo aspetti sarai attaccato da più parti; 21,21,215,Smorfia napoletana - La vera cabala del lotto
Piedi,spirito d'iniziativa; 6,6,215,Smorfia napoletana - La vera cabala del lotto
Piedi,averli sani: sei in grado di affrontare le difficoltà; 5,5,215,Smorfia napoletana - La vera cabala del lotto
Piedi,averne uno ammalato: dovrai rallentare la tua attività; 14,14,215,Smorfia napoletana - La vera cabala del lotto
Piedi,averli nudi: riuscirai ad agire meglio anche se correrai maggiori pericoli; 19,19,215,Smorfia napoletana - La vera cabala del lotto
Piedi,averli sporchi: problemi in famiglia; 12,12,215,Smorfia napoletana - La vera cabala del lotto
Piedi,averli legati: una persona ti. costringerà a rinunciare ai tuoi piani; 35,35,215,Smorfia napoletana - La vera cabala del lotto
Piedi,averli amputati: breve infermità; 19/80,19 80,215,Smorfia napoletana - La vera cabala del lotto
Piedi,grattarseli: il tuo lavoro subirà un rallentamento; 4,4,215,Smorfia napoletana - La vera cabala del lotto
Piedi,averli doloranti: hai rischiato troppo; 69,69,215,Smorfia napoletana - La vera cabala del lotto
Piedi,lavarseli: ti sei pentito con umiltà; 39,39,215,Smorfia napoletana - La vera cabala del lotto
Piedi,lavarseli in una fontana: probabile malattia; 50,50,215,Smorfia napoletana - La vera cabala del lotto
Piegare,qualche cosa: prepotenza; 73,73,215,Smorfia napoletana - La vera cabala del lotto
Piegare,la testa: ti sottometti a chi è autoritario con te; 8,8,215,Smorfia napoletana - La vera cabala del lotto
Pietra,insensibilità; 72,72,215,Smorfia napoletana - La vera cabala del lotto
Pietra,essere di pietra: hai il cuore molto duro; 45,45,216,Smorfia napoletana - La vera cabala del lotto
Pietra,"che rotola: attenzione ad un pericolo, devi modificare ì tuoi piani; 11",11,216,Smorfia napoletana - La vera cabala del lotto
Pietra,vederla in casa propria: sei minacciato; 38,38,216,Smorfia napoletana - La vera cabala del lotto
Pietra,vederla sullo strada: una persona ti intralcerà; 66,66,216,Smorfia napoletana - La vera cabala del lotto
Pietra,lanciarne una: malinconia; 36,36,216,Smorfia napoletana - La vera cabala del lotto
Pietre,preziose: buon auspicio 62,62,216,Smorfia napoletana - La vera cabala del lotto
Pietre,farne collezione: ti piace essere lodato; 51,51,216,Smorfia napoletana - La vera cabala del lotto
Pietre,vederla: l'apparenza inganna; 6,6,216,Smorfia napoletana - La vera cabala del lotto
Pietre,riceverla: guadagni inattesi; 5,5,216,Smorfia napoletana - La vera cabala del lotto
Pietre,vederle: buoni affari; 53,53,216,Smorfia napoletana - La vera cabala del lotto
Pigro,esserlo: in verità sei superefficiente e hai bisogno di riposo; 8,8,216,Smorfia napoletana - La vera cabala del lotto
Pila,risorse nascoste; 24,24,216,Smorfia napoletana - La vera cabala del lotto
Pila,cambiare le pile: ti butterai nel tuo lavoro con maggior foga; 55,55,216,Smorfia napoletana - La vera cabala del lotto
Pila,comperarle: hai una buona riserva di energia; 21,21,216,Smorfia napoletana - La vera cabala del lotto
Pila,scariche: sei stanco; 81,81,216,Smorfia napoletana - La vera cabala del lotto
Pilastro,vederlo: vorresti essere forte ed equilibrato; 61,61,217,Smorfia napoletana - La vera cabala del lotto
Pilastro,abbatterlo: vincerai una persona che pensavi invincibile; 44,44,217,Smorfia napoletana - La vera cabala del lotto
Pilastro,appoggiarvisi: sarai aiutato da qualcuno; 66,66,217,Smorfia napoletana - La vera cabala del lotto
Pillola,"ingoiarla: la forza necessaria devi trovarla dentro di te, 7",7,217,Smorfia napoletana - La vera cabala del lotto
Pillola,"vederla: stai affannosamente cercando un rimedio, 70",70,217,Smorfia napoletana - La vera cabala del lotto
Pillola,sputarla: ritieni inutili i consigli che ti vengono dati; 35,35,217,Smorfia napoletana - La vera cabala del lotto
Pillola,darla a qualcuno: hai brutte idee in testa; 80,80,217,Smorfia napoletana - La vera cabala del lotto
Pilota,esserlo: ti piacerebbe avere più potere; 50,50,217,Smorfia napoletana - La vera cabala del lotto
Pilota,vederlo: provi ammirazione per una persona più decisa di te; 49,49,217,Smorfia napoletana - La vera cabala del lotto
Pilota,di aereo: non puoi sbagliare; 6,6,217,Smorfia napoletana - La vera cabala del lotto
Pilota,di nave: sei responsabile di molte persone; 25,25,217,Smorfia napoletana - La vera cabala del lotto
Pioggia,ricchezza; 12,12,217,Smorfia napoletana - La vera cabala del lotto
Pioggia,con il sole: troverai una via d'uscita; 48,48,217,Smorfia napoletana - La vera cabala del lotto
Pioggia,leggera: malinconia; 20,20,217,Smorfia napoletana - La vera cabala del lotto
Pioggia,violenta: le preoccupazioni ti assilleranno; 6,6,217,Smorfia napoletana - La vera cabala del lotto
Pioggia,vederla: non ti senti coinvolto dai problemi altrui; 52,52,217,Smorfia napoletana - La vera cabala del lotto
Pioggia,prenderla: i tuoi familiari riversano i problemi su di te; 63,63,217,Smorfia napoletana - La vera cabala del lotto
Pioggia,d'oro: gioia; 24,24,217,Smorfia napoletana - La vera cabala del lotto
Pioggia,d'argento: preoccupazioni; 76,76,217,Smorfia napoletana - La vera cabala del lotto
Pioppo,sei egoista; 89,89,218,Smorfia napoletana - La vera cabala del lotto
Pioppo,essere all'ombra di un pioppo: fine della tua carriera; 6,6,218,Smorfia napoletana - La vera cabala del lotto
Pioppo,vederne molti: avrai contro molte persone; 63,63,218,Smorfia napoletana - La vera cabala del lotto
Pipa,fumarla: timidezza; 33,33,218,Smorfia napoletana - La vera cabala del lotto
Pipa,romperla: grossi dispiaceri; 56,56,218,Smorfia napoletana - La vera cabala del lotto
Pipistrello,in casa: sei preoccupato per la salute dei tuoi familiari; 9,9,218,Smorfia napoletana - La vera cabala del lotto
Pipistrello,vederlo che vota: dispiaceri; 83,83,218,Smorfia napoletana - La vera cabala del lotto
Pipistrello,vederlo che vola sulla tua testa: malattia agli occhi; 15,15,218,Smorfia napoletana - La vera cabala del lotto
Piramide,costruirla: pretendi troppo da te stesso; 48,48,218,Smorfia napoletana - La vera cabala del lotto
Piramide,entrarvi: scoprirai dei segreti; 59,59,218,Smorfia napoletana - La vera cabala del lotto
Piramide,vederla: vuoi imitare chi è riuscito nella vita; 55,55,218,Smorfia napoletana - La vera cabala del lotto
Piramide,vedere la propria: non avrai successo; 48,48,218,Smorfia napoletana - La vera cabala del lotto
Piscina,nuotare in piscina: tutto fila a meraviglia; 6,6,218,Smorfia napoletana - La vera cabala del lotto
Piscina,senza acqua: insidie 20,20,218,Smorfia napoletana - La vera cabala del lotto
Piscina,tuffársi: non ami rischiare; 31,31,218,Smorfia napoletana - La vera cabala del lotto
Piselli,discussioni in famiglia; 41,41,218,Smorfia napoletana - La vera cabala del lotto
Piselli,secchi: devi aspettare ancora molto prima di sposarti; 31,31,218,Smorfia napoletana - La vera cabala del lotto
Piselli,verdi: matrimonio contrastato; 71,71,218,Smorfia napoletana - La vera cabala del lotto
Piselli,mangiarli: inutili discussioni: 15,15,218,Smorfia napoletana - La vera cabala del lotto
Piselli,"piantarti: farai motti progressi, 33",33,218,Smorfia napoletana - La vera cabala del lotto
Piselli,sgranarli: non sei ancora completamente indipendente; 2,2,219,Smorfia napoletana - La vera cabala del lotto
Pistola,inceppata: il coraggio ti ha abbandonato; 37,37,219,Smorfia napoletana - La vera cabala del lotto
Pistola,scarica: non hai nessuna possibilità di raggiungere i tuoi scopi; 3,3,219,Smorfia napoletana - La vera cabala del lotto
Pistola,giocattolo: finte minacce; 64,64,219,Smorfia napoletana - La vera cabala del lotto
Pistola,tenerla in mano: vuoi farti valere; 80,80,219,Smorfia napoletana - La vera cabala del lotto
Pistola,sparare: la tua decisione ti procurerà dispiaceri anche se avrai successo; 6,6,219,Smorfia napoletana - La vera cabala del lotto
Pistola,sparare senza volerlo: sei troppo insicuro; 7,7,219,Smorfia napoletana - La vera cabala del lotto
Pittore,esserlo: non basta fantasticare per avere successo; 8,8,219,Smorfia napoletana - La vera cabala del lotto
Pittore,essere un pittore famoso: futuri problemi economici; 37,37,219,Smorfia napoletana - La vera cabala del lotto
Pittore,vederlo: devi smetterla di illuderti; 7,7,219,Smorfia napoletana - La vera cabala del lotto
Piume,di uccelli: sfortuna; 62,62,219,Smorfia napoletana - La vera cabala del lotto
Piume,vederle volare: ti farai distrarre da molte cose; 33,33,219,Smorfia napoletana - La vera cabala del lotto
Piume,bianche: ricchezza; 85,85,219,Smorfia napoletana - La vera cabala del lotto
Piume,mangiarne: amarezza; 71,71,219,Smorfia napoletana - La vera cabala del lotto
Piume,nere: i tuoi affari subiranno dei ritardi; 17,17,219,Smorfia napoletana - La vera cabala del lotto
Piume,"essere ricoperto di piume: comprensione e affetto, 42",42,219,Smorfia napoletana - La vera cabala del lotto
Platano,"vederne molti: buttati, è il tuo momento; 11",11,219,Smorfia napoletana - La vera cabala del lotto
Podere,venderlo: il futuro ti preoccupa; 21,21,220,Smorfia napoletana - La vera cabala del lotto
Podere,comperarlo: buoni affari; 3,3,220,Smorfia napoletana - La vera cabala del lotto
Poesia,scriverla: immagini un tuo mondo; 28,28,220,Smorfia napoletana - La vera cabala del lotto
Poesia,leggerla: sei sensibile e manchi di praticità; 15,15,220,Smorfia napoletana - La vera cabala del lotto
Polenta,"semplicità di vita, 10",10,220,Smorfia napoletana - La vera cabala del lotto
Polenta,mangiarla: buona salute; 89,89,220,Smorfia napoletana - La vera cabala del lotto
Polenta,cucinarla: coerenza; 41,41,220,Smorfia napoletana - La vera cabala del lotto
Pollaio,vederlo: la tua vita h dà poche soddisfazioni; 80,80,220,Smorfia napoletana - La vera cabala del lotto
Pollaio,entrarvi: accetti i pettegolezzi che fanno su di te; 41,41,220,Smorfia napoletana - La vera cabala del lotto
Pollice,tagliato: un bravo collaboratore ti lascerà; 6,6,220,Smorfia napoletana - La vera cabala del lotto
Pollo,fortuna passeggera; 87,87,220,Smorfia napoletana - La vera cabala del lotto
Pollo,cucinarlo: soddisfazioni familiari; 89,89,220,Smorfia napoletana - La vera cabala del lotto
Pollo,spennarlo: ti vendicherai di chi ha parlato male di te; 9,9,220,Smorfia napoletana - La vera cabala del lotto
Pollo,mangiarlo: buona situazione finanziaria; 32,32,220,Smorfia napoletana - La vera cabala del lotto
Polmone,malato: la famiglia ti soffoca; 51,51,221,Smorfia napoletana - La vera cabala del lotto
Polmone,sano: ti senti libero e autosufficiente; 69,69,221,Smorfia napoletana - La vera cabala del lotto
Polmone,ferito: una persona vuole toglierti di mezzo; 40,40,221,Smorfia napoletana - La vera cabala del lotto
Polmone,mangiarlo: delusioni; 63,63,221,Smorfia napoletana - La vera cabala del lotto
Polpaccio,decisione: 42,42,221,Smorfia napoletana - La vera cabala del lotto
Polpaccio,essere morso: una persona è invidiosa di te; 64,64,221,Smorfia napoletana - La vera cabala del lotto
Polpaccio,averlo ferito: i tuoi programmi saranno contrastati; 56,56,221,Smorfia napoletana - La vera cabala del lotto
Polpastrello,sensibilità; 74,74,221,Smorfia napoletana - La vera cabala del lotto
Polpastrello,non averlo: manchi di sensibilità; 77,77,221,Smorfia napoletana - La vera cabala del lotto
Polso,carattere; 81,81,221,Smorfia napoletana - La vera cabala del lotto
Polso,"debole: timidezza, insicurezza; 34",34,221,Smorfia napoletana - La vera cabala del lotto
Polso,"forte: decisione, coraggio; 22",22,221,Smorfia napoletana - La vera cabala del lotto
Polso,"ferito: dovrai lottare duramente per vincere, 39",39,221,Smorfia napoletana - La vera cabala del lotto
Polso,tagliarlo: temi per la tua salute; 44,44,221,Smorfia napoletana - La vera cabala del lotto
Poltrona,comoda: una donna accondiscende;87,87,221,Smorfia napoletana - La vera cabala del lotto
Poltrona,scomoda: litigi con il partner; 72,72,221,Smorfia napoletana - La vera cabala del lotto
Poltrona,dormirci: visite inattese; 43,43,221,Smorfia napoletana - La vera cabala del lotto
Poltrona,acquistarne una nuova: la tua vita migliorerà; 74,74,221,Smorfia napoletana - La vera cabala del lotto
Poltrona,essere seduti: probabile malattia; 86,86,222,Smorfia napoletana - La vera cabala del lotto
Polvere,confusione mentale; 48,48,222,Smorfia napoletana - La vera cabala del lotto
Polvere,sugli abiti: tristezza; 47,47,222,Smorfia napoletana - La vera cabala del lotto
Polvere,da spero: situazione pericolosa; 32,32,222,Smorfia napoletana - La vera cabala del lotto
Polvere,in casa propria: problemi e incomprensioni familiari 36,36,222,Smorfia napoletana - La vera cabala del lotto
Polvere,esserne coperti: il lavoro ti ha portato ad avere dei sensi di colpa; 53,53,222,Smorfia napoletana - La vera cabala del lotto
Pomata,speri di riuscire a risolvere una situazione; 72,72,222,Smorfia napoletana - La vera cabala del lotto
Pomata,"spalmarla: troverai dei rimedi, 9",9,222,Smorfia napoletana - La vera cabala del lotto
Pomata,comperarla: è giunto il momento di prendere dei provvedimenti; 43,43,222,Smorfia napoletana - La vera cabala del lotto
Pomata,spalmarla a qualcuno: una persona ti sarà riconoscente; 82,82,222,Smorfia napoletana - La vera cabala del lotto
Pomata,farsela spalmare: qualcuno ti aiuterà; 37,37,222,Smorfia napoletana - La vera cabala del lotto
Pomodoro,probabile storia d'amore; 46,46,222,Smorfia napoletana - La vera cabala del lotto
Pomodoro,raccoglierlo: ti innamorerai di una persona passionale; 22,22,222,Smorfia napoletana - La vera cabala del lotto
Pomodoro,vederne molti: invidi chi è più ricco di te; 25,25,222,Smorfia napoletana - La vera cabala del lotto
Pomodoro,"mangiarlo: successo in amore, 11",11,222,Smorfia napoletana - La vera cabala del lotto
Ponte,attraversarlo: riuscirai a risolvere i tuoi problemi; 8,8,222,Smorfia napoletana - La vera cabala del lotto
Ponte,vederlo: ottimismo; 68,68,222,Smorfia napoletana - La vera cabala del lotto
Ponte,costruirlo: non ti abbatti mai; 14,14,222,Smorfia napoletana - La vera cabala del lotto
Ponte,cadere da un ponte: hai commesso un errore di valutazione; 17,17,222,Smorfia napoletana - La vera cabala del lotto
Ponte,passarvi sotto: dovrai ricominciare da capo; 36,36,222,Smorfia napoletana - La vera cabala del lotto
Ponte,vederne uno lungo: supererai grosse difficoltà; 42,42,223,Smorfia napoletana - La vera cabala del lotto
Ponte,ponticello: piccoli problemi; 57,57,223,Smorfia napoletana - La vera cabala del lotto
Ponte,bruciato: un'amicizia finirà; 31,31,223,Smorfia napoletana - La vera cabala del lotto
Ponte,ponte levatoio: cerca di essere più clemente con il prossimo; 10,10,223,Smorfia napoletana - La vera cabala del lotto
Porcellana,acquistarla: ti sei preso un difficile impegno; 18,18,223,Smorfia napoletana - La vera cabala del lotto
Porcellana,romperla: sei molto insicuro; 60,60,223,Smorfia napoletana - La vera cabala del lotto
Porcellana,vederla: stai vivendo una situazione molto delicata 2,2,223,Smorfia napoletana - La vera cabala del lotto
Porcellino,mangiarlo: benessere; 69,69,223,Smorfia napoletana - La vera cabala del lotto
Porcellino,vederne molti: farai ottimi affari; 35,35,223,Smorfia napoletana - La vera cabala del lotto
Porcile,pieno: affari disonesti: 8,8,223,Smorfia napoletana - La vera cabala del lotto
Porcile,vuoto: sei senza scrupoli e avrai delle delusioni; 71,71,223,Smorfia napoletana - La vera cabala del lotto
Porcile,viverci: provi disprezzo per le persone che to circondano; 23,23,223,Smorfia napoletana - La vera cabala del lotto
Porcospino,vederlo: devi amarti di più; 61,61,223,Smorfia napoletana - La vera cabala del lotto
Porro,rabbia repressa; 10,10,223,Smorfia napoletana - La vera cabala del lotto
Porro,mangiarlo: una persona vuole fard dei male; 23,23,223,Smorfia napoletana - La vera cabala del lotto
Porro,comperarlo: discussioni in famiglia; 5,5,223,Smorfia napoletana - La vera cabala del lotto
Porta,aperta: successo; 68,68,224,Smorfia napoletana - La vera cabala del lotto
Porta,chiusa: dovrai superare molti ostacoli; 86,86,224,Smorfia napoletana - La vera cabala del lotto
Porta,chiuderla: ti isoli volontariamente; 22,22,224,Smorfia napoletana - La vera cabala del lotto
Porta,sfondare una porta: sei stato troppo impetuoso; 4,4,224,Smorfia napoletana - La vera cabala del lotto
Porta,sfondare una porta aperta: non correre inutili rischi; 7,7,224,Smorfia napoletana - La vera cabala del lotto
Porta,uscire da quella di servizio: devi nascondere qualcosa; 9,9,224,Smorfia napoletana - La vera cabala del lotto
Porta,sbatterla in faccia a qualcuno: fine di un'amicizia; 24,24,224,Smorfia napoletana - La vera cabala del lotto
Porta,essere dietro ad una porta: verrai a sapere molti segreti; 21,21,224,Smorfia napoletana - La vera cabala del lotto
Porta,essere fuori da una porta: ti senti escluso; 37,37,224,Smorfia napoletana - La vera cabala del lotto
Portafoglio,perderlo: sfumeranno dei buoni affari;70,70,224,Smorfia napoletana - La vera cabala del lotto
Portafoglio,vuoto: desideri insoddisfatti; 60,60,224,Smorfia napoletana - La vera cabala del lotto
Portafoglio,trovarlo: guadagni inaspettati; 16,16,224,Smorfia napoletana - La vera cabala del lotto
Portafoglio,dimenticarlo: eredità; 42,42,224,Smorfia napoletana - La vera cabala del lotto
Portafoglio,esserne derubato: sei molto diffidente; 49,49,224,Smorfia napoletana - La vera cabala del lotto
Portare,oggetti: sai far fronte alle tue responsabilità; 63,63,224,Smorfia napoletana - La vera cabala del lotto
Portare,oggetti pesanti: molti contano su di te; 84,84,224,Smorfia napoletana - La vera cabala del lotto
Porto,entrarvi: buon auspicio; 38,38,224,Smorfia napoletana - La vera cabala del lotto
Porto,vederlo: potrai riposarti; 60,60,224,Smorfia napoletana - La vera cabala del lotto
Posate,d'oro: acquisterai stima; 26,26,225,Smorfia napoletana - La vera cabala del lotto
Posate,d'argento: il piace il lusso ma non lo ostenti; 22,22,225,Smorfia napoletana - La vera cabala del lotto
Posate,di ferro: sicurezza economica; 42,42,225,Smorfia napoletana - La vera cabala del lotto
Posate,di legno: sei molto tradizionalista e vuoi continuare ad esserlo; 9,9,225,Smorfia napoletana - La vera cabala del lotto
Posate,usare: sei imbarazzato se mangi con estranei; 80,80,225,Smorfia napoletana - La vera cabala del lotto
Posate,usarle male: temi che i tuoi difetti vengano scoperti; 24,24,225,Smorfia napoletana - La vera cabala del lotto
Posta,riceverla: e il tuo desiderio; 33,33,225,Smorfia napoletana - La vera cabala del lotto
Posta,attenderla: aspetti notizie da chi ami; 11,11,225,Smorfia napoletana - La vera cabala del lotto
Posta,leggerla: riceverai buone notizie che ti tranquillizzeranno; 84,84,225,Smorfia napoletana - La vera cabala del lotto
Postino,esserlo: comunicherai una buona notizia ad un amico che ti attende; 9,9,225,Smorfia napoletana - La vera cabala del lotto
Povero,esserlo: vuoi sempre essere aiutato da tutti; 74,74,225,Smorfia napoletana - La vera cabala del lotto
Povero,vedere dei poveri: temi di perdere le tue ricchezze;22,22,225,Smorfia napoletana - La vera cabala del lotto
Pozzanghera,problemi passeggeri; 34,34,225,Smorfia napoletana - La vera cabala del lotto
Pozzanghera,superarla: non cadere in tentazione; 32,32,225,Smorfia napoletana - La vera cabala del lotto
Pozzanghera,cadervi: non mantieni un impegno preso; 29,29,225,Smorfia napoletana - La vera cabala del lotto
Pozzo,attingervi acqua: salute e ricchezza; 63,63,225,Smorfia napoletana - La vera cabala del lotto
Pozzo,con acqua pulita: momento favorevole; 77,77,225,Smorfia napoletana - La vera cabala del lotto
Pozzo,con acqua sporca: una situazione apparentemente facile; 87,87,225,Smorfia napoletana - La vera cabala del lotto
Pozzo,con acqua avvelenata verrai tradito; 26,26,226,Smorfia napoletana - La vera cabala del lotto
Pozzo,senza acqua: periodo sfortunato: 35,35,226,Smorfia napoletana - La vera cabala del lotto
Pozzo,scavarlo: ritornerai in forza 17,17,226,Smorfia napoletana - La vera cabala del lotto
Pozzo,cadervi: situazione pericolosa; 36,36,226,Smorfia napoletana - La vera cabala del lotto
Pozzo,pulirlo: subirai un affronto; 6,6,226,Smorfia napoletana - La vera cabala del lotto
Pozzo,averlo in casa: fortuna; 3,3,226,Smorfia napoletana - La vera cabala del lotto
Pozzo,"buttarvi qualcuno: sei tu che corri un pericolo, 77/83",77 83,226,Smorfia napoletana - La vera cabala del lotto
Prato,verde: pochi guadagni; 39,39,226,Smorfia napoletana - La vera cabala del lotto
Prato,fiorito: supererai una brutta malattia; 8,8,226,Smorfia napoletana - La vera cabala del lotto
Prato,camminarci: puoi ancora riuscire ad avere successo; 5,5,226,Smorfia napoletana - La vera cabala del lotto
Prato,correre: un tuo affare non andrà a buon fine; 67,67,226,Smorfia napoletana - La vera cabala del lotto
Precipitare,instabilità interiore; 52,52,226,Smorfia napoletana - La vera cabala del lotto
Pregare,hai bisogno di essere aiutato; 19,19,226,Smorfia napoletana - La vera cabala del lotto
Pregare,qualcuno: vorresti chiedere un favore ma non trovi il coraggio; 53,53,226,Smorfia napoletana - La vera cabala del lotto
Pregare,essere pregati: ami essere cercato; 64,64,226,Smorfia napoletana - La vera cabala del lotto
Premio,darlo: sai riconoscere i meriti altrui; 74,74,226,Smorfia napoletana - La vera cabala del lotto
Premio,riceverlo: pensi che i tuoi meriti non siano riconosciuti; 56,56,226,Smorfia napoletana - La vera cabala del lotto
Presepio,"farlo: li illudi inutilmente, 16",16,226,Smorfia napoletana - La vera cabala del lotto
Prestare,qualche cosa: ti fidi degli altri: 47,47,227,Smorfia napoletana - La vera cabala del lotto
Prestare,vestiti: generosità; 56,56,227,Smorfia napoletana - La vera cabala del lotto
Prestare,soldi: cattivi affari; 59,59,227,Smorfia napoletana - La vera cabala del lotto
Prestare,farsi prestare qualcosa: otterrai quello che hai chiesto ad una persona; 51,51,227,Smorfia napoletana - La vera cabala del lotto
Prete,che benedice: possibile malattia; 4,4,227,Smorfia napoletana - La vera cabala del lotto
Prete,esserlo: non sei in grado di dire quello che vuoi; 8,8,227,Smorfia napoletana - La vera cabala del lotto
Prigione,esservi: hai anche tu delle colpe; 24,24,227,Smorfia napoletana - La vera cabala del lotto
Prigione,uscirne: è iniziato un periodo non buono; 78,78,227,Smorfia napoletana - La vera cabala del lotto
Principe,vederlo: conoscerai una persona molto importante; 13,13,227,Smorfia napoletana - La vera cabala del lotto
Principe,esserlo: ti senti superiore ai tuoi familiari e li tratti con disprezzo; 31,31,227,Smorfia napoletana - La vera cabala del lotto
Principe,parlargli: riceverai un aiuto da una persona influente; 61,61,227,Smorfia napoletana - La vera cabala del lotto
Processo,vederlo: litigi; 41,41,227,Smorfia napoletana - La vera cabala del lotto
Processo,vincerlo: uscirai vincitore; 31,31,227,Smorfia napoletana - La vera cabala del lotto
Procreare,ottimo auspicio; 31,31,227,Smorfia napoletana - La vera cabala del lotto
Professore,vederlo: qualcuno ti può aiutare; 32,32,227,Smorfia napoletana - La vera cabala del lotto
Professore,"di lettere: hai bisogno di esprimerti-, 86",86,227,Smorfia napoletana - La vera cabala del lotto
Professore,di musica: inutili discorsi; 68,68,227,Smorfia napoletana - La vera cabala del lotto
Professore,"di matematica: problemi finanziari, 28",28,227,Smorfia napoletana - La vera cabala del lotto
Professore,esserlo: risolverai il problema che li assilla; 70,70,228,Smorfia napoletana - La vera cabala del lotto
Profezia,ascoltarla: quello che udirai avverrà; 20,20,228,Smorfia napoletana - La vera cabala del lotto
Profezia,farla per te: è normale promettere e non mantenere; 13,13,228,Smorfia napoletana - La vera cabala del lotto
Profumo,sentirlo: non lasciarti tentare; 24,24,228,Smorfia napoletana - La vera cabala del lotto
Profumo,profumarsi: ingannerai il partner; 28,28,228,Smorfia napoletana - La vera cabala del lotto
Profumo,rovesciarlo: non riuscirai a scordare una storia d'amore; 35,35,228,Smorfia napoletana - La vera cabala del lotto
Progettare,vorresti agire ma non hai sufficiente coraggio; 12,12,228,Smorfia napoletana - La vera cabala del lotto
Progettare,un viaggio: trovi difficile staccarti dalla famiglia; 15,15,228,Smorfia napoletana - La vera cabala del lotto
Progettare,una festa: il presente li delude; 62,62,228,Smorfia napoletana - La vera cabala del lotto
Proiettile,essere colpito: malattia dolorosa; 57,57,228,Smorfia napoletana - La vera cabala del lotto
Proiettile,vederlo in aria: insidie; 70,70,228,Smorfia napoletana - La vera cabala del lotto
Proiettile,che entra in casa: quando ti accorgerai di essere in pericolo sarà troppo tardi; 64,64,228,Smorfia napoletana - La vera cabala del lotto
Proiettile,tenerlo in mano: non stai correndo nessun rischio; 81,81,228,Smorfia napoletana - La vera cabala del lotto
Prole,numerosa: responsabilità; 18,18,228,Smorfia napoletana - La vera cabala del lotto
Promessa,insicurezza; 49,49,228,Smorfia napoletana - La vera cabala del lotto
Promessa,farla: in verità non hai mantenuto la parola data; 13,13,228,Smorfia napoletana - La vera cabala del lotto
Promessa,riceverla: gli amici ti deluderanno; 44,44,228,Smorfia napoletana - La vera cabala del lotto
Promessa,mantenerla: non sei in grado di mantenere ciò che prometti; 84,84,228,Smorfia napoletana - La vera cabala del lotto
Promozione,a scuola: successo e riconoscimenti; 81,81,229,Smorfia napoletana - La vera cabala del lotto
Promozione,al lavoro: pensi di meritarti una bella promozione; 37,37,229,Smorfia napoletana - La vera cabala del lotto
Promozione,darla: riconosci le fatiche di un'altra persona; 5,5,229,Smorfia napoletana - La vera cabala del lotto
Proposta,di matrimonio: non vorresti avere dubbi; 35,35,229,Smorfia napoletana - La vera cabala del lotto
Proposta,riceverla: speranza; 24,24,229,Smorfia napoletana - La vera cabala del lotto
Proposta,galante: una persona si prende gioco di te: 42,42,229,Smorfia napoletana - La vera cabala del lotto
Proprieta,sei materialista; 40,40,229,Smorfia napoletana - La vera cabala del lotto
Proprieta,venderla: perdita di sicurezza; 60,60,229,Smorfia napoletana - La vera cabala del lotto
Proprieta,acquistarla: non essere avventato nei tuoi affari; 4,4,229,Smorfia napoletana - La vera cabala del lotto
Proprieta,riceverla: possibile matrimonio; 45,45,229,Smorfia napoletana - La vera cabala del lotto
Prosciutto,"mangiarlo: perdita economica, 68",68,229,Smorfia napoletana - La vera cabala del lotto
Prosciutto,comperarlo: ti concedi qualche lusso; 38,38,229,Smorfia napoletana - La vera cabala del lotto
Prostituta,vederla: rapporti superficiai; 78,78,229,Smorfia napoletana - La vera cabala del lotto
Prostituta,andare con una: il tuo amore non è ricambiato; 23,23,229,Smorfia napoletana - La vera cabala del lotto
Prostituta,parlarci: ambigui successi; 14,14,229,Smorfia napoletana - La vera cabala del lotto
Proteggere,qualcuno: lavori per te stesso; 19,19,229,Smorfia napoletana - La vera cabala del lotto
Proteggere,essere protetto: una persona si serve di te; 9,9,229,Smorfia napoletana - La vera cabala del lotto
Prova,di coraggio: timori infondati; 34,34,230,Smorfia napoletana - La vera cabala del lotto
Prova,farla: qualcuno ti sta giudicando; 50,50,230,Smorfia napoletana - La vera cabala del lotto
Proverbio,leggerlo: buoni consigli; 4,4,230,Smorfia napoletana - La vera cabala del lotto
Proverbio,ascoltarlo: ti conviene metterlo in atto; 26,26,230,Smorfia napoletana - La vera cabala del lotto
Provviste,farle: stai cercando di guadagnare tempo; 68,68,230,Smorfia napoletana - La vera cabala del lotto
Provviste,finirle: stai attraversando un momento difficile negli affari e negli affetti; 54,54,230,Smorfia napoletana - La vera cabala del lotto
Provviste,guardarle: ti piace ammirare i tuoi averi; 32,32,230,Smorfia napoletana - La vera cabala del lotto
Prudenza,averla: sei troppo avventato; 37,37,230,Smorfia napoletana - La vera cabala del lotto
Prugna,vederla: farai delle spese inutili; 39,39,230,Smorfia napoletana - La vera cabala del lotto
Prugna,mangiarla: la tua voglia di avere ad ogni costo ti farà patire grosse delusioni; 11,11,230,Smorfia napoletana - La vera cabala del lotto
Prugna,secche: probabilmente le persone che frequenti non sono molto oneste; 2,2,230,Smorfia napoletana - La vera cabala del lotto
Prurito,stai vivendo una situazione che comincia ad irritarti; 9,9,230,Smorfia napoletana - La vera cabala del lotto
Prurito,in testa: pensieri fastidiosi; 72,72,230,Smorfia napoletana - La vera cabala del lotto
Psichiatra,parlargli: hai molta confusione in testa; 26,26,231,Smorfia napoletana - La vera cabala del lotto
Psichiatra,esserlo: ti illudi di capire sempre tutti; 41,41,231,Smorfia napoletana - La vera cabala del lotto
Psichiatra,farsela: non smetti mai di lodarti; 88,88,231,Smorfia napoletana - La vera cabala del lotto
Pudore,averlo: qualcosa blocca la tua personalità; 66,66,231,Smorfia napoletana - La vera cabala del lotto
Pugile,scarsi guadagni; 49,49,231,Smorfia napoletana - La vera cabala del lotto
Pugile,esserlo: credi di risolvere lutto con la forza; 15,15,231,Smorfia napoletana - La vera cabala del lotto
Pugile,vederlo combattere: apprezzi il coraggio; 19,19,231,Smorfia napoletana - La vera cabala del lotto
Pugile,impugnarlo: vuoi vincere a tutti i costi; 87,87,231,Smorfia napoletana - La vera cabala del lotto
Pugile,essere ferito: hai subito un torto; 61,61,231,Smorfia napoletana - La vera cabala del lotto
Pugno,darlo: sei troppo istintivo; 34,34,231,Smorfia napoletana - La vera cabala del lotto
Pugno,riceverlo: subirai un brutto colpo; 51,51,231,Smorfia napoletana - La vera cabala del lotto
Pugno,mostrare i pugni: vuoi sembrare forte e deciso; 86,86,231,Smorfia napoletana - La vera cabala del lotto
Pulci,dispiaceri; 44,44,231,Smorfia napoletana - La vera cabala del lotto
Pulci,averle: stai vivendo una brutta situazione; 31,31,231,Smorfia napoletana - La vera cabala del lotto
Pulci,vederle: hai paura che si facciano pettegolezzi sul tuo conto; 90,90,232,Smorfia napoletana - La vera cabala del lotto
Pulci,cercarle: tu stesso vai a cacciarti nei guai; 8,8,232,Smorfia napoletana - La vera cabala del lotto
Pulci,ucciderle: farai tacere chi ti nuoce; 74,74,232,Smorfia napoletana - La vera cabala del lotto
Pulci,in un orecchio: un dubbio improvviso ti assalirà; 9,9,232,Smorfia napoletana - La vera cabala del lotto
Pulci,mangiarle: incontrerai parecchi ostacoli; 38,38,232,Smorfia napoletana - La vera cabala del lotto
Puledro,giocarci: un uomo giovane e immaturo; 31,31,232,Smorfia napoletana - La vera cabala del lotto
Puledro,"vederlo: energia, vitalità; 40",40,232,Smorfia napoletana - La vera cabala del lotto
Pulire,la casa: buon presagio; 75,75,232,Smorfia napoletana - La vera cabala del lotto
Pulire,qualche cosa: vuoi vedere chiaro una situazione; 63,63,232,Smorfia napoletana - La vera cabala del lotto
Pulire,abiti: vuoi cambiare la tua immagine; 34,34,232,Smorfia napoletana - La vera cabala del lotto
Pulire,essere pulito: non sai giudicarti; 42,42,232,Smorfia napoletana - La vera cabala del lotto
Pungere,qualcuno: vuoi avere delle risposte; 11,11,232,Smorfia napoletana - La vera cabala del lotto
Pungere,essere punti: sei costretto a rispondere; 2,2,232,Smorfia napoletana - La vera cabala del lotto
Punire,qualcuno: avrai un nemico in meno; 25,25,232,Smorfia napoletana - La vera cabala del lotto
Punire,essere puniti: un'azione poco pulita ti ha fatto nascere un senso di colpa; 5,5,232,Smorfia napoletana - La vera cabala del lotto
Puntura,d'insetti: una tua piccola vendetta è riuscita; 66,66,232,Smorfia napoletana - La vera cabala del lotto
Pupazzo,averlo in mano: il tuo partner non ha personalità; 7,7,232,Smorfia napoletana - La vera cabala del lotto
Pupazzo,"di neve: persona fredda, insensibile; 16",16,232,Smorfia napoletana - La vera cabala del lotto
Purgatorio,riconosci alcuni tuoi errori; 83,83,233,Smorfia napoletana - La vera cabala del lotto
Purgatorio,"trovarvisi: una volta scontati i tuoi sbagli, la tua coscienza sarà più tranquilla; 76",76,233,Smorfia napoletana - La vera cabala del lotto
Pus,averlo: breve malattia; 19,19,233,Smorfia napoletana - La vera cabala del lotto
Pus,vederlo: cattive tentazioni; 15,15,233,Smorfia napoletana - La vera cabala del lotto
Pustole,vederle: non devi giudicare le persone dall'aspetto e basta; 56,56,233,Smorfia napoletana - La vera cabala del lotto
Pustole,averle: trovi delle difficoltà ad instaurare rapporti con gli altri; 41,41,233,Smorfia napoletana - La vera cabala del lotto
Putrefazione,vederla: devi cercare di scuoterti; 24,24,233,Smorfia napoletana - La vera cabala del lotto
Puzza,brutto presentimento; 22,22,233,Smorfia napoletana - La vera cabala del lotto
Puzza,sentirla forte: sospetti di qualcuno; 88,88,233,Smorfia napoletana - La vera cabala del lotto
Puzzare,dai molti sospetti; 56,56,233,Smorfia napoletana - La vera cabala del lotto
Puzzola,c' è una persona che non vuoi avvicinare; 41,41,233,Smorfia napoletana - La vera cabala del lotto
Quaderno,scritto: qualcosa che risale alla tua infanzia li tormenta; 18,18,234,Smorfia napoletana - La vera cabala del lotto
Quaderno,bianco: incertezza; 16,16,234,Smorfia napoletana - La vera cabala del lotto
Quaderno,pieno di numeri: messaggi incompresi; 21,21,234,Smorfia napoletana - La vera cabala del lotto
Quaderno,vecchio: ricordi d'infanzia; 11,11,234,Smorfia napoletana - La vera cabala del lotto
Quaderno,macchiato: sensi di colpa; 20,20,234,Smorfia napoletana - La vera cabala del lotto
Quaderno,chiuderlo: ti sei lasciato alle spalle un problema; 6,6,234,Smorfia napoletana - La vera cabala del lotto
Quadrato,disegnarlo: le tue idee sono molto chiare; 21,21,234,Smorfia napoletana - La vera cabala del lotto
Quadrifoglio,fortuna; 13,13,234,Smorfia napoletana - La vera cabala del lotto
Quadrifoglio,trovarlo: rara occasione; 22,22,234,Smorfia napoletana - La vera cabala del lotto
Quadro,regalarlo: si sta avvicinando un momento difficile; 31,31,234,Smorfia napoletana - La vera cabala del lotto
Quadro,vederlo: apprezzi una persona; 55,55,234,Smorfia napoletana - La vera cabala del lotto
Quadro,comperarlo: ansia momenti difficili; 31,31,234,Smorfia napoletana - La vera cabala del lotto
Quadro,vederne molti: brevi soddisfazioni; 7,7,234,Smorfia napoletana - La vera cabala del lotto
Quadro,con paesaggi: ricorderai con gioia determinati momenti; 6,6,234,Smorfia napoletana - La vera cabala del lotto
Quadro,con ritratti: molte soddisfazioni; 25,25,234,Smorfia napoletana - La vera cabala del lotto
Quadro,antico: ricordi di famiglia; 81,81,235,Smorfia napoletana - La vera cabala del lotto
Quadro,attaccarlo: ti accorgerai di una vera amicizia; 52,52,235,Smorfia napoletana - La vera cabala del lotto
Quadro,staccarlo: qualcuno ti ha aiutato ma tu non sei riconoscente; 29,29,235,Smorfia napoletana - La vera cabala del lotto
Quaglia,non ascolti un amico sincero; 80,80,235,Smorfia napoletana - La vera cabala del lotto
Quaglia,mangiarla: un'amicizia terminerà per causa tua; 12,12,235,Smorfia napoletana - La vera cabala del lotto
Quarantena,"solitudine, isolamento; 26",26,235,Smorfia napoletana - La vera cabala del lotto
Quarantena,scontarla: dovrai fare molte rinunce; 81,81,235,Smorfia napoletana - La vera cabala del lotto
Quarantena,uscirne: ti sei liberato da un grosso peso; 5,5,235,Smorfia napoletana - La vera cabala del lotto
Quercia,forza d'animo; 81,81,235,Smorfia napoletana - La vera cabala del lotto
Quercia,abbatterla: supererai qualcuno che ha una personalità forte ed equilibrata; 29,29,235,Smorfia napoletana - La vera cabala del lotto
Quercia,secca: la tua forza si è esaurita; 24,24,235,Smorfia napoletana - La vera cabala del lotto
Quercia,foglie di: avrai dei riconoscimenti; 66,66,235,Smorfia napoletana - La vera cabala del lotto
Querela,offese e battibecchi; 30,30,235,Smorfia napoletana - La vera cabala del lotto
Querela,riceverla: litigi fuori dalla famiglia; 88,88,235,Smorfia napoletana - La vera cabala del lotto
Querela,sporgerla: hai ricevuto una lieve offesa ma tu non la vuoi dimenticare; 36,36,235,Smorfia napoletana - La vera cabala del lotto
Quesito,li interroghi da tempo su qualcosa; 11,11,235,Smorfia napoletana - La vera cabala del lotto
Quesito,porlo: una persona sarà messa da te in imbarazzo; 19,19,235,Smorfia napoletana - La vera cabala del lotto
Quesito,"rispondere: agisci con sicurezza, 9",9,236,Smorfia napoletana - La vera cabala del lotto
Quesito,non riuscire a rispondere: non hai fiducia nelle tue possibilità; 31,31,236,Smorfia napoletana - La vera cabala del lotto
Questione,con un amico: vuoi avere ragione a tutti i costi; 72,72,236,Smorfia napoletana - La vera cabala del lotto
Questione,con i genitori: ti renderai indipendente e autonomo; 66,66,236,Smorfia napoletana - La vera cabala del lotto
Questione,con il coniuge: troppi litigi e discussioni inutili tra di voi; 4,4,236,Smorfia napoletana - La vera cabala del lotto
Questione,con i figli: non hai volontà; 67,67,236,Smorfia napoletana - La vera cabala del lotto
Questura,andarci: ti sei reso conto dei tuoi errori; 54,54,236,Smorfia napoletana - La vera cabala del lotto
Questura,esserci: temi di essere rimproverato per il tuo comportamento; 31,31,236,Smorfia napoletana - La vera cabala del lotto
Quietanza,situazione pericolosa; 21,21,236,Smorfia napoletana - La vera cabala del lotto
Quietanza,chiederla: sei in difficoltà finanziarie; 60,60,236,Smorfia napoletana - La vera cabala del lotto
Quietanza,darla: hai ciò che meriti; 76,76,236,Smorfia napoletana - La vera cabala del lotto
Quietanza,"firmarla: tratti gli altri con superficialità, 8",8,236,Smorfia napoletana - La vera cabala del lotto
Quietare,qualcuno: aiuterai un amico in difficoltà; 63,63,236,Smorfia napoletana - La vera cabala del lotto
Quietare,lasciarsi quietare: rinunci a far valere i tuoi diritti; 71,71,236,Smorfia napoletana - La vera cabala del lotto
Rabarbaro,mangiarlo: amarezza noie; 34,34,237,Smorfia napoletana - La vera cabala del lotto
Rabarbaro,coglierlo: dopo molte umiliazioni avrai dellee soddisfazioni; 70,70,237,Smorfia napoletana - La vera cabala del lotto
Rabarbaro,venderlo: buoni guadagni; 15,15,237,Smorfia napoletana - La vera cabala del lotto
Rabarbaro,prepararlo: fai progetti senza tenere conto delle difficoltà; 81,81,237,Smorfia napoletana - La vera cabala del lotto
Rabbia,provarla: incomprensioni che si tramutano in discussioni; 47,47,237,Smorfia napoletana - La vera cabala del lotto
Rabbia,parlare con rabbia: vuoi fare dei male a qualcuno; 11,11,237,Smorfia napoletana - La vera cabala del lotto
Rabbia,animale rabbioso: una persona con cui non si può ragionare; 5,5,237,Smorfia napoletana - La vera cabala del lotto
Rabbrividire,per il freddo: ti senti molto solo; 42,42,237,Smorfia napoletana - La vera cabala del lotto
Rabbrividire,per la paura: sai di avere parecchi problemi; 50,50,237,Smorfia napoletana - La vera cabala del lotto
Raccogliere,frutta: non fidarti di cose troppo semplici: 15,15,237,Smorfia napoletana - La vera cabala del lotto
Raccogliere,abiti sparsi: li attende un periodo nuovo più equilibrato; 45,45,237,Smorfia napoletana - La vera cabala del lotto
Raccogliere,fiori: sentimenti instabili; 16,16,237,Smorfia napoletana - La vera cabala del lotto
Raccogliere,"soldi: parecchie persone si fidano di te, non deluderle; 59",59,237,Smorfia napoletana - La vera cabala del lotto
Raccogliere,sassi: hai bisogno di sicurezza; 60,60,237,Smorfia napoletana - La vera cabala del lotto
Radere,qualcuno: imbrogli; 76,76,238,Smorfia napoletana - La vera cabala del lotto
Radere,farsi radere: perdita di energie; 78,78,238,Smorfia napoletana - La vera cabala del lotto
Radere,la barba: perdita di prestigio; 46,46,238,Smorfia napoletana - La vera cabala del lotto
Radere,il capo: umiliazione; 80,80,238,Smorfia napoletana - La vera cabala del lotto
Radere,un prato: essenzialità; 15,15,238,Smorfia napoletana - La vera cabala del lotto
Radere,radersi: autopunizione; 76,76,238,Smorfia napoletana - La vera cabala del lotto
Radere,radere al suolo: sei portato all'autodistruzione; 34,34,238,Smorfia napoletana - La vera cabala del lotto
Radicchio,coglierlo: le difficoltà non ti spaventano; 15,15,238,Smorfia napoletana - La vera cabala del lotto
Radicchio,cuocerlo: qualche problema ma tante soddisfazioni; 26,26,238,Smorfia napoletana - La vera cabala del lotto
Radici,inciamparvi: lotti con il tuo passato; 16,16,238,Smorfia napoletana - La vera cabala del lotto
Radici,cercarle: vuoi conoscere la tua origine; 18,18,238,Smorfia napoletana - La vera cabala del lotto
Radici,mangiarla: gli insegnamenti della tua famiglia ti guideranno sempre; 30,30,238,Smorfia napoletana - La vera cabala del lotto
Radici,cuocerle: discussioni in famiglia; 49,49,238,Smorfia napoletana - La vera cabala del lotto
Radici,strappare le radici: rifiuti le tradizioni; 17,17,238,Smorfia napoletana - La vera cabala del lotto
Radici,piantare le radici: buone probabilità di successo; 19,19,238,Smorfia napoletana - La vera cabala del lotto
Radio,"spegnerla: non vuoi ascoltarti, 80",80,238,Smorfia napoletana - La vera cabala del lotto
Radio,sentirla: ascolti gli altri; 75,75,238,Smorfia napoletana - La vera cabala del lotto
Radio,non riuscire a spegnerla: vuoi scordare qualche cosa; 13,13,238,Smorfia napoletana - La vera cabala del lotto
Radio,regalarla: non sai tacere i tuoi problemi personali; 40,40,238,Smorfia napoletana - La vera cabala del lotto
Radio,parlare alla radio: farai un annuncio a più persone; 71,71,238,Smorfia napoletana - La vera cabala del lotto
Raffreddore,averlo: momenti di difficoltà; 16,16,239,Smorfia napoletana - La vera cabala del lotto
Raffreddore,contagiare qualcuno: piccole vendette; 9,9,239,Smorfia napoletana - La vera cabala del lotto
Raffreddore,essere contagiati: una persona scaricherà le sue responsabilità su di te: 11,11,239,Smorfia napoletana - La vera cabala del lotto
Raggio,di sole: riceverai un aiuto; i di luce: buone iniziative; 74,74,239,Smorfia napoletana - La vera cabala del lotto
Raggiungere,una meta: sei ottimista; 46,46,239,Smorfia napoletana - La vera cabala del lotto
Raggiungere,essere raggiunto: non hai fiducia in te stesso; 48,48,239,Smorfia napoletana - La vera cabala del lotto
Raggiungere,raggiungere uno che corre: ritieni di valere di più di un tuo avversario; 13,13,239,Smorfia napoletana - La vera cabala del lotto
Ragnatela,insidie invisibili: 34,34,239,Smorfia napoletana - La vera cabala del lotto
Ragnatela,vederla: ti sei reso conto di un'insidia; 16,16,239,Smorfia napoletana - La vera cabala del lotto
Ragnatela,toglierla: h liberi di piccoli inganni; 83,83,239,Smorfia napoletana - La vera cabala del lotto
Ragno,"litigi, discussioni; 32",32,239,Smorfia napoletana - La vera cabala del lotto
Ragno,prenderlo in mano: affronti coraggiosamente anche le situazioni più spiacevoli; 16,16,239,Smorfia napoletana - La vera cabala del lotto
Ragno,vederlo: ti troverai in una brutta situazione; 90,90,239,Smorfia napoletana - La vera cabala del lotto
Ragno,vederlo che tesse: qualcuno ti imbroglierà; 57,57,239,Smorfia napoletana - La vera cabala del lotto
Ragno,molto grosso: avrai una discussione che avrà delle conseguenze; 14,14,239,Smorfia napoletana - La vera cabala del lotto
Ragno,ucciderlo: buon auspicio; 77,77,239,Smorfia napoletana - La vera cabala del lotto
Rame,ottimismo; 47,47,240,Smorfia napoletana - La vera cabala del lotto
Rame,oggetti di rame: insincerità; 86,86,240,Smorfia napoletana - La vera cabala del lotto
Rame,regalarli: metti in evidenza il meglio di te stesso; 82,82,240,Smorfia napoletana - La vera cabala del lotto
Rame,ricevere doni in rame: gli amici ricercheranno la tua compagnia; 80,80,240,Smorfia napoletana - La vera cabala del lotto
Ramo,secco: hai perso la tua energia: 14,14,240,Smorfia napoletana - La vera cabala del lotto
Ramo,"verdi: ti sentirai pieno di vitalità, la tua vita ha un nuovo inizio; 23",23,240,Smorfia napoletana - La vera cabala del lotto
Ramo,con frutta: grandi progetti; 72,72,240,Smorfia napoletana - La vera cabala del lotto
Ramo,tagliarlo: una persona perderà il suo coraggio per colpa tua; 44,44,240,Smorfia napoletana - La vera cabala del lotto
Rana,vederla: una persona che chiacchiera molto; 13,13,240,Smorfia napoletana - La vera cabala del lotto
Rana,"ucciderla: successo, 32",32,240,Smorfia napoletana - La vera cabala del lotto
Rana,mangiarla: la tua vita scorrerà tranquilla; 16,16,240,Smorfia napoletana - La vera cabala del lotto
Rana,udirla: le chiacchiere inutili li infastidiscono; 64,64,240,Smorfia napoletana - La vera cabala del lotto
Rana,vederne molte: le persone che ti circondano sono false e adulatrici; 44,44,240,Smorfia napoletana - La vera cabala del lotto
Rantolare,sentire rantolare: una persona si trova in pericolo; 26,26,240,Smorfia napoletana - La vera cabala del lotto
Rapa,mangiarla: ti sei rassegnato a convivere con la stupidità; 90,90,240,Smorfia napoletana - La vera cabala del lotto
Rapa,coltivarla: gli amici a cui tieni tanto non h meritano; 16,16,240,Smorfia napoletana - La vera cabala del lotto
Rapace,"uccello: forza, decisione; 88",88,240,Smorfia napoletana - La vera cabala del lotto
Rapanello,mangiarli: riceverai delle provocazioni; 81,81,241,Smorfia napoletana - La vera cabala del lotto
Rapanello,coltivarli: sei circondato dai pettegolezzi; 56,56,241,Smorfia napoletana - La vera cabala del lotto
Rapimento,di una persona: vuoi a tutti i costi una persona; 42,42,241,Smorfia napoletana - La vera cabala del lotto
Rapimento,per amore: non riesci ad andare d'accordo con il partner; 18,18,241,Smorfia napoletana - La vera cabala del lotto
Rapimento,essere rapito: qualcuno ti trova molto interessante; 41,41,241,Smorfia napoletana - La vera cabala del lotto
Rapina,"puoi ancora rimediare alla tua impulsività, 56",56,241,Smorfia napoletana - La vera cabala del lotto
Rapina,ad una banca: probabilmente hai molti problemi di denaro; 13,13,241,Smorfia napoletana - La vera cabala del lotto
Rapina,a mano armata: hai commesso qualcosa di cui dovrai pagare conseguenze; 60,60,241,Smorfia napoletana - La vera cabala del lotto
Rapina,subirla: una persona ha approfittato della tua buona fede; 40,40,241,Smorfia napoletana - La vera cabala del lotto
Rapporto,sessuale: insoddisfazione nella tua vita affettiva; 83,83,241,Smorfia napoletana - La vera cabala del lotto
Rasoio,usarlo: vuoi fare del male a qualcuno; 17,17,241,Smorfia napoletana - La vera cabala del lotto
Rasoio,ferirsi: discussioni in famiglia; 8,8,241,Smorfia napoletana - La vera cabala del lotto
Rata,pagarla: i tuoi impegni sono onerosi; 12,12,241,Smorfia napoletana - La vera cabala del lotto
Rata,scaduta: hai poca fiducia in te stesso; 23,23,241,Smorfia napoletana - La vera cabala del lotto
Ratto,qualcuno infido e pericoloso; 11,11,242,Smorfia napoletana - La vera cabala del lotto
Ratto,vederlo: sei continuamente in pericolo; 17,17,242,Smorfia napoletana - La vera cabala del lotto
Ravioli,mangiarli: piccoli malintesi; 32,32,242,Smorfia napoletana - La vera cabala del lotto
Ravioli,prepararli: insieme a dei collaboratori il lavoro migliorerà; 12,12,242,Smorfia napoletana - La vera cabala del lotto
Razzo,"imprevedibilità, forza; 5",5,242,Smorfia napoletana - La vera cabala del lotto
Razzo,salirci: possibili danni; 34,34,242,Smorfia napoletana - La vera cabala del lotto
Razzo,esserlo: sogni la gloria; 67,67,242,Smorfia napoletana - La vera cabala del lotto
Razzo,vederlo: una persona importante potrebbe aiutarti; 90,90,242,Smorfia napoletana - La vera cabala del lotto
Razzo,parlargli: avrai aiuti e raccomandazioni da qualcuno; 31,31,242,Smorfia napoletana - La vera cabala del lotto
Razzo,combatterlo: cerchi inutilmente di vincere un avversario molto potente; 19,19,242,Smorfia napoletana - La vera cabala del lotto
Recinto,esserci: non ti senti libero di agire; 83,83,242,Smorfia napoletana - La vera cabala del lotto
Recinto,"vederlo: h rendi conto di non poter superare certi limiti, 72",72,242,Smorfia napoletana - La vera cabala del lotto
Recinto,scavalcarlo: supererai gli ostacoli; 89,89,242,Smorfia napoletana - La vera cabala del lotto
Recinto,per bambini: stai proteggendo una persona debole; 60,60,242,Smorfia napoletana - La vera cabala del lotto
Recipiente,vederlo: qualche novità; 84,84,242,Smorfia napoletana - La vera cabala del lotto
Recipiente,chiuso: sei incuriosito da qualche cosa; 71,71,242,Smorfia napoletana - La vera cabala del lotto
Recipiente,aperto: finalmente tutto è chiaro; 73,73,242,Smorfia napoletana - La vera cabala del lotto
Recipiente,per una donna: possibile maternità; 16,16,243,Smorfia napoletana - La vera cabala del lotto
Recipiente,riempirlo: successo; 41,41,243,Smorfia napoletana - La vera cabala del lotto
Redini,vederle: controlla una situazione; 70,70,243,Smorfia napoletana - La vera cabala del lotto
Redini,tirarle: una persona sarà ai tuoi ordini; 52,52,243,Smorfia napoletana - La vera cabala del lotto
Redini,tenerle in mano: hai tutto sotto controllo; 57,57,243,Smorfia napoletana - La vera cabala del lotto
Redini,lasciarle: dai ai subordinati un po' di libertà; 73,73,243,Smorfia napoletana - La vera cabala del lotto
Regalo,riceverlo: legame definitivo; 40,40,243,Smorfia napoletana - La vera cabala del lotto
Regalo,farlo: interessi sentimentali o economici; 3,3,243,Smorfia napoletana - La vera cabala del lotto
Regalo,ricevere un regalo importante: stai sperando in un aiuto; 45,45,243,Smorfia napoletana - La vera cabala del lotto
Reggia,vederla: invidi la ricchezza di qualcuno; 12,12,243,Smorfia napoletana - La vera cabala del lotto
Reggia,abitarvi: la tua situazione economica ti soddisfa molto; 13,13,243,Smorfia napoletana - La vera cabala del lotto
Reliquia,prenderla in mano: piangi per quello che hai perso; 41,41,243,Smorfia napoletana - La vera cabala del lotto
Reliquia,vederla: ricordi dolorosi; 30,30,243,Smorfia napoletana - La vera cabala del lotto
Relitto,di una nave: un tuo tentativo di cambiare la tua vita è andato in fumo; 42,42,243,Smorfia napoletana - La vera cabala del lotto
Relitto,che affonda: scordati dei passato; 16,16,243,Smorfia napoletana - La vera cabala del lotto
Relitto,vederlo: è quello che resta di un periodo felice ormai finito; 35,35,243,Smorfia napoletana - La vera cabala del lotto
Relitto,essere su un relitto: sarai coinvolto in un'impresa sfortunata; 19,19,243,Smorfia napoletana - La vera cabala del lotto
Relitto,recuperare un relitto: vivi di ricordi; 30,30,243,Smorfia napoletana - La vera cabala del lotto
Remo,averne solo uno: ti è difficile realizzare i tuoi progetti; 63,63,244,Smorfia napoletana - La vera cabala del lotto
Remo,rotto: inattività forzata; 19,19,244,Smorfia napoletana - La vera cabala del lotto
Remo,perderlo: periodo difficile; 21,21,244,Smorfia napoletana - La vera cabala del lotto
Remo,perderne due: ogni tua attività è bloccata; 18,18,244,Smorfia napoletana - La vera cabala del lotto
Rene,dolorante: malattia; 85,85,244,Smorfia napoletana - La vera cabala del lotto
Respiro,vitalità; 32,32,244,Smorfia napoletana - La vera cabala del lotto
Respiro,profondo: sei pronto per affrontare un pericolo difficile; 17,17,244,Smorfia napoletana - La vera cabala del lotto
Respiro,"affannoso: incertezza, 57",57,244,Smorfia napoletana - La vera cabala del lotto
Respiro,mancanza di respiro: li senti senza voglia di fare; 35/71,35 71,244,Smorfia napoletana - La vera cabala del lotto
Rete,vederla: non puoi evitare una situazione; 2,2,244,Smorfia napoletana - La vera cabala del lotto
Rete,dibattersi: vuoi uscire da una situazione che non sopporti più; 17,17,244,Smorfia napoletana - La vera cabala del lotto
Rete,romperla: riesci a liberarti da ciò che li opprime; 13,13,244,Smorfia napoletana - La vera cabala del lotto
Rete,intrecciarla: stai tramando un tranello; 4,4,244,Smorfia napoletana - La vera cabala del lotto
Rete,buttarla in mare: ti sei prefisso degli obiettivi; 29/3,29 3,244,Smorfia napoletana - La vera cabala del lotto
Rete,vederla vuota: i tuoi inganni non sono serviti a nulla; 19,19,244,Smorfia napoletana - La vera cabala del lotto
Rete,vederla piena: nel tuo tranello sono cadute molte persone; 16,16,244,Smorfia napoletana - La vera cabala del lotto
Rettile,vederlo: una persona falsa; 15,15,244,Smorfia napoletana - La vera cabala del lotto
Rettile,vederne molti: sei circondato da persone insincere; 55,55,244,Smorfia napoletana - La vera cabala del lotto
Rettile,che ti assale: temi qualcuno che sai essere i subdolo; 13,13,245,Smorfia napoletana - La vera cabala del lotto
Reumatismo,averlo: non sei soddisfatto di te stesso; 17,17,245,Smorfia napoletana - La vera cabala del lotto
Ribes,ti rammenterai di una persona amata; 42,42,245,Smorfia napoletana - La vera cabala del lotto
Ribes,mangiarlo: avventure amorose; 54,54,245,Smorfia napoletana - La vera cabala del lotto
Ribes,coglierlo: faticherai per riconquistare qualcuno; 48,48,245,Smorfia napoletana - La vera cabala del lotto
Ribes,offrirlo: sei disponibile per qualsiasi avventura; 13,13,245,Smorfia napoletana - La vera cabala del lotto
Ricchezza,averla: sicurezza; 83,83,245,Smorfia napoletana - La vera cabala del lotto
Ricchezza,perderla: non stare a preoccuparti; 50,50,245,Smorfia napoletana - La vera cabala del lotto
Ricchezza,raggiungerla: attento! stai per perdere quello che hai; 29,29,245,Smorfia napoletana - La vera cabala del lotto
Riccio,vederlo: persona difficilmente avvicinabile; 90,90,245,Smorfia napoletana - La vera cabala del lotto
Riccio,toccarlo: una persona diffidente ti procurerà delle brutte esperienze; 61,61,245,Smorfia napoletana - La vera cabala del lotto
Riccioli,regalarli: dichiarazione d'amore; 63,63,245,Smorfia napoletana - La vera cabala del lotto
Riccioli,"perderli: fine delle preoccupazioni, 36",36,245,Smorfia napoletana - La vera cabala del lotto
Riccioli,tagliarli: lasci da parte i tuoi problemi e ti dedichi alla persona amata; 40,40,245,Smorfia napoletana - La vera cabala del lotto
Riconciliarsi,con i figli: problemi di denaro ti rendono intrattabile: 26,26,245,Smorfia napoletana - La vera cabala del lotto
Riconciliarsi,con qualcuno: supererai in breve tempo le tue difficoltà; 26,26,245,Smorfia napoletana - La vera cabala del lotto
Riconciliarsi,con il coniuge: vuoi davvero riconciliarti; 70,70,246,Smorfia napoletana - La vera cabala del lotto
Riconciliarsi,con i nemici: la vera riconciliazione è ancora lontana; 76,76,246,Smorfia napoletana - La vera cabala del lotto
Ricordare,una persona: soffri di nostalgia; 18,18,246,Smorfia napoletana - La vera cabala del lotto
Ricordare,ricordarsi di qualcosa: intuizioni improvvise; 32,32,246,Smorfia napoletana - La vera cabala del lotto
Ridere,veder ridere: incomprensioni; 18,18,246,Smorfia napoletana - La vera cabala del lotto
Ridere,sentir ridere: una persona ti comunica allegria e gioia; 14,14,246,Smorfia napoletana - La vera cabala del lotto
Rifugio,cercarlo: hai bisogno di essere meglio compreso; 36,36,246,Smorfia napoletana - La vera cabala del lotto
Rifugio,trovarlo: un amore ricambiato; 41,41,246,Smorfia napoletana - La vera cabala del lotto
Rifugio,aereo: pericoli difficili da evitare; 14,14,246,Smorfia napoletana - La vera cabala del lotto
Rifugio,di montagna: le difficoltà contribuiranno ad isolarti; 5,5,246,Smorfia napoletana - La vera cabala del lotto
Rimaritarsi,esperienze ripetute; 46,46,246,Smorfia napoletana - La vera cabala del lotto
Rimaritarsi,per una donna sposata: insoddisfazioni; 18,18,246,Smorfia napoletana - La vera cabala del lotto
Rimaritarsi,per un uomo: buon auspicio; 35,35,246,Smorfia napoletana - La vera cabala del lotto
Rimaritarsi,per una vedova: possibili cambiamenti positivi; 17,17,246,Smorfia napoletana - La vera cabala del lotto
Rimaritarsi,in casa propria: non sei in grado di conservare le amicizie; 18,18,246,Smorfia napoletana - La vera cabala del lotto
Rimaritarsi,"essere rinchiusi: ti attendono molte difficoltà, 23",23,246,Smorfia napoletana - La vera cabala del lotto
Rimaritarsi,in un istituto: qualcuno vuole toglierti la libertà; 41,41,246,Smorfia napoletana - La vera cabala del lotto
Rimaritarsi,costruirla: temi dei pericoli; 70,70,247,Smorfia napoletana - La vera cabala del lotto
Rimaritarsi,che manca: depressione; 75,75,247,Smorfia napoletana - La vera cabala del lotto
Rinoceronte,"vederlo: decisioni affrettate, dettate dall'impulsività; 70",70,247,Smorfia napoletana - La vera cabala del lotto
Rinoceronte,che li insegue: non riuscirai ad eliminare un tuo avversario; 90,90,247,Smorfia napoletana - La vera cabala del lotto
Rinoceronte,che pascola tranquillo: un nemico potenziale; 48,48,247,Smorfia napoletana - La vera cabala del lotto
Ripostiglio,segreti; 6,6,247,Smorfia napoletana - La vera cabala del lotto
Ripostiglio,dormirci: preoccupazioni; 41,41,247,Smorfia napoletana - La vera cabala del lotto
Ripostiglio,buio: segreti che ti assillano; 60,60,247,Smorfia napoletana - La vera cabala del lotto
Ripostiglio,riporvi alcuni oggetti: un periodo dimenticato; 12,12,247,Smorfia napoletana - La vera cabala del lotto
Ripugnanza,verso se stessi: profondi sensi di colpa; 60,60,247,Smorfia napoletana - La vera cabala del lotto
Ripugnanza,verso una persona: non riesci ad accettare chi non è uguale a te; 14,14,247,Smorfia napoletana - La vera cabala del lotto
Risaia,lavorarvi: attività pesante; 46,46,247,Smorfia napoletana - La vera cabala del lotto
Risaia,vederla da lontano: momenti di euforia: 50,50,247,Smorfia napoletana - La vera cabala del lotto
Riscaldare,cibo: instabilità; 52,52,247,Smorfia napoletana - La vera cabala del lotto
Riscaldare,una persona: vuoi manifestare il tuo amore; 60,60,247,Smorfia napoletana - La vera cabala del lotto
Riscaldare,riscaldarsi: ti consoli e cerchi di riacquistare nuove energie; 43,43,247,Smorfia napoletana - La vera cabala del lotto
Rischio,insicurezza; 18,18,248,Smorfia napoletana - La vera cabala del lotto
Rischio,inutile: decisioni avventate; 50,50,248,Smorfia napoletana - La vera cabala del lotto
Rischio,corredo: improvvisa determinazione; 41,41,248,Smorfia napoletana - La vera cabala del lotto
Riso,cucinarlo: fai fruttare le tue ricchezze; 30,30,248,Smorfia napoletana - La vera cabala del lotto
Riso,comperarlo: buoni affari; 34,34,248,Smorfia napoletana - La vera cabala del lotto
Riso,mangiarlo: la tua ricchezza aumenterà; 28,28,248,Smorfia napoletana - La vera cabala del lotto
Rispondere,a una domanda: sei tu che hai bisogno di una risposta sicura; 49,49,248,Smorfia napoletana - La vera cabala del lotto
Rispondere,al telefono: vuoi essere cercato; 52,52,248,Smorfia napoletana - La vera cabala del lotto
Rispondere,ad una lettera: vorresti riprendere i contatti con una persona; 48,48,248,Smorfia napoletana - La vera cabala del lotto
Rispondere,male: impulsività: 88,88,248,Smorfia napoletana - La vera cabala del lotto
Rissa,parteciparvi: contraddizioni pericolose; 88,88,248,Smorfia napoletana - La vera cabala del lotto
Rosa,"donarla: amore, affetto; 46",46,248,Smorfia napoletana - La vera cabala del lotto
Rosa,appassite: amore incerto; 60,60,248,Smorfia napoletana - La vera cabala del lotto
Rosa,regalarle ad un ammalato: brutto presagio; 58,58,248,Smorfia napoletana - La vera cabala del lotto
Rosa,riceverle in dono: sentimenti sinceri; 30,30,248,Smorfia napoletana - La vera cabala del lotto
Rosa,pungersi: piccoli problemi da non sottovalutare; 6,6,248,Smorfia napoletana - La vera cabala del lotto
Rosa,senza spine: situazione irreale; 90,90,248,Smorfia napoletana - La vera cabala del lotto
Rosmarino,fiorito: piccole gioie; 83,83,248,Smorfia napoletana - La vera cabala del lotto
Rospo,pericolo; 50,50,249,Smorfia napoletana - La vera cabala del lotto
Rospo,che salta: non potrai arginare il pericolo; 49,49,249,Smorfia napoletana - La vera cabala del lotto
Rospo,vederlo in casa: ti senti minacciato; 18,18,249,Smorfia napoletana - La vera cabala del lotto
Rospo,ucciderlo: potrai godere di una certa tranquillità; 25,25,249,Smorfia napoletana - La vera cabala del lotto
Rospo,"che nuota: difficoltà, disagi; 34",34,249,Smorfia napoletana - La vera cabala del lotto
Rossetto,sulle labbra: seduzione; 11,11,249,Smorfia napoletana - La vera cabala del lotto
Rossetto,metterselo: ti prepari a conquistare qualcuno; 41,41,249,Smorfia napoletana - La vera cabala del lotto
Rosso,passione; 33,33,249,Smorfia napoletana - La vera cabala del lotto
Rosso,capelli: una persona di cui non ti devi fidare; 4,4,249,Smorfia napoletana - La vera cabala del lotto
Rosso,vestito rosso: aggressività; 45,45,249,Smorfia napoletana - La vera cabala del lotto
Rosso,rosso chiaro: deboli minacce; 62,62,249,Smorfia napoletana - La vera cabala del lotto
Rosso,"rosso vivo: passione, rivolta; 68",68,249,Smorfia napoletana - La vera cabala del lotto
Rosso,rosso cupo: le tue intenzioni ti hanno procurato sensi di colpa; 65,65,249,Smorfia napoletana - La vera cabala del lotto
Rottame,raccoglierli: il tuo successo è basato sulla sfortuna altrui; 50,50,249,Smorfia napoletana - La vera cabala del lotto
Rottame,camminare tra i rottami: non hai fiducia negli altri; 16,16,249,Smorfia napoletana - La vera cabala del lotto
Rovi,una situazione può diventare pericolosa; 65,65,249,Smorfia napoletana - La vera cabala del lotto
Rovi,vederli: hai paura di una persona che solo apparentemente è tranquilla; 67,67,249,Smorfia napoletana - La vera cabala del lotto
Rovi,raccoglierli: danni di poco conto; 75,75,249,Smorfia napoletana - La vera cabala del lotto
Rovi,tagliarli: vuoi estirpare tutte le possibili insidie; 41,41,249,Smorfia napoletana - La vera cabala del lotto
Rovi,coltivarli: tu stesso incoraggi qualcuno pericoloso; 80,80,249,Smorfia napoletana - La vera cabala del lotto
Rovi,camminare tra i rovi: i tuoi sospetti sono fondati; 43,43,250,Smorfia napoletana - La vera cabala del lotto
Rubare,un oggetto: sei in pericolo; 11,11,250,Smorfia napoletana - La vera cabala del lotto
Rubare,le scarpe: vuoi rendere impotente un avversario; 40,40,250,Smorfia napoletana - La vera cabala del lotto
Rubare,oggetti sacri: cattivo presagio; 16,16,250,Smorfia napoletana - La vera cabala del lotto
Rubare,denaro: pericolo proporzionale alla somma rubata; 22,22,250,Smorfia napoletana - La vera cabala del lotto
Rubare,vestiti: vuoi apparire agli altri diverso da quello che sei; 62,62,250,Smorfia napoletana - La vera cabala del lotto
Rubino,una persona da cui sei attirato; 1,1,250,Smorfia napoletana - La vera cabala del lotto
Rubino,comperarlo: l'apparenza inganna; 3,3,250,Smorfia napoletana - La vera cabala del lotto
Rubino,perderlo: perderai un amico sincero; 41,41,250,Smorfia napoletana - La vera cabala del lotto
Rubino,riceverlo: amore sincero; 15,15,250,Smorfia napoletana - La vera cabala del lotto
Rughe,preoccupazioni; 69,69,250,Smorfia napoletana - La vera cabala del lotto
Rughe,se si è giovani: hai paura dì non piacere alla persona che ami; 73,73,250,Smorfia napoletana - La vera cabala del lotto
Rughe,se si è vecchi: modera il tuo stile di vita; 40,40,250,Smorfia napoletana - La vera cabala del lotto
Rughe,crema antirughe: apparenze ingannevoli; 53,53,250,Smorfia napoletana - La vera cabala del lotto
Rumore,sentirlo: un avvenimento; 54,54,250,Smorfia napoletana - La vera cabala del lotto
Rumore,minaccioso: insicurezza profonda; 22,22,250,Smorfia napoletana - La vera cabala del lotto
Ruota,che gira: la tua vita cambierà; 21,21,250,Smorfia napoletana - La vera cabala del lotto
Ruota,d'automobile: possibili cambiamenti; 43,43,250,Smorfia napoletana - La vera cabala del lotto
Ruota,vedere una ruota ferma: nessun miglioramento; 16,16,250,Smorfia napoletana - La vera cabala del lotto
Ruota,di scorta: sei previdente e non ti scoraggi mai; 54,54,251,Smorfia napoletana - La vera cabala del lotto
Ruota,sostituirla: sai reagire agli imprevisti; 25,25,251,Smorfia napoletana - La vera cabala del lotto
Ruota,avere le ruote rotte: momento di stasi; 8,8,251,Smorfia napoletana - La vera cabala del lotto
Ruota,farvi il bagno: ti sentirai meglio fisicamente e anche interiormente; 51,51,251,Smorfia napoletana - La vera cabala del lotto
Ruota,attraversarlo: sai di non temere nulla; 2,2,251,Smorfia napoletana - La vera cabala del lotto
Ruspa,"azionarla: hai molto potere, sei distruttivo; 63",63,251,Smorfia napoletana - La vera cabala del lotto
Ruspa,vederla in movimento: grossi dispiaceri; 70,70,251,Smorfia napoletana - La vera cabala del lotto
Ruspa,vederla: una persona può toglierti tutto ciò che hai; 41,41,251,Smorfia napoletana - La vera cabala del lotto
Ruzzolare,periodo sfortunato; 48,48,251,Smorfia napoletana - La vera cabala del lotto
Ruzzolare,camminando: potevi evitare dei dispiaceri; 18,18,251,Smorfia napoletana - La vera cabala del lotto
Ruzzolare,vedere un ruzzolone: la persona che cade avrà un piccolo dispiacere; 24,24,251,Smorfia napoletana - La vera cabala del lotto
Sabbia,"incoerenza, 4",4,251,Smorfia napoletana - La vera cabala del lotto
Sabbia,vederla: periodo di confusione; 14,14,251,Smorfia napoletana - La vera cabala del lotto
Sabbia,camminarvi: soddisfazioni; 25,25,251,Smorfia napoletana - La vera cabala del lotto
Sabbia,spargerla: cambiamenti inutili; 32,32,251,Smorfia napoletana - La vera cabala del lotto
Sabbia,affondarvi: inutili ragionamenti; 47,47,252,Smorfia napoletana - La vera cabala del lotto
Sabbia,seminare molta sabbia: fatica inutile; 81,81,252,Smorfia napoletana - La vera cabala del lotto
Sacco,vuoto: meriterai parecchie delusioni; 86,86,252,Smorfia napoletana - La vera cabala del lotto
Sacco,pieno: sei ottimista e vorrai aiutato; 89,89,252,Smorfia napoletana - La vera cabala del lotto
Sacco,bucato: perdita che non ti aspettavi; 81,81,252,Smorfia napoletana - La vera cabala del lotto
Sacco,tenerlo in mano: sei geloso di ció che possiedi; 37,37,252,Smorfia napoletana - La vera cabala del lotto
Sacco,metterci qualche cosa: ingannerai una persona; 41,41,252,Smorfia napoletana - La vera cabala del lotto
Sacco,infilarci le mani: verrai ingannato da qualcuno; 41,41,252,Smorfia napoletana - La vera cabala del lotto
Sacramento,riceverlo: momento fortunato; 51,51,252,Smorfia napoletana - La vera cabala del lotto
Sacramento,impartirlo: procurerai delle gioie; 16,16,252,Smorfia napoletana - La vera cabala del lotto
Sala,da pranzo: piaceri mondani; 65,65,252,Smorfia napoletana - La vera cabala del lotto
Sala,grande: abbondanza; 22,22,252,Smorfia napoletana - La vera cabala del lotto
Sala,piccola: problemi economici; 31,31,252,Smorfia napoletana - La vera cabala del lotto
Sala,"ordinata: sii preciso e costante e il successo ti sorriderà, 8",8,252,Smorfia napoletana - La vera cabala del lotto
Sala,"disordinata: possibili scandali, 12",12,252,Smorfia napoletana - La vera cabala del lotto
Sala,da ballo: non ti preoccupi di niente; 9,9,252,Smorfia napoletana - La vera cabala del lotto
Salame,vederlo: non agire impulsivamente; 33,33,252,Smorfia napoletana - La vera cabala del lotto
Salame,affettarlo: vuoi far soffrire qualcuno; 19,19,252,Smorfia napoletana - La vera cabala del lotto
Salame,mangiarlo: grandi soddisfazioni; 18,18,252,Smorfia napoletana - La vera cabala del lotto
Sale,buon presagio; 3,3,253,Smorfia napoletana - La vera cabala del lotto
Sale,mangiarlo: pretendi troppo e avrai delle delusioni; 25,25,253,Smorfia napoletana - La vera cabala del lotto
Sale,vederlo: facili guadagni; 15,15,253,Smorfia napoletana - La vera cabala del lotto
Sale,rovesciarlo: molta sfortuna 42,42,253,Smorfia napoletana - La vera cabala del lotto
Sale,se non lo hai: insoddisfazioni; 11,11,253,Smorfia napoletana - La vera cabala del lotto
Salire,le scale: lentamente farai grandi progressi: 72,72,253,Smorfia napoletana - La vera cabala del lotto
Salire,su una scala: raggiungerai facilmente il tuo obiettivo; 43,43,253,Smorfia napoletana - La vera cabala del lotto
Salire,su un albero: trovi da solo gioie e soddisfazioni; 35,35,253,Smorfia napoletana - La vera cabala del lotto
Saliva,scarsa: delusioni 12,12,253,Smorfia napoletana - La vera cabala del lotto
Saliva,abbondante: sei sicuro di avere successo; 31,31,253,Smorfia napoletana - La vera cabala del lotto
Salone,di casa propria: li senti libero in famiglia; 60,60,253,Smorfia napoletana - La vera cabala del lotto
Salone,in cui sei solo: smarrimento; 62,62,253,Smorfia napoletana - La vera cabala del lotto
Salone,affollato: occasioni mondane in cui devi stare attento al tuo comportamento; 67,67,253,Smorfia napoletana - La vera cabala del lotto
Salto,farlo: eviterai un pericolo; 5,5,253,Smorfia napoletana - La vera cabala del lotto
Salto,mortale: corri un grave pericolo; 38,38,253,Smorfia napoletana - La vera cabala del lotto
Salto,riuscito bene: non aver paura degli imprevisti; 90,90,254,Smorfia napoletana - La vera cabala del lotto
Salto,riuscito male: non basarti solo sulle tue forze; 19,19,254,Smorfia napoletana - La vera cabala del lotto
Salutare,buoni rapporti con gli altri; 85,85,254,Smorfia napoletana - La vera cabala del lotto
Salutare,i familiari: riconciliazione; 60,60,254,Smorfia napoletana - La vera cabala del lotto
Salutare,sconosciuti: devi essere meno timido; 55,55,254,Smorfia napoletana - La vera cabala del lotto
Salutare,un nemico: diventerà un amico; 19,19,254,Smorfia napoletana - La vera cabala del lotto
Salvadanaio,romperlo: spesa imprevista; 50,50,254,Smorfia napoletana - La vera cabala del lotto
Salvadanaio,riempirlo: autodisciplina; 66,66,254,Smorfia napoletana - La vera cabala del lotto
Salvadanaio,vederlo: pensi che anche i piccoli guadagni siano importanti; 76,76,254,Smorfia napoletana - La vera cabala del lotto
Salvadanaio,regalarlo: consigli di essere prudenti nelle spese; 14,14,254,Smorfia napoletana - La vera cabala del lotto
Salvadanaio,vederlo rotto da un altro: sei molto diffidente; 17,17,254,Smorfia napoletana - La vera cabala del lotto
Salvadanaio,salvarsi: hai molte risorse; 10,10,254,Smorfia napoletana - La vera cabala del lotto
Salvia,vederla: dispiaceri; 3,3,254,Smorfia napoletana - La vera cabala del lotto
Salvia,odorarla: grande sensibilità; 5,5,254,Smorfia napoletana - La vera cabala del lotto
Salvia,mangiarla: buona salute; 8,8,254,Smorfia napoletana - La vera cabala del lotto
Sangue,energia: simbolo della vita; 18,18,254,Smorfia napoletana - La vera cabala del lotto
Sangue,vederlo uscire da una ferita: i tuoi problemi sono interiori; 72,72,255,Smorfia napoletana - La vera cabala del lotto
Sangue,"non vederlo quando si è feriti: non riesci a renderti conto delle tue sofferenze, 35",35,255,Smorfia napoletana - La vera cabala del lotto
Sangue,essere sporchi di sangue: sensi di colpa o timore per la propria salute; 17,17,255,Smorfia napoletana - La vera cabala del lotto
Sangue,bere sangue: acquisterai una nuova vitalità; 56,56,255,Smorfia napoletana - La vera cabala del lotto
Sangue,sputare sangue: ti attendono grandi sofferenze; 14,14,255,Smorfia napoletana - La vera cabala del lotto
Sangue,vederlo per terra: ricordi dolorosi; 16,16,255,Smorfia napoletana - La vera cabala del lotto
Sangue,dal naso: piccoli problemi; 18,18,255,Smorfia napoletana - La vera cabala del lotto
Sapone,inganni che subirai; 18,18,255,Smorfia napoletana - La vera cabala del lotto
Sapone,lavarsi con il sapone: vuoi scordare gli errori fatti; 76,76,255,Smorfia napoletana - La vera cabala del lotto
Sapone,vedere la schiuma: risolverai facilmente una situazione; 23,23,255,Smorfia napoletana - La vera cabala del lotto
Sapone,che si scioglie: sai di andare incontro ad una situazione pericolosa; 4,4,255,Smorfia napoletana - La vera cabala del lotto
Sapone,mangiare sapone: momenti difficili; 70,70,255,Smorfia napoletana - La vera cabala del lotto
Sarto,di ogni persona non ti sfugge nulla; 11,11,255,Smorfia napoletana - La vera cabala del lotto
Sarto,esserlo: probabili discussioni in famiglia; 50,50,255,Smorfia napoletana - La vera cabala del lotto
Sarto,vederlo: buona situazione economica; 54,54,255,Smorfia napoletana - La vera cabala del lotto
Sarto,ordinargli un abito: vuoi distinguerli dagli altri; 49,49,255,Smorfia napoletana - La vera cabala del lotto
Sarto,se li prende le misure: sei capace di farti apprezzare; 43,43,255,Smorfia napoletana - La vera cabala del lotto
Sassate,tirarle: colpirai violentemente un avversario; 42,42,255,Smorfia napoletana - La vera cabala del lotto
Sassate,riceverle: una persona impulsiva h danneggerà; 90,90,255,Smorfia napoletana - La vera cabala del lotto
Sasso,che ti colpisce: sarai accusato duramente; 45,45,255,Smorfia napoletana - La vera cabala del lotto
Sasso,colpire con un sasso: l'accusa fatta verrà ricordata a lungo; 38,38,256,Smorfia napoletana - La vera cabala del lotto
Sbarrare,la porta: hai molta paura; 48,48,256,Smorfia napoletana - La vera cabala del lotto
Sbarrare,le finestre: temi che dei segreti vengano scoperti; 8,8,256,Smorfia napoletana - La vera cabala del lotto
Sbarrare,gli occhi: incredulità; 76,76,256,Smorfia napoletana - La vera cabala del lotto
Sbocciare,nascita in famiglia; 15,15,256,Smorfia napoletana - La vera cabala del lotto
Sbocciare,di un fiore: piccole gioie; 16,16,256,Smorfia napoletana - La vera cabala del lotto
Sbocciare,sentirsi sbocciare: ti ricaricherai; 19,19,256,Smorfia napoletana - La vera cabala del lotto
Scacchi,giocare a scacchi: vuoi mettere a prova la tua intelligenza; 21,21,257,Smorfia napoletana - La vera cabala del lotto
Scacchi,veder giocare: hai paura delle mosse dei tuoi avversari; 18,18,257,Smorfia napoletana - La vera cabala del lotto
Scacchi,vincere: dimostri la tua abilità; 34,34,257,Smorfia napoletana - La vera cabala del lotto
Scacchi,farsi dare scacco matto: perdita sicura; 16,16,257,Smorfia napoletana - La vera cabala del lotto
Scacchi,dare scacco matto: perdita; 41,41,257,Smorfia napoletana - La vera cabala del lotto
Scala,a chiocciola: a poco a poco raggiungerai il successo; 10,10,257,Smorfia napoletana - La vera cabala del lotto
Scala,di pietra: progressi duraturi; 70,70,257,Smorfia napoletana - La vera cabala del lotto
Scala,di legno: la tua volontà ti farà migliorare; 4,4,257,Smorfia napoletana - La vera cabala del lotto
Scala,a pioli: hai obiettivi precisi; 43,43,257,Smorfia napoletana - La vera cabala del lotto
Scala,salire su una scala: la tua costanza sarà premiata; 14,14,257,Smorfia napoletana - La vera cabala del lotto
Scala,con gradini alti: per avere successo dovrai sudare; 44,44,257,Smorfia napoletana - La vera cabala del lotto
Scala,se manca un gradino: incontrerai delle difficoltà facilmente superabili; 41,41,257,Smorfia napoletana - La vera cabala del lotto
Scala,"scendere da una scala: cattivo presagio, perdita economica; 18",18,257,Smorfia napoletana - La vera cabala del lotto
Scala,scendère velocemente: ti arrendi troppo facilmente; 8,8,257,Smorfia napoletana - La vera cabala del lotto
Scala,se non è abbastanza lunga: un imprevisto interromperà la tua carriera; 50,50,257,Smorfia napoletana - La vera cabala del lotto
Scambio,"ferroviario: indecisione, 65",65,258,Smorfia napoletana - La vera cabala del lotto
Scambio,manovrarlo: hai preso una decisione: 71,71,258,Smorfia napoletana - La vera cabala del lotto
Scandalo,sei intollerante 27,27,258,Smorfia napoletana - La vera cabala del lotto
Scandalo,provocarlo: ti piace far parlare di te; 36,36,258,Smorfia napoletana - La vera cabala del lotto
Scapolo,libertà; 76,76,258,Smorfia napoletana - La vera cabala del lotto
Scapolo,se non lo sei: invidi la libertà di chi è scapolo; 53,53,258,Smorfia napoletana - La vera cabala del lotto
Scapolo,esserlo: possibili avventure sentimentali; 61,61,258,Smorfia napoletana - La vera cabala del lotto
Scapolo,vederlo: matrimonio; 51,51,258,Smorfia napoletana - La vera cabala del lotto
Scapolo,scapolo anziano: insoddisfazioni nella sfera affettiva; 40,40,258,Smorfia napoletana - La vera cabala del lotto
Scarabeo,simbolo fortunato; 59,59,258,Smorfia napoletana - La vera cabala del lotto
Scarabeo,che vola: gioia; 50,50,258,Smorfia napoletana - La vera cabala del lotto
Scarabeo,schiacciarlo: ti sei vendicato inutilmente; 54,54,258,Smorfia napoletana - La vera cabala del lotto
Scarafaggio,probabile malattia; 16,16,258,Smorfia napoletana - La vera cabala del lotto
Scarafaggio,"vederne molti: cattivo presagio, potrai ammalarti gravemente; 14",14,258,Smorfia napoletana - La vera cabala del lotto
Scarafaggio,schiacciarli: non ti lasci abbattere; 15,15,258,Smorfia napoletana - La vera cabala del lotto
Scarafaggio,nel proprio letto: accuse brucianti; 22,22,258,Smorfia napoletana - La vera cabala del lotto
Scarlattina,averla: periodo di ansia; 18,18,258,Smorfia napoletana - La vera cabala del lotto
Scarlattina,essere contagiati: una persona h ha comunicato la tua ansia; 83,83,258,Smorfia napoletana - La vera cabala del lotto
Scarlattina,contagiare: coinvolgi gli altri nei tuoi problemi; 31,31,258,Smorfia napoletana - La vera cabala del lotto
Scarpe,calzarle: breve viaggio; 52,52,259,Smorfia napoletana - La vera cabala del lotto
Scarpe,vecchie: problemi economici; 81,81,259,Smorfia napoletana - La vera cabala del lotto
Scarpe,nuove: momenti faticosi; 51,51,259,Smorfia napoletana - La vera cabala del lotto
Scarpe,strette: ristrettezze; 64,64,259,Smorfia napoletana - La vera cabala del lotto
Scarpe,di quando ed bambino: non vuoi fard carico di nuove responsabilità; 44,44,259,Smorfia napoletana - La vera cabala del lotto
Scarpe,rotte: ti è difficile prendere l'iniziativa; 68,68,259,Smorfia napoletana - La vera cabala del lotto
Scarpe,non averle: grande povertà; 14,14,259,Smorfia napoletana - La vera cabala del lotto
Scarpe,comperarle: hai molti progetti; 52,52,259,Smorfia napoletana - La vera cabala del lotto
Scarpe,farsele lucidare: li senti superiore; 23,23,259,Smorfia napoletana - La vera cabala del lotto
Scarpe,da donna: fortuna in amore; 47,47,259,Smorfia napoletana - La vera cabala del lotto
Scarpe,blu: malattia; 88,88,259,Smorfia napoletana - La vera cabala del lotto
Scatola,vederla: possibili guadagni; 58,58,259,Smorfia napoletana - La vera cabala del lotto
Scatola,aprirla: scoprirai un segreto; 53,53,259,Smorfia napoletana - La vera cabala del lotto
Scatola,chiuderla: sei diffidente; 54,54,259,Smorfia napoletana - La vera cabala del lotto
Scatola,rotta: non sai mantenere un segreto; 26,26,259,Smorfia napoletana - La vera cabala del lotto
Scatola,di cartone: scarse precauzioni; 71,71,259,Smorfia napoletana - La vera cabala del lotto
Scatola,di latta: hai preso dei provvedimenti giusti; 57,57,259,Smorfia napoletana - La vera cabala del lotto
Scena,di teatro: illusioni; 51,51,259,Smorfia napoletana - La vera cabala del lotto
Scena,smontarla: scopri la falsità di una persona; 24,24,259,Smorfia napoletana - La vera cabala del lotto
Scena,guardarci dentro: scoprirai la verità; 27,27,260,Smorfia napoletana - La vera cabala del lotto
Scena,vederne il montaggio: una persona ti sta ingannando;15,15,260,Smorfia napoletana - La vera cabala del lotto
Scendere,ti arrendi facilmente; 58,58,260,Smorfia napoletana - La vera cabala del lotto
Scendere,da cavallo: la tua situazione finanziaria peggiorerà; 86,86,260,Smorfia napoletana - La vera cabala del lotto
Scendere,da un'automobile: rimanderai un viaggio importante; 88,88,260,Smorfia napoletana - La vera cabala del lotto
Scheletro,pericolo; 27,27,260,Smorfia napoletana - La vera cabala del lotto
Scheletro,per un malato: pessimo presagio; 18,18,260,Smorfia napoletana - La vera cabala del lotto
Scheletro,per una persona sana: non pensare alla morte anche se ti attendono dispiaceri; 81,81,260,Smorfia napoletana - La vera cabala del lotto
Scheletro,dissotterrarlo: questioni sepolte ritorneranno ad angustiarti; 8,8,260,Smorfia napoletana - La vera cabala del lotto
Schiacciare,il tuo carattere è molto forte; 41,41,260,Smorfia napoletana - La vera cabala del lotto
Schiacciare,qualcosa: non ti importa di ferire qualcuno; 47,47,260,Smorfia napoletana - La vera cabala del lotto
Schiacciare,una persona: qualcuno soffre per il tuo modo di fare; 8,8,260,Smorfia napoletana - La vera cabala del lotto
Schiacciare,schiacciarsi un dito: probabile incidente doloroso; 3,3,260,Smorfia napoletana - La vera cabala del lotto
Schiaffo,impulsività; 5,5,260,Smorfia napoletana - La vera cabala del lotto
Schiaffo,darlo: usi gli altri per scaricare le tue tensioni; 15,15,260,Smorfia napoletana - La vera cabala del lotto
Schiaffo,riceverlo: qualcosa ti ferirà 84,84,260,Smorfia napoletana - La vera cabala del lotto
Schiaffo,prendere a schiaffi: offenderai ripetutamente qualcuno; 38,38,260,Smorfia napoletana - La vera cabala del lotto
Schiavo,essere: vuoi liberarti da obblighi pesanti; 31,31,260,Smorfia napoletana - La vera cabala del lotto
Schiavo,vederlo: una persona che lavora senza remunerazione; 24,24,261,Smorfia napoletana - La vera cabala del lotto
Schiavo,comperarlo: sei possessivo; 13,13,261,Smorfia napoletana - La vera cabala del lotto
Schiuma,da bagno: non vuoi rinunciare a dei piaceri; 64,64,261,Smorfia napoletana - La vera cabala del lotto
Schiuma,"vederla: suscettibilità, cambi d'umore; 60",60,261,Smorfia napoletana - La vera cabala del lotto
Schiuma,da barba: autocompiacimento; 12,12,261,Smorfia napoletana - La vera cabala del lotto
Schiuma,dei mare: situazione complicata; 21,21,261,Smorfia napoletana - La vera cabala del lotto
Scialle,sicurezza affettiva; 76,76,261,Smorfia napoletana - La vera cabala del lotto
Scialle,sulle spalle: a volte un aiuto può essere necessario; 72,72,261,Smorfia napoletana - La vera cabala del lotto
Scialle,regalarlo: doni un affetto sincero; 18,18,261,Smorfia napoletana - La vera cabala del lotto
Scialle,avvolgersi in uno scialle: ciò che non conosci ti fa paura; 61,61,261,Smorfia napoletana - La vera cabala del lotto
Sciame,solidarietà; 56,56,261,Smorfia napoletana - La vera cabala del lotto
Sciame,di api: buon presagio; 25 .,25,261,Smorfia napoletana - La vera cabala del lotto
Sciame,di vespe: sei molto ricercato dagli altri; 72,72,261,Smorfia napoletana - La vera cabala del lotto
Sciame,esserne punti: più persone saranno contro di te; 70,70,261,Smorfia napoletana - La vera cabala del lotto
Sciame,possederla: padroneggia i tuoi sentimenti; 83,83,261,Smorfia napoletana - La vera cabala del lotto
Sciame,stuzzicarla: pensi di essere astuto ma non lo sei; 82,82,261,Smorfia napoletana - La vera cabala del lotto
Sciame,sentirla: ti senti fuori posto; 2,2,262,Smorfia napoletana - La vera cabala del lotto
Sciame,vederla: una persona che non consideri; 24,24,262,Smorfia napoletana - La vera cabala del lotto
Scodella,vederla: sicurezza per il futuro; 31,31,262,Smorfia napoletana - La vera cabala del lotto
Scodella,vuota: periodo difficile; 72,72,262,Smorfia napoletana - La vera cabala del lotto
Scodella,piena: nessun problema economico; 27,27,262,Smorfia napoletana - La vera cabala del lotto
Scodella,riempirla: miglioramento negli affari; 76,76,262,Smorfia napoletana - La vera cabala del lotto
Scodella,romperla: momenti difficili; 14,14,262,Smorfia napoletana - La vera cabala del lotto
Scodella,vederlo: una piacevole sorpresa; 13,13,262,Smorfia napoletana - La vera cabala del lotto
Scodella,prenderlo: prendi impegni Impossibili; 14,14,262,Smorfia napoletana - La vera cabala del lotto
Scodella,se ti morde: litigi in famiglia; 1,1,262,Smorfia napoletana - La vera cabala del lotto
Scodella,la madre: sfortuna negli affari; 28,28,263,Smorfia napoletana - La vera cabala del lotto
Scodella,il padre: desideri occuparti di problemi economici; 29,29,263,Smorfia napoletana - La vera cabala del lotto
Scodella,i figli: senti il peso della responsabilità; 73,73,263,Smorfia napoletana - La vera cabala del lotto
Scodella,il coniuge: problemi economici; 10,10,263,Smorfia napoletana - La vera cabala del lotto
Scopare,la casa: novità liete; 24,24,263,Smorfia napoletana - La vera cabala del lotto
Scopare,la strada: piano piano arriverai al successo; 28,28,263,Smorfia napoletana - La vera cabala del lotto
Scopare,una stanza: devi chiarire qualcosa dentro di te; 32,32,263,Smorfia napoletana - La vera cabala del lotto
Scoppio,eventi sorprendenti; 48,48,263,Smorfia napoletana - La vera cabala del lotto
Scoppio,vederlo: novità piacevole; 45,45,263,Smorfia napoletana - La vera cabala del lotto
Scoppio,esserne al centro: ti sei cacciato nei guai; 8,8,263,Smorfia napoletana - La vera cabala del lotto
Scoppio,vicino a te: ti lasci coinvolgere troppo facilmente; 50,50,263,Smorfia napoletana - La vera cabala del lotto
Scoppio,udirlo lontano: un pericolo non ti toccherà; 90,90,263,Smorfia napoletana - La vera cabala del lotto
Scoprire,qualche cosa: potenzialità nascoste; 28,28,263,Smorfia napoletana - La vera cabala del lotto
Scorciatoia,vorresti raggiungere in fretta i tuoi obiettivi; 72,72,263,Smorfia napoletana - La vera cabala del lotto
Scorciatoia,prenderla: hai buon spirito di iniziativa; 54,54,263,Smorfia napoletana - La vera cabala del lotto
Scorciatoia,cercarla: ti impegni modo per avere successo; 22,22,263,Smorfia napoletana - La vera cabala del lotto
Scorciatoia,indicarla: sei una guida sicura per gli alti; 11,11,264,Smorfia napoletana - La vera cabala del lotto
Scorciatoia,farseli indicare: ascolti e utilizzi l'esperienza altrui; 2,2,264,Smorfia napoletana - La vera cabala del lotto
Scorpione,stai lontano dalle cattive amicizie; 78,78,264,Smorfia napoletana - La vera cabala del lotto
Scorpione,vederlo: temi di essere ingannato da chi si professa mio amico; 58,58,264,Smorfia napoletana - La vera cabala del lotto
Scorpione,esserne punto: hai paura di un pericolo che è molto vicino; 44,44,264,Smorfia napoletana - La vera cabala del lotto
Scorpione,vederne molti: sei circondato da insincerità; 2,2,264,Smorfia napoletana - La vera cabala del lotto
Scorpione,segno zodiacale: sei attivo e ottimista; 50,50,264,Smorfia napoletana - La vera cabala del lotto
Scottare,ti senti pericoloso; 14,14,264,Smorfia napoletana - La vera cabala del lotto
Scottare,scottarsi: alcune esperienze negative ti bloccano; 88,88,264,Smorfia napoletana - La vera cabala del lotto
Scottare,i piedi: cambia ambiente; 74,74,264,Smorfia napoletana - La vera cabala del lotto
Scrigno,un segreto per cui provi vergogna; 90,90,264,Smorfia napoletana - La vera cabala del lotto
Scrigno,trovarlo: vivi un momento fortunato; 41,41,264,Smorfia napoletana - La vera cabala del lotto
Scrigno,vederlo: il tuo segreto non verrà scoperto; 83,83,264,Smorfia napoletana - La vera cabala del lotto
Scrigno,aprirlo: quello che saprai ti verrà utile; 60,60,264,Smorfia napoletana - La vera cabala del lotto
Scritto,un preciso ordine; 4,4,264,Smorfia napoletana - La vera cabala del lotto
Scritto,compito: potrai dimostrare quanto vali; 17,17,264,Smorfia napoletana - La vera cabala del lotto
Scritto,leggerlo: devi sapere bene come comportarti; 42,42,264,Smorfia napoletana - La vera cabala del lotto
Scrivere,vuoi comunicare; 61,61,265,Smorfia napoletana - La vera cabala del lotto
Scrivere,bene: sai farti capire; 20,20,265,Smorfia napoletana - La vera cabala del lotto
Scrivere,con errore: le tue parole saranno male interpretate; 21,21,265,Smorfia napoletana - La vera cabala del lotto
Scrivere,da destra a sinistra: hai rimandato da troppo tempo una decisione; 77,77,265,Smorfia napoletana - La vera cabala del lotto
Scrivere,vedere una persona che scrive: temi che qualcuno possa tramare contro di te; 80,80,265,Smorfia napoletana - La vera cabala del lotto
Scuola,ricordi d'infanzia; 60,60,265,Smorfia napoletana - La vera cabala del lotto
Scuola,andare scuola: non ti senti all'altezza dei compiti che devi svolgere; 24,24,265,Smorfia napoletana - La vera cabala del lotto
Scuola,esserci: utilii esperienze; 30,30,265,Smorfia napoletana - La vera cabala del lotto
Scuola,accompagnare i bambini a scuola: sai far fronte alle tue responsabilità; 32,32,265,Smorfia napoletana - La vera cabala del lotto
Scuotere,un albero: vuoi avere lutto quello che è possibile; 63,63,265,Smorfia napoletana - La vera cabala del lotto
Scuotere,una persona: vuoi avere subito delle risposte soddisfacenti; 44,44,265,Smorfia napoletana - La vera cabala del lotto
Scuotere,"il capo: amarezze, delusioni; 80",80,265,Smorfia napoletana - La vera cabala del lotto
Scuotere,scuotersi: hai aperto gli occhi; 68,68,265,Smorfia napoletana - La vera cabala del lotto
Scure,pessimo presagio; 7,7,266,Smorfia napoletana - La vera cabala del lotto
Scure,tenerla in mano: aggressività; 71,71,266,Smorfia napoletana - La vera cabala del lotto
Scure,usarla: soddisfazioni nel campo del lavoro; 13,13,266,Smorfia napoletana - La vera cabala del lotto
Scusa,"chiedere scusa: sei pauroso, accondiscendente; 20",20,266,Smorfia napoletana - La vera cabala del lotto
Scusa,cercare una scusa: non ammetti i tuoi sbagli; 42,42,266,Smorfia napoletana - La vera cabala del lotto
Scusa,ricevere le scuse da qualcuno: lo vorresti davvero; 24,24,266,Smorfia napoletana - La vera cabala del lotto
Secchio,simboleggia la donna o la maternità; 24,24,266,Smorfia napoletana - La vera cabala del lotto
Secchio,pieno: probabile nascita; 41,41,266,Smorfia napoletana - La vera cabala del lotto
Secchio,vuoto: miseria in famiglia; 52,52,266,Smorfia napoletana - La vera cabala del lotto
Secchio,riempirlo: la tua situazione affettiva e finanziaria migliorerà; 65,65,266,Smorfia napoletana - La vera cabala del lotto
Sedano,brutto presagio; 36,36,266,Smorfia napoletana - La vera cabala del lotto
Sedano,comperarlo: diffida delle nuove conoscenze; 40,40,266,Smorfia napoletana - La vera cabala del lotto
Sedano,mangiarlo: fai attenzione alla salute; 28,28,266,Smorfia napoletana - La vera cabala del lotto
Sedia,posizione sicura; 70,70,266,Smorfia napoletana - La vera cabala del lotto
Sedia,vederla: stanchezza; 34,34,266,Smorfia napoletana - La vera cabala del lotto
Sedia,sedersi: momenti di riposo; 43,43,267,Smorfia napoletana - La vera cabala del lotto
Segnalare,un pericolo: solidarietà; 11,11,267,Smorfia napoletana - La vera cabala del lotto
Segnalare,vedere un segnale: riuscirai ad evitare un pericolo appena in tempo; 61,61,267,Smorfia napoletana - La vera cabala del lotto
Segreto,le cose ricche di mistero ti attirano; 11,11,267,Smorfia napoletana - La vera cabala del lotto
Seguire,non hai fiducia in te stesso; 70,70,267,Smorfia napoletana - La vera cabala del lotto
Seguire,un bambino: affidati all'istinto; 11,11,267,Smorfia napoletana - La vera cabala del lotto
Seguire,una persona: quella persona rappresenta per te la sicurezza; 16,16,267,Smorfia napoletana - La vera cabala del lotto
Seguire,un animale: devi essere più deciso; 3,3,267,Smorfia napoletana - La vera cabala del lotto
Seguire,la corrente: fai come decide la maggioranza; 52,52,267,Smorfia napoletana - La vera cabala del lotto
Seguire,essere seguiti: ti ritieni esperto; 80,80,267,Smorfia napoletana - La vera cabala del lotto
Seguire,essere seguiti furtivamente: temi qualche cosa; 26,26,267,Smorfia napoletana - La vera cabala del lotto
Selvaggio,istinti incontrollati; 28,28,267,Smorfia napoletana - La vera cabala del lotto
Selvaggio,esserlo: a volte sei troppo impulsivo; 33,33,267,Smorfia napoletana - La vera cabala del lotto
Selvaggio,vederlo: una persona imprevedibile; 41,41,267,Smorfia napoletana - La vera cabala del lotto
Selvaggio,vederne molti: tra colleghi non vi comprendete; 45,45,267,Smorfia napoletana - La vera cabala del lotto
Selvaggio,parlare con un selvaggio: ti sforzi di capire una persona che non stimi; 60,60,267,Smorfia napoletana - La vera cabala del lotto
Semaforo,rosso: preoccupazioni; 41,41,268,Smorfia napoletana - La vera cabala del lotto
Semaforo,verde: successo; 23,23,268,Smorfia napoletana - La vera cabala del lotto
Semaforo,giallo: piccole preoccupazioni; 12,12,268,Smorfia napoletana - La vera cabala del lotto
Semi,buoni investimenti; 62,62,268,Smorfia napoletana - La vera cabala del lotto
Semi,vederlo: probabile successo; 12,12,268,Smorfia napoletana - La vera cabala del lotto
Semi,comperarli: vuoi a tutti i costi arrivare; 15,15,268,Smorfia napoletana - La vera cabala del lotto
Semi,se qualcuno li mangia: perdita di denaro; 21,21,268,Smorfia napoletana - La vera cabala del lotto
Semi,se li mangiano gli uccelli: alcuni imprevisti ti rovineranno gli affari; 34,34,268,Smorfia napoletana - La vera cabala del lotto
Semi,mangiarli: situazione economica instabile; 60,60,268,Smorfia napoletana - La vera cabala del lotto
Semolino,indecisione; 69,69,268,Smorfia napoletana - La vera cabala del lotto
Semolino,mangiarlo: accetti tutto senza protestare; 80,80,268,Smorfia napoletana - La vera cabala del lotto
Seno,per un uomo: ricchezza; 28,28,268,Smorfia napoletana - La vera cabala del lotto
Seno,"abbondante: buona salute, prosperità in famiglia; 56",56,268,Smorfia napoletana - La vera cabala del lotto
Seno,malato: possibile malattia; 80,80,268,Smorfia napoletana - La vera cabala del lotto
Seno,averla: desiderio di rapporti sessuali; 27,27,268,Smorfia napoletana - La vera cabala del lotto
Sentiero,vederlo: hai ancora delle speranze; 41,41,268,Smorfia napoletana - La vera cabala del lotto
Sentiero,tortuoso: ripensamenti; 54,54,269,Smorfia napoletana - La vera cabala del lotto
Sentiero,perderlo: ti sei lasciato scappare la tua unica occasione; 53,53,269,Smorfia napoletana - La vera cabala del lotto
Separazione,solitudine profonda; 31,31,269,Smorfia napoletana - La vera cabala del lotto
Separazione,voluta: ripensamenti; 35,35,269,Smorfia napoletana - La vera cabala del lotto
Separazione,legale: vuoi essere autonomo; 40,40,269,Smorfia napoletana - La vera cabala del lotto
Sepolcro,tristezza; 49,49,269,Smorfia napoletana - La vera cabala del lotto
Sepolcro,essere messi in un sepolcro: buon presagio; 35,35,269,Smorfia napoletana - La vera cabala del lotto
Sepolcro,se si è vivi: la punizione che h è stata inflitta è ingiusta; 36,36,269,Smorfia napoletana - La vera cabala del lotto
Sepolcro,vederlo rotto: cattivo presagio; 43,43,269,Smorfia napoletana - La vera cabala del lotto
Sepolcro,veder seppellire qualcuno: speranze di guarire; 50,50,269,Smorfia napoletana - La vera cabala del lotto
Seppellire,vuoi dimenticare una brutta esperienza; 27,27,269,Smorfia napoletana - La vera cabala del lotto
Seppellire,qualcuno vivo: vuoi ignorare una situazione; 46,46,269,Smorfia napoletana - La vera cabala del lotto
Seppellire,un tesoro: vincita; 38,38,269,Smorfia napoletana - La vera cabala del lotto
Seppellire,"essere sepolti: fortuna, buon presagio, 27",27,269,Smorfia napoletana - La vera cabala del lotto
Seppellire,"seppellirsi: depressione, 16",16,269,Smorfia napoletana - La vera cabala del lotto
Seppellire,in un luogo pubblico: vorresti diventare famoso; 30,30,269,Smorfia napoletana - La vera cabala del lotto
Serpente,inganni; 69,69,270,Smorfia napoletana - La vera cabala del lotto
Serpente,vederlo: sei adulato da qualcuno; 58,58,270,Smorfia napoletana - La vera cabala del lotto
Serpente,a più teste: massima seduzione; 8,8,270,Smorfia napoletana - La vera cabala del lotto
Serpente,calpestarlo: pestare i piedi agli amici può essere pericoloso; 12,12,270,Smorfia napoletana - La vera cabala del lotto
Serpente,essere morso: malattia; 64,64,270,Smorfia napoletana - La vera cabala del lotto
Serpente,"ucciderlo: ottimo presagio, vittoria sui nemici; 62",62,270,Smorfia napoletana - La vera cabala del lotto
Serpente,essere avvolto nelle sue spire: i nemici ti vinceranno; 40,40,270,Smorfia napoletana - La vera cabala del lotto
Serpente,a sonagli: una persona subdola si avvicinerà a te annunciandosi; 23,23,270,Smorfia napoletana - La vera cabala del lotto
Serpente,prendere in mano un serpente: i tradimenti non ti fanno paura; 51,51,270,Smorfia napoletana - La vera cabala del lotto
Serpente,mordere un serpente: ti vendicherai di un falso amico; 33,33,270,Smorfia napoletana - La vera cabala del lotto
Serpente,essere circondati dai serpenti: sei troppo pessimista; 48,48,270,Smorfia napoletana - La vera cabala del lotto
Serra,con fiori: lievi preoccupazioni; 40,40,270,Smorfia napoletana - La vera cabala del lotto
Serra,trovarsi in una serra: vivi super protetto; 39,39,270,Smorfia napoletana - La vera cabala del lotto
Serra,vedere qualcuno in una serra: invidi la sua sicurezza; 43,43,270,Smorfia napoletana - La vera cabala del lotto
Serratura,forzarla: raggiungi i tuoi obiettivi barando; 14,14,270,Smorfia napoletana - La vera cabala del lotto
Serratura,aprirla: conquiste facili; 51,51,271,Smorfia napoletana - La vera cabala del lotto
Serratura,vedere la propria: sicurezza; 41,41,271,Smorfia napoletana - La vera cabala del lotto
Serratura,non riuscire ad aprire la propria: qualcuno ti minaccia; 43,43,271,Smorfia napoletana - La vera cabala del lotto
Serratura,per un uomo: hai difficoltà a conquistare la persona che ami; 45,45,271,Smorfia napoletana - La vera cabala del lotto
Serratura,per una donna: desiderio di evasione; 61,61,271,Smorfia napoletana - La vera cabala del lotto
Seta,abito: sei molto disinvolto e ti senti a tuo agio ovunque; 26,26,271,Smorfia napoletana - La vera cabala del lotto
Seta,comperarla: il tuo benessere sarà di breve durata; 72,72,271,Smorfia napoletana - La vera cabala del lotto
Seta,portarla: esibizionismo; 18,18,271,Smorfia napoletana - La vera cabala del lotto
Sete,placarla: ottimo presagio; 51,51,271,Smorfia napoletana - La vera cabala del lotto
Sete,"averne molta: ansie, problemi; 44",44,271,Smorfia napoletana - La vera cabala del lotto
Sete,vedere acqua e non berla: devi deciderti su cosa vuoi realmente; 50,50,271,Smorfia napoletana - La vera cabala del lotto
Sete,non riuscire a bere: non riesci ad avere quello che vuoi; 23,23,271,Smorfia napoletana - La vera cabala del lotto
Sette,è un numero sacro; 14,14,271,Smorfia napoletana - La vera cabala del lotto
Sette,scriverlo: i tuoi sentimenti vinceranno la ragione; 13,13,271,Smorfia napoletana - La vera cabala del lotto
Sette,vederlo: vincita sicura; 18,18,271,Smorfia napoletana - La vera cabala del lotto
Sfera,simbolo di perfezione; 55,55,271,Smorfia napoletana - La vera cabala del lotto
Sfera,vederla: equilibrio interiore; 40,40,271,Smorfia napoletana - La vera cabala del lotto
Sfera,di cristallo: non lasciarti condizionare: 3,3,271,Smorfia napoletana - La vera cabala del lotto
Sfida,"aggressività, odio; 14",14,272,Smorfia napoletana - La vera cabala del lotto
Sfida,vincerla: ti credi invincibile; 31,31,272,Smorfia napoletana - La vera cabala del lotto
Sfida,accettarla: hai troppa fiducia in te stesso; 40,40,272,Smorfia napoletana - La vera cabala del lotto
Sfida,perderla: non ti fidi delle tue possibilità; 8,8,272,Smorfia napoletana - La vera cabala del lotto
Sfondare,una finestra: sei troppo impulsivo: 53,53,272,Smorfia napoletana - La vera cabala del lotto
Sfregiare,qualcuno: il tuo agire lascerà un segno; 31,31,272,Smorfia napoletana - La vera cabala del lotto
Sfregiare,essere sfregiati: una persona crudele che non riesci a dimenticare; 36,36,272,Smorfia napoletana - La vera cabala del lotto
Sgomberare,noie; 14,14,272,Smorfia napoletana - La vera cabala del lotto
Sgomberare,una casa: è l'inizio di un nuovo periodo; 18,18,272,Smorfia napoletana - La vera cabala del lotto
Sgomberare,una stanza: il tuo carattere è migliorato; 76,76,272,Smorfia napoletana - La vera cabala del lotto
Sgombro,mangiarlo: inattività; 60,60,272,Smorfia napoletana - La vera cabala del lotto
Sigaretta,"tensione, nervosismo; 56",56,273,Smorfia napoletana - La vera cabala del lotto
Sigaretta,vederla: ti manca qualche cosa; 60,60,273,Smorfia napoletana - La vera cabala del lotto
Sigaretta,fumarla: inutili avventure; 71,71,273,Smorfia napoletana - La vera cabala del lotto
Silenzio,buon presagio; 90,90,273,Smorfia napoletana - La vera cabala del lotto
Silenzio,minaccioso: sei perseguitato dai complessi di colpa; 82,82,273,Smorfia napoletana - La vera cabala del lotto
Silenzio,"rompere il silenzio: decisioni, coraggio; 70",70,273,Smorfia napoletana - La vera cabala del lotto
Silenzio,ordinare il silenzio: hai molta paura; 75,75,273,Smorfia napoletana - La vera cabala del lotto
Sinistra,scelta istintiva; 76,76,273,Smorfia napoletana - La vera cabala del lotto
Sirena,dell'ambulanza: sei veramente preoccupato; 51,51,273,Smorfia napoletana - La vera cabala del lotto
Sirena,della polizia: qualcosa sulla coscienza non ti fa dormire sonni tranquilli; 57,57,273,Smorfia napoletana - La vera cabala del lotto
Slegare,un pacco: ti illudi; 45,45,273,Smorfia napoletana - La vera cabala del lotto
Slegare,un animale: potrai esprimerti; 8,8,273,Smorfia napoletana - La vera cabala del lotto
Slegare,slegarsi: vuoi essere indipendente; 63,63,273,Smorfia napoletana - La vera cabala del lotto
Slitta,buon presagio; 38,38,273,Smorfia napoletana - La vera cabala del lotto
Slitta,salirvi: sarai facilitato nell'intraprendere un'impresa; 42,42,273,Smorfia napoletana - La vera cabala del lotto
Slitta,correre in slitta: facili successi che ti procureranno delle emozioni; 4,4,273,Smorfia napoletana - La vera cabala del lotto
Slitta,cadere dalla slitta: inizio di un periodo difficile e sfortunato; 12,12,273,Smorfia napoletana - La vera cabala del lotto
Smalto,oggetto di smalto: beni motto alle apparenze; 39,39,274,Smorfia napoletana - La vera cabala del lotto
Smalto,per le unghie: vanità; 51,51,274,Smorfia napoletana - La vera cabala del lotto
Smalto,pittura: cambiamenti superficiali; 40,40,274,Smorfia napoletana - La vera cabala del lotto
Smarrimento,incertezze; 78,78,274,Smorfia napoletana - La vera cabala del lotto
Smarrimento,di un oggetto prezioso: periodo molto triste; 65,65,274,Smorfia napoletana - La vera cabala del lotto
Smarrimento,smarrire: dovrai soffrire prima di trovare ciò che desideri. 89,89,274,Smorfia napoletana - La vera cabala del lotto
Smeraldo,è possibile che i tuoi sogni si avverino; 36,36,274,Smorfia napoletana - La vera cabala del lotto
Smeraldo,riceverlo in dono: la tua situazione economica cambierà; 38,38,274,Smorfia napoletana - La vera cabala del lotto
Smeraldo,comperarlo: non hai nessun problema; 41,41,274,Smorfia napoletana - La vera cabala del lotto
Smeraldo,portarlo: raggiungerai i tuoi obiettivi: 18,18,274,Smorfia napoletana - La vera cabala del lotto
Soccombere,ti arrendi facilmente; 10,10,274,Smorfia napoletana - La vera cabala del lotto
Soccombere,"ai nemici: non riuscirai a cavartela, 11",11,274,Smorfia napoletana - La vera cabala del lotto
Soccombere,dopo una dura lotta: l'essenziale è fare di tutto; 21,21,274,Smorfia napoletana - La vera cabala del lotto
Soffiare,sul fuoco: vuoi provocare uno scandalo; 29,29,274,Smorfia napoletana - La vera cabala del lotto
Soffiare,soffiare il naso: chiarisci le tue idee; 11,11,274,Smorfia napoletana - La vera cabala del lotto
Soffittta,vederla: povertà; 6,6,274,Smorfia napoletana - La vera cabala del lotto
Soffittta,ingombro di mobili: hai la mente confusa; 19,19,274,Smorfia napoletana - La vera cabala del lotto
Soffittta,pulita: sei razionale; 13,13,274,Smorfia napoletana - La vera cabala del lotto
Soffittta,abitarvi: buon presagio; 8,8,274,Smorfia napoletana - La vera cabala del lotto
Soffittta,andare in soffitta: molti ricordi si affacceranno alla tua mente; 24,24,275,Smorfia napoletana - La vera cabala del lotto
Sogliola,c'è una persona di cui non ti devi fidare; 35,35,275,Smorfia napoletana - La vera cabala del lotto
Soldati,vederli: sei insospettito; 12,12,275,Smorfia napoletana - La vera cabala del lotto
Soldati,fermi: fai attenzione ad un pericolo; 14,14,275,Smorfia napoletana - La vera cabala del lotto
Soldati,in movimento: succederà qualcosa di importante; 58,58,275,Smorfia napoletana - La vera cabala del lotto
Soldati,"feriti: pessimo presagio, subirai dei danni; 75",75,275,Smorfia napoletana - La vera cabala del lotto
Soldati,che ti attaccano: ti senti minacciato: 90,90,275,Smorfia napoletana - La vera cabala del lotto
Sole,"vederlo: ottimo presagio, positività; 49",49,275,Smorfia napoletana - La vera cabala del lotto
Sole,che tramonta: hai dei problemi; 12,12,275,Smorfia napoletana - La vera cabala del lotto
Sole,vederlo brillare: successo in amore; 12,12,275,Smorfia napoletana - La vera cabala del lotto
Sole,sentirlo caldo: buoni affari; 47,47,275,Smorfia napoletana - La vera cabala del lotto
Sole,coperto di nubi: possibili difficoltà; 34,34,275,Smorfia napoletana - La vera cabala del lotto
Sole,che rischiara la casa: gioia in famiglia; 18,18,275,Smorfia napoletana - La vera cabala del lotto
Sonaglio,non vuoi farti notare; 43,43,276,Smorfia napoletana - La vera cabala del lotto
Sopportare,persone: la tua libertà personale è in pericolo; 10,10,276,Smorfia napoletana - La vera cabala del lotto
Sopportare,cose spiacevoli: non rassegnarti; 24,24,276,Smorfia napoletana - La vera cabala del lotto
Sopportare,pesi: pesanti responsabilità; 14,14,276,Smorfia napoletana - La vera cabala del lotto
Soprabito,vederlo: prudenza; 22,22,276,Smorfia napoletana - La vera cabala del lotto
Soprabito,"indossarlo: vorresti nasconderti, 73",73,276,Smorfia napoletana - La vera cabala del lotto
Soprabito,vecchio: non sei credibile; 59,59,276,Smorfia napoletana - La vera cabala del lotto
Sopracciglia,segno di carattere; 43,43,276,Smorfia napoletana - La vera cabala del lotto
Sopracciglia,sottile: sei calcolatore; 51,51,276,Smorfia napoletana - La vera cabala del lotto
Sopracciglia,"marcate: sei ~, prepotente; 62",62,276,Smorfia napoletana - La vera cabala del lotto
Sopracciglia,rasarle: insuccesso; 13,13,276,Smorfia napoletana - La vera cabala del lotto
Sopracciglia,bruciarsela: litigherai con qualcuno in modo violento; 59,59,276,Smorfia napoletana - La vera cabala del lotto
Sopracciglia,non averla: debolezza di carattere: 16,16,276,Smorfia napoletana - La vera cabala del lotto
Sopravvivere,ti fidi delle tue forze; 47,47,276,Smorfia napoletana - La vera cabala del lotto
Sopravvivere,ad una catastrofe: il tuo ottimismo ti sarà di aiuto; 3,3,276,Smorfia napoletana - La vera cabala del lotto
Sopravvivere,ad un pericolo: non ti arrendi mai; 18,18,276,Smorfia napoletana - La vera cabala del lotto
Sordo,senti qualcosa che non avresti mai voluto udire; 79,79,277,Smorfia napoletana - La vera cabala del lotto
Sordo,vederlo: escludi qualcuno dai tuoi discorsi; 13,13,277,Smorfia napoletana - La vera cabala del lotto
Sordo,parlargli: assolute incomprensioni; 53,53,277,Smorfia napoletana - La vera cabala del lotto
Sordo,"sordomuto: vederlo: una persona che non vuole capire, 78",78,277,Smorfia napoletana - La vera cabala del lotto
Sordo,sordomuto: esserlo: non puoi assolutamente competere con gli altri; 28,28,277,Smorfia napoletana - La vera cabala del lotto
Sorgente,vederla: buon presagio; 22,22,277,Smorfia napoletana - La vera cabala del lotto
Sorgente,"asciutta: le continue spese li hanno impoverito, 43",43,277,Smorfia napoletana - La vera cabala del lotto
Sorgente,farvi il bagno: nuova fortuna; 61,61,277,Smorfia napoletana - La vera cabala del lotto
Sorgente,berne l'acqua: buona salute; 14,14,277,Smorfia napoletana - La vera cabala del lotto
Sotterraneo,difficoltà; 70,70,277,Smorfia napoletana - La vera cabala del lotto
Sotterraneo,camminarci: per avere successo devi faticare molto; 70,70,277,Smorfia napoletana - La vera cabala del lotto
Sotterraneo,perdersi: vivi una situazione che sembra non avere vie d'uscita; 89,89,277,Smorfia napoletana - La vera cabala del lotto
Sotterraneo,uscire da un sotterraneo: i tuoi affari riprenderanno ad andare bene; 57,57,277,Smorfia napoletana - La vera cabala del lotto
Sottoscala,esserci: temi tutto e non sai agire; 49,49,277,Smorfia napoletana - La vera cabala del lotto
Sottoscala,vederci qualcuno: sospetti ingiustamente di una persona; 34,34,277,Smorfia napoletana - La vera cabala del lotto
Sottoveste,intimità; 48,48,277,Smorfia napoletana - La vera cabala del lotto
Sottoveste,vedere una donna in sottoveste: sei affascinato da una donna; 59,59,278,Smorfia napoletana - La vera cabala del lotto
Spada,decisione; 39,39,278,Smorfia napoletana - La vera cabala del lotto
Spada,usarla: otterrai ciò che vuoi; 4,4,278,Smorfia napoletana - La vera cabala del lotto
Spada,averla in mano: sei sicuro di conquistare quello che vuoi; 9,9,278,Smorfia napoletana - La vera cabala del lotto
Spada,minacciare con una spada: vuoi convincere gli altri della tua forza; 71,71,278,Smorfia napoletana - La vera cabala del lotto
Spada,spezzarla: hai rischiato troppo; 24,24,278,Smorfia napoletana - La vera cabala del lotto
Spada,essere colpito da una spada: malattia; 46,46,278,Smorfia napoletana - La vera cabala del lotto
Spazzola,per capelli: possibile matrimonio; 52,52,278,Smorfia napoletana - La vera cabala del lotto
Spazzola,per abiti: devi prendere una decisione; 62,62,278,Smorfia napoletana - La vera cabala del lotto
Spazzola,per scarpe: preoccupazioni; 34,34,278,Smorfia napoletana - La vera cabala del lotto
Specchio,vedersi in uno specchio: false adulazioni; 21,21,278,Smorfia napoletana - La vera cabala del lotto
Specchio,vedersi diverso dalla realtà: sei in conflitto con la tua coscienza; 80,80,278,Smorfia napoletana - La vera cabala del lotto
Specchio,vedere un'altra persona: non ti soddisfi; 14,14,278,Smorfia napoletana - La vera cabala del lotto
Specchio,deformante: alteri le tue paure; 26,26,278,Smorfia napoletana - La vera cabala del lotto
Specchio,romperlo: sfortuna in ogni campo; 36,36,278,Smorfia napoletana - La vera cabala del lotto
Spegnere,momento negativo; 81,81,279,Smorfia napoletana - La vera cabala del lotto
Spicchio,avarizia; 49,49,279,Smorfia napoletana - La vera cabala del lotto
Spicchio,d'aglio: qualcuno spettegola sul tuo conto; 62,62,279,Smorfia napoletana - La vera cabala del lotto
Spicchio,d'arancia: piccoli imbrogli; 48,48,279,Smorfia napoletana - La vera cabala del lotto
Spilla,averla: una grande gioia sarà poi fonte di grossi dispiaceri; 58,58,279,Smorfia napoletana - La vera cabala del lotto
Spilla,da balia: sei introverso; 60,60,279,Smorfia napoletana - La vera cabala del lotto
Spilla,d'argento: soddisfazioni di poco conto; 42,42,279,Smorfia napoletana - La vera cabala del lotto
Spilla,d'oro: riconoscimenti; 63,63,279,Smorfia napoletana - La vera cabala del lotto
Spilla,appuntarsela: sei soddisfatto dei tuo operato; 55,55,279,Smorfia napoletana - La vera cabala del lotto
Spilla,vedersela appuntare: i tuoi meriti verranno premiati; 46,46,279,Smorfia napoletana - La vera cabala del lotto
Spilla,pungersi: hai scoperto insidie di cui ignoravi l'esistenza; 88,88,279,Smorfia napoletana - La vera cabala del lotto
Spina,dolori; 35,35,279,Smorfia napoletana - La vera cabala del lotto
Spina,vederla: ami una persona che potrebbe farti soffrire; 62,62,280,Smorfia napoletana - La vera cabala del lotto
Spina,esserne punti: a tue spese imparerai a valutare meglio le persone; 67,67,280,Smorfia napoletana - La vera cabala del lotto
Spina,elettrica: sottovaluti dei pericoli; 28,28,280,Smorfia napoletana - La vera cabala del lotto
Spirito,scherzo: la tua allegria è solo apparente; 50,50,280,Smorfia napoletana - La vera cabala del lotto
Sporcarsi,fai attenzione a non comprometterti. 65,65,280,Smorfia napoletana - La vera cabala del lotto
Sputare,addosso a qualcuno: aggressività; 12,12,281,Smorfia napoletana - La vera cabala del lotto
Sputare,sentenze: il tuo modo di esprimerti ti renderà odioso; 22,22,281,Smorfia napoletana - La vera cabala del lotto
Sputare,se ti sputano addosso: verrai offeso durante una violenta discussione; 13,13,281,Smorfia napoletana - La vera cabala del lotto
Staccionata,vederla: essere sempre protetto ti infastidirà; 16,16,281,Smorfia napoletana - La vera cabala del lotto
Staccionata,costruirla: non hai fiducia nel prossimo; 31,31,281,Smorfia napoletana - La vera cabala del lotto
Staccionata,scavalcarla: ti concedi piccole evasioni; 18,18,281,Smorfia napoletana - La vera cabala del lotto
Staccionata,abbatterla: vuoi scordare il passato e vivere libero; 42,42,281,Smorfia napoletana - La vera cabala del lotto
Stagno,sedere ai bordi di uno stagno: i tuoi progetti riguardano il tuo riposo; 9,9,281,Smorfia napoletana - La vera cabala del lotto
Stagno,con cigni: matrimonio nel prossimo futuro; 19,19,281,Smorfia napoletana - La vera cabala del lotto
Stagno,metallo: periodo fortemente negativo; 88,88,281,Smorfia napoletana - La vera cabala del lotto
Stalla,vederla: il tuo lavoro ti darà noie col tempo; 59,59,281,Smorfia napoletana - La vera cabala del lotto
Stalla,vuota: presagio negativo; 69,69,281,Smorfia napoletana - La vera cabala del lotto
Stalla,con mucche: sei molto prudente nei tuoi affari; 43,43,281,Smorfia napoletana - La vera cabala del lotto
Stalla,con cavalli: hai molti avversari ben preparati; 25,25,281,Smorfia napoletana - La vera cabala del lotto
Stalla,con animali di ogni genere: il successo arriverà sicuramente; 13,13,281,Smorfia napoletana - La vera cabala del lotto
Stanza,ingombra: cerca di essere più logico; 47,47,282,Smorfia napoletana - La vera cabala del lotto
Stanza,passare da una stanza all'altra: cambiamenti d'umore; 43,43,282,Smorfia napoletana - La vera cabala del lotto
Stanza,trovarne una vuota: ti sei riscoperto delle qualità che puoi sfruttare; 54,54,282,Smorfia napoletana - La vera cabala del lotto
Statua,di pietra: ami senza essere riamato; 64,64,282,Smorfia napoletana - La vera cabala del lotto
Statua,"di marmo: solidità finanziaria, 55",55,282,Smorfia napoletana - La vera cabala del lotto
Statua,d'oro: fortuna; 30,30,282,Smorfia napoletana - La vera cabala del lotto
Statua,"rotta: una persona vuole danneggiarti, 42",42,282,Smorfia napoletana - La vera cabala del lotto
Statua,"che sì muove: turbamenti profondi, 51",51,282,Smorfia napoletana - La vera cabala del lotto
Statua,diventare una statua: brutto presagio; 70,70,282,Smorfia napoletana - La vera cabala del lotto
Stazione,devi essere più deciso; 50,50,282,Smorfia napoletana - La vera cabala del lotto
Stazione,se parti: troverai un ottimo lavoro; 44,44,282,Smorfia napoletana - La vera cabala del lotto
Stazione,trovarti: momenti di confusione; 4,4,282,Smorfia napoletana - La vera cabala del lotto
Stazione,arrivare: ritorni indietro sui tuoi passi; 63,63,282,Smorfia napoletana - La vera cabala del lotto
Stazione,accompagnare chi parte: conoscerai una persona motto interessante; 52,52,282,Smorfia napoletana - La vera cabala del lotto
Stazione,essere accompagnati: lascerai qualcuno; 12,12,282,Smorfia napoletana - La vera cabala del lotto
Stella,armonia; 28,28,282,Smorfia napoletana - La vera cabala del lotto
Stella,vederne brillare una: una persona ti starà vicino per tutta la vita; 63,63,282,Smorfia napoletana - La vera cabala del lotto
Stella,vederne una tremare: fine di un amore; 5,5,282,Smorfia napoletana - La vera cabala del lotto
Stella,vederla splendere in cielo: riuscita negli affari; 30,30,283,Smorfia napoletana - La vera cabala del lotto
Stella,che si muove: un avvenimento; 42,42,283,Smorfia napoletana - La vera cabala del lotto
Stella,toccarne una: un sogno si concretizzerà; 18,18,283,Smorfia napoletana - La vera cabala del lotto
Stella,cadente: pericolo; 13,13,283,Smorfia napoletana - La vera cabala del lotto
Stivali,ti imponi con fermezza; 36,36,283,Smorfia napoletana - La vera cabala del lotto
Stivali,infangati: impulsività; 14,14,283,Smorfia napoletana - La vera cabala del lotto
Stivali,ci i tacchi alti: scalata sociale; 70,70,283,Smorfia napoletana - La vera cabala del lotto
Stivali,coi speroni: sfrutti il lavoro altrui per il tuo interesse personale; 71,71,283,Smorfia napoletana - La vera cabala del lotto
Stoffa,vederla: alcuni tuoi progetti avranno fortuna; 50,50,283,Smorfia napoletana - La vera cabala del lotto
Stoffa,tagliarla: la tua creatività ti porterà al successo; 72,72,283,Smorfia napoletana - La vera cabala del lotto
Stoffa,piegar1a: decisioni pericolose; 54,1 54,283,Smorfia napoletana - La vera cabala del lotto
Stomaco,rappresenta la tua capacità di goderti la vita; 90,90,283,Smorfia napoletana - La vera cabala del lotto
Stomaco,dolorante: non sopporti alcune cose; 52,52,283,Smorfia napoletana - La vera cabala del lotto
Stracci,vederli: probabili ricchezze; 63,63,283,Smorfia napoletana - La vera cabala del lotto
Stracci,comperarli: cattivi affari; 71,71,283,Smorfia napoletana - La vera cabala del lotto
Stracci,lavarli: il tuo spirito di iniziativa non servirà monte; 10,10,283,Smorfia napoletana - La vera cabala del lotto
Stracci,appenderlo: affari miseri; 82,82,283,Smorfia napoletana - La vera cabala del lotto
Stracci,gettarli via: riconosci il valore delle cose; 16,16,283,Smorfia napoletana - La vera cabala del lotto
Stracci,essere vestiti di stracci: uno scandalo ti travolgerà; 2,2,283,Smorfia napoletana - La vera cabala del lotto
Strada,rappresenta il tuo futuro; 41,41,284,Smorfia napoletana - La vera cabala del lotto
Strada,stretta: faticherai a raggiungere i tuoi obiettivi; 85,85,284,Smorfia napoletana - La vera cabala del lotto
Strada,larga: la tua esistenza sarà facilitata; 21,21,284,Smorfia napoletana - La vera cabala del lotto
Strada,in discesa: successo; 55,55,284,Smorfia napoletana - La vera cabala del lotto
Strada,in salita: periodo faticoso; 90,90,284,Smorfia napoletana - La vera cabala del lotto
Strada,tortuosa: perderai di vista i tuoi obiettivi; 60,60,284,Smorfia napoletana - La vera cabala del lotto
Strada,deserta: devi contare solo sulle tue forze; 43,43,284,Smorfia napoletana - La vera cabala del lotto
Strada,con altra gente: riceverai degli aiuti; 50,50,284,Smorfia napoletana - La vera cabala del lotto
Strada,affollata: gli avversari sono molti; 27,27,284,Smorfia napoletana - La vera cabala del lotto
Strada,dormire sulla strada: ti sentirai moralmente terra; 31,31,284,Smorfia napoletana - La vera cabala del lotto
Strada,percorrerla: la tua volontà ti porterà al successo; 44,44,284,Smorfia napoletana - La vera cabala del lotto
Strada,trovarla ostruita: perdita economica; 7,7,284,Smorfia napoletana - La vera cabala del lotto
Strada,"con molti incroci: la tua vita è una continua scelta, sei sempre ad un bivio; 23",23,284,Smorfia napoletana - La vera cabala del lotto
Strada,asfaltata: sarai facilitato; 85,85,284,Smorfia napoletana - La vera cabala del lotto
Strada,in terra battuta: faticherai ad andare avanti; 42,42,284,Smorfia napoletana - La vera cabala del lotto
Strage,di persone: la tua famiglia subirà una grande crisi; 50,50,284,Smorfia napoletana - La vera cabala del lotto
Strage,di animali: non sopporti chi sottomette le persone più deboli; 43,43,284,Smorfia napoletana - La vera cabala del lotto
Strage,fare una strage: sei accecato dall'odio; 8,8,284,Smorfia napoletana - La vera cabala del lotto
Strappare,i vestiti: abbandono; 19,19,284,Smorfia napoletana - La vera cabala del lotto
Strappare,i denti: crollo della tua sicurezza; 26,26,285,Smorfia napoletana - La vera cabala del lotto
Strega,"istinto, libertà; 89",89,285,Smorfia napoletana - La vera cabala del lotto
Strega,vecchia: incontri pericolosi; 70,70,285,Smorfia napoletana - La vera cabala del lotto
Strega,giovane: una donna bella e ammaliante; 73,73,285,Smorfia napoletana - La vera cabala del lotto
Strega,frutta: attento ai sogni pericolosi; 14,14,285,Smorfia napoletana - La vera cabala del lotto
Strega,bella: inganni; 16,16,285,Smorfia napoletana - La vera cabala del lotto
Strega,vederne molte: pericolo; 20,20,285,Smorfia napoletana - La vera cabala del lotto
Strega,che ballano: avrai cattive notizie; 32,32,285,Smorfia napoletana - La vera cabala del lotto
Strega,sognare di essere una strega: non ti lasci intimorire da nulla; 40,40,285,Smorfia napoletana - La vera cabala del lotto
Stufa,"calda: successo nel lavoro, calore in famiglia; 4",4,285,Smorfia napoletana - La vera cabala del lotto
Stufa,vederla: una donna affettuosa; 89,89,285,Smorfia napoletana - La vera cabala del lotto
Stufa,fredda: sconforto; 15,15,285,Smorfia napoletana - La vera cabala del lotto
Stufa,accenderla: la famiglia è molto importante per te; 4,4,285,Smorfia napoletana - La vera cabala del lotto
Stufa,comperarla: risolverai dei problemi familiari; 88,88,285,Smorfia napoletana - La vera cabala del lotto
Stufa,bruciarsi: hai puntato tutto sulla tua famiglia; 75,75,285,Smorfia napoletana - La vera cabala del lotto
Sudare,sei preoccupato per il tuo lavoro o per la tua salute: 30,30,285,Smorfia napoletana - La vera cabala del lotto
Sudare,sudare sangue: è un periodo davvero negativo; 33,33,285,Smorfia napoletana - La vera cabala del lotto
Sudare,essere bagnato di sudore: sei depresso; 53,53,285,Smorfia napoletana - La vera cabala del lotto
Suonare,bene: equilibrio; 82,82,286,Smorfia napoletana - La vera cabala del lotto
Suonare,male: conflitti interlori; 13,13,286,Smorfia napoletana - La vera cabala del lotto
Suonare,strumenti a fiato: successo; 12,12,286,Smorfia napoletana - La vera cabala del lotto
Suonare,strumenti a corda: incertezza; 61,61,286,Smorfia napoletana - La vera cabala del lotto
Superare,forza di volontà; 66,66,286,Smorfia napoletana - La vera cabala del lotto
Sveglia,affari in aumento; 10,10,286,Smorfia napoletana - La vera cabala del lotto
Sveglia,non sentirla: a causa della tua pigrizia ti lascerai sfuggire delle ottime occasioni; 69,69,286,Smorfia napoletana - La vera cabala del lotto
Sveglia,caricarla: vuoi ristabilire il tuo programma; 17,17,286,Smorfia napoletana - La vera cabala del lotto
Svegliare,qualcuno: fai reagire una persona molto insicura; 10,10,286,Smorfia napoletana - La vera cabala del lotto
Svegliare,essere svegliati: riceverai delle notizie su cui è giusto riflettere; 13,13,286,Smorfia napoletana - La vera cabala del lotto
Svegliare,svegliarsi: apri gli occhi su; 1l,1,286,Smorfia napoletana - La vera cabala del lotto
Sventolare,un fazzoletto: chiedi aiuto; 84,84,286,Smorfia napoletana - La vera cabala del lotto
Sventolare,una bandiera: sostieni a spada tratta le tue opinioni; 51,51,286,Smorfia napoletana - La vera cabala del lotto
Tabacco,comperarlo: spese di poco conto; 17,17,287,Smorfia napoletana - La vera cabala del lotto
Tabacco,fumarlo: piaceri effimeri; 66,66,287,Smorfia napoletana - La vera cabala del lotto
Tabacco,pianta di tabacco: i tuoi sogni sono irrealizzabili; 77,77,287,Smorfia napoletana - La vera cabala del lotto
Tabacco,da naso: buoni momenti per gli affari; 7,7,287,Smorfia napoletana - La vera cabala del lotto
Tabacco,rovesciarlo per terra: abbandonerai momentaneamente gli amici; 15,15,287,Smorfia napoletana - La vera cabala del lotto
Tafano,qualcuno può farti del male; 64,64,287,Smorfia napoletana - La vera cabala del lotto
Tafano,vederne molti: sei circondato da nemici; 52,52,287,Smorfia napoletana - La vera cabala del lotto
Tafano,esserne punto: una minaccia ti ha colpito; 20,20,287,Smorfia napoletana - La vera cabala del lotto
Tagliare,legna: puoi superare delle difficoltà; 46,46,287,Smorfia napoletana - La vera cabala del lotto
Tagliare,alberi: grossi dispiaceri; 18,18,287,Smorfia napoletana - La vera cabala del lotto
Tagliare,stoffa: modeste soddisfazioni; 71,71,287,Smorfia napoletana - La vera cabala del lotto
Tagliare,le dita: tristezza in famiglia; 2,2,287,Smorfia napoletana - La vera cabala del lotto
Tagliare,i capelli: vuoi fare del male a una persona; 33,33,287,Smorfia napoletana - La vera cabala del lotto
Tagliare,le unghie: hai saldato i tuoi debiti; 18,18,287,Smorfia napoletana - La vera cabala del lotto
Tagliare,tagliarsi con un coltello: ti danneggi con le tue stesse mani; 32,32,287,Smorfia napoletana - La vera cabala del lotto
Tamburo,cattivo presagio; 51,51,288,Smorfia napoletana - La vera cabala del lotto
Tamburo,sentirlo: pericolosi pettegolezzi; 18,18,288,Smorfia napoletana - La vera cabala del lotto
Tamburo,batterlo: successo effimero; 15,15,288,Smorfia napoletana - La vera cabala del lotto
Tana,sicurezza familiare; 84,84,288,Smorfia napoletana - La vera cabala del lotto
Tana,"esserci: a causa della tua insicurezza, devi fare molte rinunce; 82",82,288,Smorfia napoletana - La vera cabala del lotto
Tana,di un animale: una persona si cela per danneggiarti; 15,15,288,Smorfia napoletana - La vera cabala del lotto
Tappeto,possederlo: hai tutto ciò che desideri; 51,51,288,Smorfia napoletana - La vera cabala del lotto
Tappeto,farlo: lavori per la tua famiglia; 58,58,288,Smorfia napoletana - La vera cabala del lotto
Tappeto,esserci sopra: intraprendi pure quello che vuoi perché tutto andrà bene; 60,60,288,Smorfia napoletana - La vera cabala del lotto
Tappeto,volante: rapidi successi. 72,72,288,Smorfia napoletana - La vera cabala del lotto
Tarantola,avrai un grande dispiacere e dovrai andartene di casa per un po'; 26,26,288,Smorfia napoletana - La vera cabala del lotto
Tarantola,esserne morso: angoscia; 51,51,288,Smorfia napoletana - La vera cabala del lotto
Tarlo,vederlo nel legno: qualcuno cerca di ostacolare i tuoi progetti; 18,18,288,Smorfia napoletana - La vera cabala del lotto
Tarlo,sentirlo: sei infastidito da una persona che trama contro di te; 32,32,288,Smorfia napoletana - La vera cabala del lotto
Tartaruga,vederla camminare: i tuoi progressi sono lenti ma costanti; 82,82,289,Smorfia napoletana - La vera cabala del lotto
Tartaruga,vederla in mezzo alla strada: ritarderai un'importante decisione; 71,71,289,Smorfia napoletana - La vera cabala del lotto
Tartaruga,mangiarla: vuoi finalmente realizzarti; 85,85,289,Smorfia napoletana - La vera cabala del lotto
Tasca,piena: guadagni. ma hai anche molte spese; 45,45,289,Smorfia napoletana - La vera cabala del lotto
Tasca,vuota: hai grossi problemi economici; 18,18,289,Smorfia napoletana - La vera cabala del lotto
Tasca,vuotarla: vuoi spendere tutto quello che hai; 9,9,289,Smorfia napoletana - La vera cabala del lotto
Tasca,bucata: continui a perdere soldi; 46,46,289,Smorfia napoletana - La vera cabala del lotto
Tasso,pigrizia; 23,23,289,Smorfia napoletana - La vera cabala del lotto
Tasso,vederlo camminare: una persona pigra ti infastidisce; 28,28,289,Smorfia napoletana - La vera cabala del lotto
Tavola,apparecchiata: gioia familiare; 32,32,289,Smorfia napoletana - La vera cabala del lotto
Tavola,vuota: solitudine; 20,20,289,Smorfia napoletana - La vera cabala del lotto
Tavola,legno: progetti di costruzione; 10,10,289,Smorfia napoletana - La vera cabala del lotto
Tazza,simboleggia la femminilità; 18,18,289,Smorfia napoletana - La vera cabala del lotto
Tazza,vederla: un dono affettuoso; 21,21,289,Smorfia napoletana - La vera cabala del lotto
Tazza,di cristallo: possibili fratture in famiglia; 12,12,289,Smorfia napoletana - La vera cabala del lotto
Tazza,rovesciarlo: perderai la tua serenità; 83,83,290,Smorfia napoletana - La vera cabala del lotto
Tazza,berlo: la tua situazione migliorerà; 80,80,290,Smorfia napoletana - La vera cabala del lotto
Teatro,pieno: insicurezza; 20,20,290,Smorfia napoletana - La vera cabala del lotto
Teatro,vuoto: a poco a poco riuscirai a comprendere una situazione; 40,40,290,Smorfia napoletana - La vera cabala del lotto
Teatro,molto affollato: hai una grande curiosità; 31,31,290,Smorfia napoletana - La vera cabala del lotto
Teatro,assistere ad uno spettacolo: le tue ambizioni saranno soddisfatte; 21,21,290,Smorfia napoletana - La vera cabala del lotto
Teatro,teatro molto grande: grandi soddisfazioni; 27,27,290,Smorfia napoletana - La vera cabala del lotto
Teatro,che brucia: difficoltà in amore; 90,90,290,Smorfia napoletana - La vera cabala del lotto
Teatro,recitarvi: vivrai molte avventure; 88,88,290,Smorfia napoletana - La vera cabala del lotto
Tela,la tua immagine è molto importante; 41,41,290,Smorfia napoletana - La vera cabala del lotto
Tentativo,determinazione e fermezza; 76,76,290,Smorfia napoletana - La vera cabala del lotto
Tentativo,fallito: subirai una sconfitta; 38,38,290,Smorfia napoletana - La vera cabala del lotto
Tentativo,riuscito: nonostante le difficoltà raggiungerai il tuo scopo; 80,80,290,Smorfia napoletana - La vera cabala del lotto
Terra,vederla: sicurezza; 62,62,290,Smorfia napoletana - La vera cabala del lotto
Terra,lavorarla: lavoro duro che non ti darà subito delle soddisfazioni; 4,4,290,Smorfia napoletana - La vera cabala del lotto
Terra,baciarla: delusioni amorose; 52,52,290,Smorfia napoletana - La vera cabala del lotto
Terra,essere ricoperti di terra: ti trovi in una brutta situazione ma riuscirai a salvarti: 80,80,290,Smorfia napoletana - La vera cabala del lotto
Terremoto,un improvviso cambiamento; 89,89,291,Smorfia napoletana - La vera cabala del lotto
Terremoto,esserne coinvolto: vivi una situazione molto triste; 61,61,291,Smorfia napoletana - La vera cabala del lotto
Terremoto,"vederlo: novità nel campo sentimentale e nel lavoro, 53",53,291,Smorfia napoletana - La vera cabala del lotto
Terremoto,con voragini: i tuoi piani falliranno; 70,70,291,Smorfia napoletana - La vera cabala del lotto
Terreno,comperarlo: progetti piani a lunga scadenza; 80,80,291,Smorfia napoletana - La vera cabala del lotto
Terreno,non coltivarlo: hai molta confusione in testa; 17,17,291,Smorfia napoletana - La vera cabala del lotto
Teschio,sei circondato da molti pericoli; 36,36,291,Smorfia napoletana - La vera cabala del lotto
Teschio,vederlo: una persona ti odia e trama contro di te; 34,34,291,Smorfia napoletana - La vera cabala del lotto
Tesoro,nasconderlo: qualcosa che avevi da parte ti verrà preso; 69,69,291,Smorfia napoletana - La vera cabala del lotto
Tesoro,trovarlo: speranze deluse; 68,68,291,Smorfia napoletana - La vera cabala del lotto
Tesoro,seppellirlo: segreti pericolosi; 5,5,291,Smorfia napoletana - La vera cabala del lotto
Testa,vederla: non lasciarti influenzare delle idee altrui; 4,4,291,Smorfia napoletana - La vera cabala del lotto
Testa,piccola: le tue opinioni non saranno ascoltate; 15,15,291,Smorfia napoletana - La vera cabala del lotto
Testa,grossa: successo; 90,90,291,Smorfia napoletana - La vera cabala del lotto
Testa,calva: non avrai quello che desideri; 83,83,291,Smorfia napoletana - La vera cabala del lotto
Testa,rasata: grosse delusioni; 2,2,291,Smorfia napoletana - La vera cabala del lotto
Testa,di un morto: bruttissimo presagio; 43,43,291,Smorfia napoletana - La vera cabala del lotto
Testa,averla tagliata: il tuo orgoglio sarà offeso; 9,9,291,Smorfia napoletana - La vera cabala del lotto
Testa,tagliarla a qualcuno: riuscirai a liberarti da alcune preoccupazioni; 11,11,291,Smorfia napoletana - La vera cabala del lotto
Testa,"mal pettinata: dolori, noia; 17",17,291,Smorfia napoletana - La vera cabala del lotto
Testa,nera: miglioramento in ogni campo; 7,7,292,Smorfia napoletana - La vera cabala del lotto
Testa,di un animale: il tuo istinto ti farà commettere parecchi errori; 77,77,292,Smorfia napoletana - La vera cabala del lotto
Testamento,scriverlo: cattivo presagio; 56,56,292,Smorfia napoletana - La vera cabala del lotto
Testamento,strapparlo: problemi con la giustizia; 80,80,292,Smorfia napoletana - La vera cabala del lotto
Testamento,leggerlo: attendi da molto tempo un'eredità; 63,63,292,Smorfia napoletana - La vera cabala del lotto
Testicoli,vederli: vivi molto male la tua sessualità; 20,20,292,Smorfia napoletana - La vera cabala del lotto
Testicoli,"tagliati: attraverserai un periodo molto difficile, avrai grossi dispiaceri: 69",69,292,Smorfia napoletana - La vera cabala del lotto
Testicoli,grossi: sicurezza economica; 70,70,292,Smorfia napoletana - La vera cabala del lotto
Testicoli,donna con i testicoli: ti sei caricata di pesanti responsabilità; 17,17,292,Smorfia napoletana - La vera cabala del lotto
Tetto,esistenza confortevole; 15,15,292,Smorfia napoletana - La vera cabala del lotto
Tetto,cadere dal tetto: riceverai una notizia che ti sconvolgerà; 43,43,292,Smorfia napoletana - La vera cabala del lotto
Tetto,scoperchiarlo: matrimonio in famiglia; 5,5,292,Smorfia napoletana - La vera cabala del lotto
Tetto,"che brucia: ottimo presagio, avrai fortuna e successo; 43",43,292,Smorfia napoletana - La vera cabala del lotto
Tifo,piccolo malanno; 37,37,292,Smorfia napoletana - La vera cabala del lotto
Tifo,averlo: temi che la tua salute possa peggiorare; 41,41,292,Smorfia napoletana - La vera cabala del lotto
Tiglio,tagliarlo: noie in famiglia; 70,70,292,Smorfia napoletana - La vera cabala del lotto
Tiglio,arrampicarvisi: la tua posizione è solida; 90,90,292,Smorfia napoletana - La vera cabala del lotto
Tigre,vederla: qualcuno insospettabile ti darà molti dispiaceri; 43,43,293,Smorfia napoletana - La vera cabala del lotto
Tigre,ucciderla: ritornerai ad essere ottimista; 28,28,293,Smorfia napoletana - La vera cabala del lotto
Timo,dispiaceri; 30,30,293,Smorfia napoletana - La vera cabala del lotto
Timo,raccoglierlo: rimpianto per le occasioni perse; 32,32,293,Smorfia napoletana - La vera cabala del lotto
Timone,le tue idee sono chiare; 3,3,293,Smorfia napoletana - La vera cabala del lotto
Timone,tenerlo in mano: h fidi solo di te stesso; 1,1,293,Smorfia napoletana - La vera cabala del lotto
Timone,se lo tiene qualcun altro: giudichi sbagliata una decisione presa da altri; 4,4,293,Smorfia napoletana - La vera cabala del lotto
Tinozza,farci il bagno: serenità; 76,76,293,Smorfia napoletana - La vera cabala del lotto
Tinozza,in acqua pulita: dimostrerai la tua completa innocenza; 53,53,293,Smorfia napoletana - La vera cabala del lotto
Tinozza,in acqua sporca: hai delle colpe sulla coscienza; 84,84,293,Smorfia napoletana - La vera cabala del lotto
Tinozza,vedere qualcuno fare il bagno: hai accusato qualcuno ingiustamente; 50,50,293,Smorfia napoletana - La vera cabala del lotto
Tiranno,esserlo: il tuo carattere è debole; 26,26,293,Smorfia napoletana - La vera cabala del lotto
Tiranno,ucciderlo: conquisterai una nuova indipendenza; 26,26,293,Smorfia napoletana - La vera cabala del lotto
Tiranno,vederlo: hai un avversario senza scrupoli; 70,70,293,Smorfia napoletana - La vera cabala del lotto
Tirare,un carro: grosse responsabilità e poche soddisfazioni; 79,79,293,Smorfia napoletana - La vera cabala del lotto
Tirare,capelli: una discussione che non vuoi affrontare; 80,80,293,Smorfia napoletana - La vera cabala del lotto
Tomba,un periodo chiuso per sempre; 5,5,294,Smorfia napoletana - La vera cabala del lotto
Tomba,aperta: nonostante sia tutto finito non ti arrendi; 2,2,294,Smorfia napoletana - La vera cabala del lotto
Tomba,essere in una tomba: longevità; 16,16,294,Smorfia napoletana - La vera cabala del lotto
Tonaca,"vederla: furbizia, 19",19,294,Smorfia napoletana - La vera cabala del lotto
Tonaca,"indossarla, da frate: non fai nulla per modificare il tuo destino; 51",51,294,Smorfia napoletana - La vera cabala del lotto
Tonaca,"indossarla, da monaca: la famiglia per te è tutto; 34",34,294,Smorfia napoletana - La vera cabala del lotto
Tonno,vederlo: perdi le tue speranze; 41,41,294,Smorfia napoletana - La vera cabala del lotto
Tonno,mangiarlo: benessere economico; 37,37,294,Smorfia napoletana - La vera cabala del lotto
Topazio,vuoi metterti in vista; 9,9,294,Smorfia napoletana - La vera cabala del lotto
Topo,i soldi che hai prestato non ti verranno restituiti; 11,11,294,Smorfia napoletana - La vera cabala del lotto
Topo,in casa: la tua fortuna è minacciata; 88,88,294,Smorfia napoletana - La vera cabala del lotto
Topo,vederne motti: periodo molto difficile; 44,44,294,Smorfia napoletana - La vera cabala del lotto
Topo,prenderli: chiarirai dei malintesi; 60,60,294,Smorfia napoletana - La vera cabala del lotto
Topo,in trappola: senti il peso delle tue responsabilità; 78,78,294,Smorfia napoletana - La vera cabala del lotto
Topo,vivo: il tuo coniuge ti è fedele; 23,23,294,Smorfia napoletana - La vera cabala del lotto
Topo,"morto: cattivo presagio, disgrazia in famiglia; 51",51,294,Smorfia napoletana - La vera cabala del lotto
Topo,ucciderne uno: hai eliminato un avversario; 34,34,294,Smorfia napoletana - La vera cabala del lotto
Topo,ucciderne molti: metterai a tacere tutti i tuoi nemici; 71,71,295,Smorfia napoletana - La vera cabala del lotto
Topo,essere assaliti da topi: persone che ti vogliono mettere in difficoltà; 73,73,295,Smorfia napoletana - La vera cabala del lotto
Torace,largo: salute; 51,51,295,Smorfia napoletana - La vera cabala del lotto
Torace,con peli: probabili guadagni; 15,15,295,Smorfia napoletana - La vera cabala del lotto
Torcia,accesa: potrai risolvere un tuo problema; 13,13,295,Smorfia napoletana - La vera cabala del lotto
Torcia,vederla: puoi chiarire dei malintesi; 14,14,295,Smorfia napoletana - La vera cabala del lotto
Torcia,tenerla in mano: vuoi far luce in una situazione; 7,7,295,Smorfia napoletana - La vera cabala del lotto
Torcia,spenta: sei troppo pessimista 15,15,295,Smorfia napoletana - La vera cabala del lotto
Torcia,che illumina: la tua preveggenza ti faciliterà il cammino; 11,11,295,Smorfia napoletana - La vera cabala del lotto
Toro,miglioramento economico; 46,46,295,Smorfia napoletana - La vera cabala del lotto
Toro,comperarlo: litigi in famiglia; 18,18,295,Smorfia napoletana - La vera cabala del lotto
Toro,inferocito: una persona molto impulsiva ti minaccia; 56,56,295,Smorfia napoletana - La vera cabala del lotto
Toro,pacifico: una persona impulsiva ma bonacciona; 16,16,295,Smorfia napoletana - La vera cabala del lotto
Toro,che monta una vacca: buon presagio; 26,26,295,Smorfia napoletana - La vera cabala del lotto
Toro,essere inseguiti: hai provocato un superiore conseguenze; 41,41,295,Smorfia napoletana - La vera cabala del lotto
Toro,ucciderne uno pacifico: perderai un appoggio importante; 53,53,295,Smorfia napoletana - La vera cabala del lotto
Toro,ucciderne uno minaccioso: riuscirai ad evitare un pericolo; 3,3,295,Smorfia napoletana - La vera cabala del lotto
Torre,successo; 74,74,295,Smorfia napoletana - La vera cabala del lotto
Torre,alta: puoi conquistare un’ottima posizione; 19,19,296,Smorfia napoletana - La vera cabala del lotto
Torre,salirvi: hai iniziato la tua scalata sociale; 23,23,296,Smorfia napoletana - La vera cabala del lotto
Torre,che crolla: le tue difese crolleranno; 67,67,296,Smorfia napoletana - La vera cabala del lotto
Torsolo,vederlo: hai avuto tutto ciò che desideravi; 9,9,296,Smorfia napoletana - La vera cabala del lotto
Torsolo,mangiarlo: insoddisfazione pericolosa; 75,75,296,Smorfia napoletana - La vera cabala del lotto
Torsolo,buttarlo via: quello che hai ottenuto ti basta; 39,39,296,Smorfia napoletana - La vera cabala del lotto
Torta,preparata: andrai ad una testa; 9,9,296,Smorfia napoletana - La vera cabala del lotto
Torta,tagliarla a fette: riconosci i meriti in modo imparziale; 5,5,296,Smorfia napoletana - La vera cabala del lotto
Torta,mangiarne una piccola fetta: pensi di meritare di più; 60,60,296,Smorfia napoletana - La vera cabala del lotto
Torta,regalarla: un tuo sentimento non è corrisposto; 50,50,296,Smorfia napoletana - La vera cabala del lotto
Tortora,successo in amore; 63,63,296,Smorfia napoletana - La vera cabala del lotto
Tortora,vederne molte: amidi socievoli; 69,69,296,Smorfia napoletana - La vera cabala del lotto
Tortora,vederle volare via: sai attenuare la tua gelosia; 23,23,296,Smorfia napoletana - La vera cabala del lotto
Tortora,imprigionarle: la tua gelosia non è giustificata; 5,5,296,Smorfia napoletana - La vera cabala del lotto
Tortura,essere torturato: subirai una condanna ingiusta; 11,11,296,Smorfia napoletana - La vera cabala del lotto
Tortura,vedere qualcuno torturato: otterrai quello che desideri con la violenza; 24,24,296,Smorfia napoletana - La vera cabala del lotto
Tortura,torturare qualcuno: sai quali sono i lati peggiori del tuo carattere; 9,9,296,Smorfia napoletana - La vera cabala del lotto
Tortura,torturarsi: vuoi pagare per colpe commesse nel passato; 29,29,296,Smorfia napoletana - La vera cabala del lotto
Tosse,averla: discorsi poco chiari; 72,72,297,Smorfia napoletana - La vera cabala del lotto
Tovaglia,pulita: sincerità in amore; 56,56,297,Smorfia napoletana - La vera cabala del lotto
Tovaglia,macchiata di vino: successo; 18,18,297,Smorfia napoletana - La vera cabala del lotto
Tovaglia,sporca: difficoltà; 32,32,297,Smorfia napoletana - La vera cabala del lotto
Traboccare,vino: allegria incontenibile; 6,6,297,Smorfia napoletana - La vera cabala del lotto
Traboccare,acqua: perdi delle buone occasioni; 38,38,297,Smorfia napoletana - La vera cabala del lotto
Traccia,lasciarla: temi le conseguenze dei tuo agire; 45,45,297,Smorfia napoletana - La vera cabala del lotto
Traccia,vederla: scoprirai i segreti di una persona; 1,1,297,Smorfia napoletana - La vera cabala del lotto
Traccia,cancellarle: vorresti che gli altri scordassero i tuoi sbagli; 9,9,297,Smorfia napoletana - La vera cabala del lotto
Tradimento,non hai sufficiente fiducia negli altri e in te stesso; 17,17,297,Smorfia napoletana - La vera cabala del lotto
Tradimento,essere traditi: pagherai le conseguenze dei tuo agire malvagio; 51,51,297,Smorfia napoletana - La vera cabala del lotto
Tradimento,"tradire qualcuno: coerenza, sicurezza; 25",25,297,Smorfia napoletana - La vera cabala del lotto
Tradimento,l'amante: ti costringi ad essere fedele; 10,10,297,Smorfia napoletana - La vera cabala del lotto
Tradimento,la moglie: la salute non è buona; 36,36,297,Smorfia napoletana - La vera cabala del lotto
Tradimento,il marito: perdite economiche; 21,21,297,Smorfia napoletana - La vera cabala del lotto
Tradimento,con uno sconosciuto: vorresti qualche cosa di nuovo senza sapere però cosa; 45,45,297,Smorfia napoletana - La vera cabala del lotto
Tradimento,rifiutarlo: litigi in famiglia; 45,45,297,Smorfia napoletana - La vera cabala del lotto
Traghetto,"vederlo: sai che puoi contare su un amico, 15",15,298,Smorfia napoletana - La vera cabala del lotto
Traghetto,"essere traghettato: una situazione che temevi complicata, si rivelerà semplice; 66",66,298,Smorfia napoletana - La vera cabala del lotto
Traghetto,traghettare: aiuti delle persone che non ne hanno bisogno; 85,85,298,Smorfia napoletana - La vera cabala del lotto
Traguardo,arrivarci: hai raggiunto il tuo obiettivo; 12,12,298,Smorfia napoletana - La vera cabala del lotto
Tram,se affollato simboleggia l'ottimismo; 27,27,298,Smorfia napoletana - La vera cabala del lotto
Tram,"fermo: discussioni, litigi violenti; 58",58,298,Smorfia napoletana - La vera cabala del lotto
Tram,scendere dal tram: un affare non è andato in porto; 71,71,298,Smorfia napoletana - La vera cabala del lotto
Tranello,organizzarlo: approfitti dell'inesperienza di una persona; 84,84,298,Smorfia napoletana - La vera cabala del lotto
Tranello,cadere in un tranello: modera il tuo ottimismo; 55,55,298,Smorfia napoletana - La vera cabala del lotto
Trappola,tradimento; 11,11,298,Smorfia napoletana - La vera cabala del lotto
Trappola,vederla: ti accorgerai in tempo di essere ingannato; 23,23,298,Smorfia napoletana - La vera cabala del lotto
Trappola,cadervi: ti senti ingannato dagli amici più cari; 20,20,298,Smorfia napoletana - La vera cabala del lotto
Trappola,prepararla: malafede; 38,38,298,Smorfia napoletana - La vera cabala del lotto
Trappola,il coniuge: vuoi sentirti libero; 20,20,299,Smorfia napoletana - La vera cabala del lotto
Trappola,gli amici: non è isolandoti che potrai fare carriera; 84,84,299,Smorfia napoletana - La vera cabala del lotto
Trappola,i fratelli: ti senti autosufficiente; 32,32,299,Smorfia napoletana - La vera cabala del lotto
Trasportare,oggetti: cambi idea molto spesso; 69,69,299,Smorfia napoletana - La vera cabala del lotto
Trasportare,mobili: pensi al futuro; 83,83,299,Smorfia napoletana - La vera cabala del lotto
Trasportare,essere trasportato: vivi passivamente una situazione; 24,24,299,Smorfia napoletana - La vera cabala del lotto
Tre,risolverai una situazione importante e per te si aprirà un nuovo periodo; 2/1,2 1,299,Smorfia napoletana - La vera cabala del lotto
Treccia,hai un po' di confusione in testa; 57,57,299,Smorfia napoletana - La vera cabala del lotto
Treccia,farla: ami profondamente una donna; 63,63,299,Smorfia napoletana - La vera cabala del lotto
Treccia,portarla: situazione poco chiara; 41,41,299,Smorfia napoletana - La vera cabala del lotto
Treccia,tagliarla: vedrai più chiaramente la tua situazione; 83,83,299,Smorfia napoletana - La vera cabala del lotto
Treno,momento fortunato; 87,87,299,Smorfia napoletana - La vera cabala del lotto
Treno,prenderlo: possibili cambiamenti; 17,17,299,Smorfia napoletana - La vera cabala del lotto
Treno,viaggiarvi: senso delle responsabilità; 64,64,299,Smorfia napoletana - La vera cabala del lotto
Treno,perderlo: li senti depresso; 63,63,299,Smorfia napoletana - La vera cabala del lotto
Treno,che deraglia: imprevisti non ti permetteranno di realizzare i tuoi piani; 45,45,299,Smorfia napoletana - La vera cabala del lotto
Treno,"rincorrerlo e salirvi: determinazione, forza d'animo; 17",17,299,Smorfia napoletana - La vera cabala del lotto
Trincea,vuoi difendere una posizione; 6,6,299,Smorfia napoletana - La vera cabala del lotto
Trincea,scavarla: non sopporti i momenti di indecisione; 70,70,299,Smorfia napoletana - La vera cabala del lotto
Trincea,esserci: non cambi idea molto facilmente; 15,15,300,Smorfia napoletana - La vera cabala del lotto
Trofeo,darlo: riconosci i pregi di una persona; 4,4,300,Smorfia napoletana - La vera cabala del lotto
Trofeo,riceverlo: ti ritieni migliore di tutti i tuoi avversari; 78,78,300,Smorfia napoletana - La vera cabala del lotto
Trofeo,guardarlo: ricordi le vittorie avute; 5,5,300,Smorfia napoletana - La vera cabala del lotto
Tromba,suonarla: ingannerai qualcuno; 61,61,300,Smorfia napoletana - La vera cabala del lotto
Tromba,ascoltarla: brutte notizie; 20,20,300,Smorfia napoletana - La vera cabala del lotto
Tromba,tenerla in mano: inutili tentativi; 16,16,300,Smorfia napoletana - La vera cabala del lotto
Tronco,solidità; 54,54,300,Smorfia napoletana - La vera cabala del lotto
Tronco,d'albero: ottimi affari; 26,26,300,Smorfia napoletana - La vera cabala del lotto
Tronco,appoggiarsi: la tua carriera sarà sicura; 2,2,300,Smorfia napoletana - La vera cabala del lotto
Trono,provi invidia per chi ha potere; 70,70,300,Smorfia napoletana - La vera cabala del lotto
Trono,essere seduti: ti ritieni importante e ti verranno date delle grosse responsabilità; 12,12,300,Smorfia napoletana - La vera cabala del lotto
Trota,viva: fortuna; 31,31,300,Smorfia napoletana - La vera cabala del lotto
Trota,morta: brutto presagio; 29,29,300,Smorfia napoletana - La vera cabala del lotto
Trota,pescarla: afferra al volo un'occasione; 50,50,300,Smorfia napoletana - La vera cabala del lotto
Trota,vederla che nuota: godrai di momenti di libertà e serenità; 5,5,300,Smorfia napoletana - La vera cabala del lotto
Trota,mangiarla: attendi delle buone notizie ma verrai deluso; 44,44,300,Smorfia napoletana - La vera cabala del lotto
Truffa,scoprirla: festeggerai con la tua famiglia; 47,47,300,Smorfia napoletana - La vera cabala del lotto
Truffa,subirla: verrai tradito da un amico; 12,12,301,Smorfia napoletana - La vera cabala del lotto
Truffa,truffare qualcuno: sensi di colpa; 11,11,301,Smorfia napoletana - La vera cabala del lotto
Tuberosa,vederla: brutto presagio; 60,60,301,Smorfia napoletana - La vera cabala del lotto
Tuberosa,sentirne il profumo: lutto in famiglia; 53,53,301,Smorfia napoletana - La vera cabala del lotto
Tubo,vederlo: perdita di denaro; 41,41,301,Smorfia napoletana - La vera cabala del lotto
Tubo,dei gas: attenzione ad un pericolo; 8,8,301,Smorfia napoletana - La vera cabala del lotto
Tubo,dell'acqua: avrai poche idee; 36,36,301,Smorfia napoletana - La vera cabala del lotto
Tubo,rotto: dispiaceri nel campo dei lavoro; 53,53,301,Smorfia napoletana - La vera cabala del lotto
Tulipano,facili avventure amorose: 6,6,301,Smorfia napoletana - La vera cabala del lotto
Tulipano,coltivarlo: circondi di attenzioni la persona che ami; 83,83,301,Smorfia napoletana - La vera cabala del lotto
Tulipano,raccoglierlo: conoscerai delle persone molto interessanti; 16,16,301,Smorfia napoletana - La vera cabala del lotto
Tulipano,vederne molti: occasioni liete; 41,41,301,Smorfia napoletana - La vera cabala del lotto
Tumore,forti sensi di colpa; 37,37,301,Smorfia napoletana - La vera cabala del lotto
Tumore,averlo: pensi di non riuscire ad avere quello che desideri; 40,40,301,Smorfia napoletana - La vera cabala del lotto
Tuono,con lampi: imprevisti che h procureranno amare delusioni; 54,54,301,Smorfia napoletana - La vera cabala del lotto
Tuono,senza lampi: una persona cerca in segreto di farti dei male; 16,16,301,Smorfia napoletana - La vera cabala del lotto
Tuorlo,d'uovo: guarirai dopo una lunga malattia; 22,22,301,Smorfia napoletana - La vera cabala del lotto
Tuorlo,mangiarlo: la tua salute è ottima; 83,83,301,Smorfia napoletana - La vera cabala del lotto
Turchesi,raffinatezza; 19,19,302,Smorfia napoletana - La vera cabala del lotto
Turchesi,riceverli in dono: sei amato con rispetto; 23,23,302,Smorfia napoletana - La vera cabala del lotto
Turchesi,portarli: attraverserai un momento motto fortunato; 50,50,302,Smorfia napoletana - La vera cabala del lotto
Turgido,seno: per una donna avventure sentimentali; 66,66,302,Smorfia napoletana - La vera cabala del lotto
Turgido,per un uomo: difficoltà negli affari; 4,4,302,Smorfia napoletana - La vera cabala del lotto
Turista,la tua curiosità sarà appagata; 22,22,302,Smorfia napoletana - La vera cabala del lotto
Turista,esserlo: per te tutto è sempre interessante; 10,10,302,Smorfia napoletana - La vera cabala del lotto
Turista,vederlo: provi invidia per chi si muove liberamente; 53,53,302,Smorfia napoletana - La vera cabala del lotto
Turista,esserlo: vuoi decidere ogni cosa: sei molto autorevole; 18,18,302,Smorfia napoletana - La vera cabala del lotto
Ubriacarsi,"indecisione, impulsività accentuata; probabili perdite economiche, 27",27,302,Smorfia napoletana - La vera cabala del lotto
Ubriacarsi,con vino: disorientamento; 25,25,302,Smorfia napoletana - La vera cabala del lotto
Ubriacarsi,con super alcolici: azioni incontrollabili; 76,76,302,Smorfia napoletana - La vera cabala del lotto
Ubriaco,hai paura di non saperti controllare; 86,86,303,Smorfia napoletana - La vera cabala del lotto
Ubriaco,vedere un ubriaco: fortuna; 19,19,303,Smorfia napoletana - La vera cabala del lotto
Ubriaco,vedersi: non riesci a controllare lì tua vita; 87,87,303,Smorfia napoletana - La vera cabala del lotto
Ubriaco,che canta: gioia che avrà però delle conseguenze negative; 19,19,303,Smorfia napoletana - La vera cabala del lotto
Uccello,pensieri negativi: 15,15,303,Smorfia napoletana - La vera cabala del lotto
Uccello,che vola: vorresti fare un lungo viaggio; 46,46,303,Smorfia napoletana - La vera cabala del lotto
Uccello,che saltella: la tua indecisione ti porterà a non avere successo; 47,47,303,Smorfia napoletana - La vera cabala del lotto
Uccello,che canta: salute; 21,21,303,Smorfia napoletana - La vera cabala del lotto
Uccello,in gabbia: ti senti oppresso vorresti più libertà; 7,7,303,Smorfia napoletana - La vera cabala del lotto
Uccello,che fugge: ritornerai ad essere libero ed indipendente; 2,2,303,Smorfia napoletana - La vera cabala del lotto
Uccello,morto: probabile malattia; 6,6,303,Smorfia napoletana - La vera cabala del lotto
Uccello,che cova: possibile matrimonio; 90,90,303,Smorfia napoletana - La vera cabala del lotto
Uccello,catturarlo: denaro in arrivo; 36,36,303,Smorfia napoletana - La vera cabala del lotto
Uccello,ucciderlo: momento fortunato; 73,73,303,Smorfia napoletana - La vera cabala del lotto
Uccello,vederne molti insieme: parole inutili; 54,54,303,Smorfia napoletana - La vera cabala del lotto
Uccello,rapaci: fai attenzione ad un pericolo; 43,43,303,Smorfia napoletana - La vera cabala del lotto
Uccello,nutrirli: hai un buon rapporto con i tuoi amici; 33,33,303,Smorfia napoletana - La vera cabala del lotto
Uccello,che volano: momento di crisi per i tuoi affari; 60,60,303,Smorfia napoletana - La vera cabala del lotto
Uccello,che volano sopra la tua testa: presagio di fortuna; 71,71,303,Smorfia napoletana - La vera cabala del lotto
Uccello,acquatico: disgrazia; 16/21,16 21,303,Smorfia napoletana - La vera cabala del lotto
Uccello,grande: fortuna; 39,39,303,Smorfia napoletana - La vera cabala del lotto
Uccello,piccolo: libertà; 16,16,303,Smorfia napoletana - La vera cabala del lotto
Uccidere,una persona: vuoi sempre ave re ragione; 2,2,304,Smorfia napoletana - La vera cabala del lotto
Uccidere,un malfattore: i tuoi principi morali sono molto rigidi; 9,9,304,Smorfia napoletana - La vera cabala del lotto
Uccidere,una persona importante: cattivo presagio; 73,73,304,Smorfia napoletana - La vera cabala del lotto
Uccidere,un superiore: le vendette che vuoi mettere in atto sono inutili; 65,65,304,Smorfia napoletana - La vera cabala del lotto
Uccidere,un animale: presagio sfortuna 83,83,304,Smorfia napoletana - La vera cabala del lotto
Uccidere,un bambino: non sei in grado di sopportare le tue responsabilità; 15,15,304,Smorfia napoletana - La vera cabala del lotto
Uccidere,un serpente: separazione; 57,57,304,Smorfia napoletana - La vera cabala del lotto
Udienza,vuoi far sapere qualcosa a tutti; 44,44,304,Smorfia napoletana - La vera cabala del lotto
Udienza,accordata: una persona ti ascolterà; 73,73,304,Smorfia napoletana - La vera cabala del lotto
Udienza,in tribunale: guai con la giustizia; 60,60,304,Smorfia napoletana - La vera cabala del lotto
Udienza,negata: devi tacere; 85,85,304,Smorfia napoletana - La vera cabala del lotto
Udito,buono: cerchi di comprendere qualche cosa; 30,30,304,Smorfia napoletana - La vera cabala del lotto
Udito,cattivo: tutto ti rimarrà oscuro; 43,43,304,Smorfia napoletana - La vera cabala del lotto
Ufficiale,esserlo: vuoi avere successo; 21,21,304,Smorfia napoletana - La vera cabala del lotto
Ufficiale,"vederlo: buon presagio, fortuna; 83",83,304,Smorfia napoletana - La vera cabala del lotto
Ufficiale,di marina: avrai delle buone occasioni; 54,54,304,Smorfia napoletana - La vera cabala del lotto
Ufficiale,ubriaco: succederà uno scandalo di cui parleranno in molti; 5,5,304,Smorfia napoletana - La vera cabala del lotto
Ulcera,preoccupazioni; 90,90,304,Smorfia napoletana - La vera cabala del lotto
Ulcera,averla: i tuoi affari sono in crisi; 54,54,304,Smorfia napoletana - La vera cabala del lotto
Uncino,brutto presagio; 30,30,305,Smorfia napoletana - La vera cabala del lotto
Uncino,averlo in mano: possibili azioni che mancano di correttezza; 7,7,305,Smorfia napoletana - La vera cabala del lotto
Uncino,vederlo: problemi che pensavi di aver superato; 43,43,305,Smorfia napoletana - La vera cabala del lotto
Uncino,usarlo: sei senza scrupoli e dovrai pentirti delle tue azioni; 11,11,305,Smorfia napoletana - La vera cabala del lotto
Unghie,belle: buona salute; 59,59,305,Smorfia napoletana - La vera cabala del lotto
Unghie,brutte: una persona ti odia; 43,43,305,Smorfia napoletana - La vera cabala del lotto
Unghie,corte: momenti di debolezza; 72,72,305,Smorfia napoletana - La vera cabala del lotto
Unghie,lunghe: previdenza; 80,80,305,Smorfia napoletana - La vera cabala del lotto
Unghie,tagliarle: salderai un debito; 13,13,305,Smorfia napoletana - La vera cabala del lotto
Unghie,perderle: discussioni in famiglia; 62,62,305,Smorfia napoletana - La vera cabala del lotto
Unghie,incarnate: sofferenza; 53,53,305,Smorfia napoletana - La vera cabala del lotto
Uniforme,avventure: possibili novità; 89,89,305,Smorfia napoletana - La vera cabala del lotto
Uniforme,portarla: fortuna nel campo dei lavoro e in quello degli affetti; 50,50,305,Smorfia napoletana - La vera cabala del lotto
Uniforme,vederla:vuoi avere successo; 43,43,305,Smorfia napoletana - La vera cabala del lotto
Uniforme,rotta: hai perso di prestigio; 4,4,305,Smorfia napoletana - La vera cabala del lotto
Uniforme,sporca: sei macchiato di un'azione spregevole; 42,42,305,Smorfia napoletana - La vera cabala del lotto
Uniforme,frequentarla: vuoi essere alla pari degli altri; 32,32,305,Smorfia napoletana - La vera cabala del lotto
Uniforme,lasciarla: non ti fidi di te stesso; 43,43,305,Smorfia napoletana - La vera cabala del lotto
Uomo,vederlo (buono): non preoccuparti di nulla; 90,90,306,Smorfia napoletana - La vera cabala del lotto
Uomo,vederlo (cattivo): la diffidenza è un tuo modo d'essere; 53,53,306,Smorfia napoletana - La vera cabala del lotto
Uomo,affettuoso: necessiti di aiuto e protezione; 40,40,306,Smorfia napoletana - La vera cabala del lotto
Uomo,sconosciuto: per una donna: probabili avventure sentimentali; 62,62,306,Smorfia napoletana - La vera cabala del lotto
Uomo,vestito di bianco: le tue ricchezze aumenteranno; 6/63,6 63,306,Smorfia napoletana - La vera cabala del lotto
Uomo,vestito di nero: perdita economica; 13/73,13 73,306,Smorfia napoletana - La vera cabala del lotto
Uovo,rappresenta la vita; 50,50,306,Smorfia napoletana - La vera cabala del lotto
Uovo,vederne molti: la ricchezza che possiedi l'hai meritata; 63,63,306,Smorfia napoletana - La vera cabala del lotto
Uovo,"bianco: gioia, fortuna; 41",41,306,Smorfia napoletana - La vera cabala del lotto
Uovo,"fresco: riceverai delle belle notizie, 53",53,306,Smorfia napoletana - La vera cabala del lotto
Uovo,"marcio: delusioni, problemi difficili da risolvere; 18",18,306,Smorfia napoletana - La vera cabala del lotto
Uovo,sodo: soddisfazioni di poco conto; 73,73,306,Smorfia napoletana - La vera cabala del lotto
Uovo,cotto: la fortuna è dalla tua parte; 70,70,306,Smorfia napoletana - La vera cabala del lotto
Uovo,rotte: possibili disgrazie; 45,45,306,Smorfia napoletana - La vera cabala del lotto
Uovo,mangiarle: approfitta di un momento favorevole; 51,51,306,Smorfia napoletana - La vera cabala del lotto
Uovo,nel nido: gioia in famiglia; 73/80,73 80,306,Smorfia napoletana - La vera cabala del lotto
Uragano,discussioni in famiglia; 77,77,306,Smorfia napoletana - La vera cabala del lotto
Uragano,vederlo: sei in crisi; 70,70,306,Smorfia napoletana - La vera cabala del lotto
Urina,disprezzo; 28,28,306,Smorfia napoletana - La vera cabala del lotto
Urtare,qualcuno: battibecchi; 19,19,306,Smorfia napoletana - La vera cabala del lotto
Urtare,essere urtati: aspettati un grosso dispiacere; 31,31,307,Smorfia napoletana - La vera cabala del lotto
Urtare,contro qualcosa: sei troppo deciso; 4,4,307,Smorfia napoletana - La vera cabala del lotto
Uscire,di casa: attività fruttuose; 10,10,307,Smorfia napoletana - La vera cabala del lotto
Uscire,dalla città: novità gradite; 90,90,307,Smorfia napoletana - La vera cabala del lotto
Usignolo,matrimonio; 8,8,307,Smorfia napoletana - La vera cabala del lotto
Usignolo,catturalo: sarai felice ma una persona soffrirà per causa tua; 31,31,307,Smorfia napoletana - La vera cabala del lotto
Usignolo,che cinguetta: serenità in famiglia; 23,23,307,Smorfia napoletana - La vera cabala del lotto
Ustionare,qualcuno: problemi per i tuoi affari; 24,24,307,Smorfia napoletana - La vera cabala del lotto
Ustionare,essere ustionati: le tue esperienze negative non li sono servite a nulla; 27,27,307,Smorfia napoletana - La vera cabala del lotto
Usuraio,un aiuto interessato; 50,50,307,Smorfia napoletana - La vera cabala del lotto
Usuraio,esserlo: approfitti di una situazione che si è creata o tuo favore; 52,52,307,Smorfia napoletana - La vera cabala del lotto
Utero,desiderio di protezione da ogni pericolo; 5,5,307,Smorfia napoletana - La vera cabala del lotto
Utero,esserci: vuoi liberarti di ogni responsabilità; 43,43,307,Smorfia napoletana - La vera cabala del lotto
Uva,ricchezza ; 19,19,307,Smorfia napoletana - La vera cabala del lotto
Uva,nera: sensi di colpa; 27,27,307,Smorfia napoletana - La vera cabala del lotto
Uva,bianca: innocenza; 20,20,308,Smorfia napoletana - La vera cabala del lotto
Uva,acerba: pettegolezzi che ti fanno stare male; 43,43,308,Smorfia napoletana - La vera cabala del lotto
Uva,mangiarla: buona salute; 58,58,308,Smorfia napoletana - La vera cabala del lotto
Uva,secca: dispiaceri in amore; 52,52,308,Smorfia napoletana - La vera cabala del lotto
Uva,coglierla: ricchezza; 12,12,308,Smorfia napoletana - La vera cabala del lotto
Uva,buttarla via: amarezza; 42,42,308,Smorfia napoletana - La vera cabala del lotto
Uva,passa: dolori; 4/9,4 9,308,Smorfia napoletana - La vera cabala del lotto
Uva,pigiarla con i piedi: fecondità; 40,40,308,Smorfia napoletana - La vera cabala del lotto
Vacanze,averle: desideri un periodo di riposo; 62,62,308,Smorfia napoletana - La vera cabala del lotto
Vacanze,chiederle: sai che il lavoro che ti aspetta è ancora lungo; 31,31,308,Smorfia napoletana - La vera cabala del lotto
Vacanze,desiderarle: desideri essere libero; 59,59,308,Smorfia napoletana - La vera cabala del lotto
Vagone,con bestiame: buon presagio; 62,62,308,Smorfia napoletana - La vera cabala del lotto
Vagone,con persone: la tua famiglia sarà coinvolta in alcuni cambiamenti; 40,40,308,Smorfia napoletana - La vera cabala del lotto
Vagone,"rotto: brutto presagio, ti è difficile accettare una realtà; 70",70,308,Smorfia napoletana - La vera cabala del lotto
Vagone,con merci: attenditi delle nuove ricchezze; 87,87,309,Smorfia napoletana - La vera cabala del lotto
Vagone,"su un binario morto: i tuoi propositi sono destinati ad arenarsi, 59",59,309,Smorfia napoletana - La vera cabala del lotto
Vaiolo,ti senti calunniato; 70,70,309,Smorfia napoletana - La vera cabala del lotto
Vaiolo,averlo: soffri di sensi di colpa per quello che hai commesso; 4,4,309,Smorfia napoletana - La vera cabala del lotto
Vaiolo,vedere qualcuno che lo ha: hai dato un so dispiacere a qualcuno; 15,15,309,Smorfia napoletana - La vera cabala del lotto
Valanga,grave pericolo; 64,64,309,Smorfia napoletana - La vera cabala del lotto
Valanga,di notte: qualcosa che non conosci ti minaccia; 14,14,309,Smorfia napoletana - La vera cabala del lotto
Valanga,di giorno: sei consapevole dei rischi che corri; 28,28,309,Smorfia napoletana - La vera cabala del lotto
Valanga,esserne travolto: sei eccessivamente impaurito; 59,59,309,Smorfia napoletana - La vera cabala del lotto
Valigia,sei pronto per qualsiasi novità; 59,59,309,Smorfia napoletana - La vera cabala del lotto
Valigia,fare la valigia: qualcosa si è definitivamente concluso; 26,26,309,Smorfia napoletana - La vera cabala del lotto
Valigia,tenerla in mano: aspettati dei cambiamenti in famiglia o nel lavoro; 61,61,309,Smorfia napoletana - La vera cabala del lotto
Vampiro,le persone false ti danno motto fastidio; 36,36,309,Smorfia napoletana - La vera cabala del lotto
Vampiro,vederlo: qualcuno approfitterà della tua ingenuità; 12,12,309,Smorfia napoletana - La vera cabala del lotto
Vampiro,essere assalito: perdita di denaro; 11,11,309,Smorfia napoletana - La vera cabala del lotto
Vampiro,che ti succhia il sangue: scoprirai lati negativi di una persona amica; 16,16,309,Smorfia napoletana - La vera cabala del lotto
Vangare,un giardino: piacevole occupazione; 88,88,309,Smorfia napoletana - La vera cabala del lotto
Vangare,un orto: soddisfazioni familiari; 84,84,310,Smorfia napoletana - La vera cabala del lotto
Vangare,campi: ti aspetta un periodo di duro lavoro; 90,90,310,Smorfia napoletana - La vera cabala del lotto
Vangare,sotto il sole: ti attende un periodo insopportabile; 73,73,310,Smorfia napoletana - La vera cabala del lotto
Vangare,terreni incolti: sei all'inizio della tua carriera; 76,76,310,Smorfia napoletana - La vera cabala del lotto
Vapore,situazione confusa; 31,31,310,Smorfia napoletana - La vera cabala del lotto
Vapore,vederlo: esprimerai la tua energia; 16,16,310,Smorfia napoletana - La vera cabala del lotto
Vapore,macchina a vapore: controlli sempre i tuoi gesti; 31,31,310,Smorfia napoletana - La vera cabala del lotto
Vasca,sei molto ambizioso; 19,19,310,Smorfia napoletana - La vera cabala del lotto
Vasca,da bagno: ti ammalerai; 2,2,310,Smorfia napoletana - La vera cabala del lotto
Vasca,piena d'acqua: buon presagio; 60,60,310,Smorfia napoletana - La vera cabala del lotto
Vasca,con pesci: vivi momenti di noia; 46,46,310,Smorfia napoletana - La vera cabala del lotto
Vasca,vuota: situazione difficile; 12,12,310,Smorfia napoletana - La vera cabala del lotto
Vascello,animo romantico; 11,11,310,Smorfia napoletana - La vera cabala del lotto
Vascello,affondato: i tuoi sogni non si realizzeranno; 49,49,310,Smorfia napoletana - La vera cabala del lotto
Vascello,in alto mare: non puoi più rinnegare un proposito; 70,70,310,Smorfia napoletana - La vera cabala del lotto
Vascello,da guerra: è una questione d'onore; 13,13,310,Smorfia napoletana - La vera cabala del lotto
Vascello,in costruzione: illusioni infantili; 4,4,310,Smorfia napoletana - La vera cabala del lotto
Vaso,vederlo: tutto bene in famiglia; 13,13,310,Smorfia napoletana - La vera cabala del lotto
Vaso,grande: pretendi troppo; 43,43,310,Smorfia napoletana - La vera cabala del lotto
Vaso,piccolo: insoddisfazioni; 88,88,310,Smorfia napoletana - La vera cabala del lotto
Vaso,da notte: ricordi d’infanzia; 21,21,311,Smorfia napoletana - La vera cabala del lotto
Vaso,di cristallo: instabilità; 69,69,311,Smorfia napoletana - La vera cabala del lotto
Vaso,d'oro: hai trovato quello che cercavi; 58,58,311,Smorfia napoletana - La vera cabala del lotto
Vaso,antico: sei motto geloso dei tuo passato; 5,5,311,Smorfia napoletana - La vera cabala del lotto
Vaso,con fiori: un nuovo amore; 83,83,311,Smorfia napoletana - La vera cabala del lotto
Vaso,romperlo: contrattempi; 6,6,311,Smorfia napoletana - La vera cabala del lotto
Vassoio,pieno: prendi al volo ciò che ti viene offerto; 36,36,311,Smorfia napoletana - La vera cabala del lotto
Vassoio,vuoto: il piacciono le comodità ma non puoi averle; 21,21,311,Smorfia napoletana - La vera cabala del lotto
Vassoio,con antipasto: vita lussuosa; 11,11,311,Smorfia napoletana - La vera cabala del lotto
Vassoio,con dolci: desideri amorosi; 10,10,311,Smorfia napoletana - La vera cabala del lotto
Vassoio,che ride: felicità e longevità; 77,77,311,Smorfia napoletana - La vera cabala del lotto
Vassoio,in casa: periodo propizio; 80,80,311,Smorfia napoletana - La vera cabala del lotto
Vassoio,diventarlo: stai maturando; 20,20,311,Smorfia napoletana - La vera cabala del lotto
Vedova,esserlo: necessiti di affetto e comprensione; 18,18,311,Smorfia napoletana - La vera cabala del lotto
Vedova,vederla: una donna insincera; 88,88,311,Smorfia napoletana - La vera cabala del lotto
Vedova,con ì figli: hai paura per la tua salute; 49,49,311,Smorfia napoletana - La vera cabala del lotto
Vedova,che si riposa: buon presagio; 63,63,311,Smorfia napoletana - La vera cabala del lotto
Vedova,che si risposa: periodo favorevole; 19,19,311,Smorfia napoletana - La vera cabala del lotto
Vedova,con i figli: hai paura per la tua famiglia; 90,90,312,Smorfia napoletana - La vera cabala del lotto
Vedova,sposarlo: guadagno immediato; 59,59,312,Smorfia napoletana - La vera cabala del lotto
Veggente,vederlo: ti servono dei buoni consigli; 26,26,312,Smorfia napoletana - La vera cabala del lotto
Veggente,andarci: qualcuno ti ingannerà; 9,9,312,Smorfia napoletana - La vera cabala del lotto
Veggente,esserlo: buone possibilità di avere successo; 36,36,312,Smorfia napoletana - La vera cabala del lotto
Veggente,che indovina: una persona ti comprende perfettamente; 4,4,312,Smorfia napoletana - La vera cabala del lotto
Vela,spiegata: hai grandi idee; 84,84,312,Smorfia napoletana - La vera cabala del lotto
Vela,strappata: calo di energie; 80,80,312,Smorfia napoletana - La vera cabala del lotto
Vela,ammainata: momenti di ozio; 55,55,312,Smorfia napoletana - La vera cabala del lotto
Velluto,nero: periodo triste anche se fruttuoso; 30,30,312,Smorfia napoletana - La vera cabala del lotto
Velluto,rosso: successi; 41,41,312,Smorfia napoletana - La vera cabala del lotto
Velluto,vestire dì velluto: ti piace ostentare il tuo successo; 47,47,312,Smorfia napoletana - La vera cabala del lotto
Velluto,comperarlo: non hai problemi economici; 4,4,312,Smorfia napoletana - La vera cabala del lotto
Velluto,nero: cattivo presagio; 48,48,312,Smorfia napoletana - La vera cabala del lotto
Velluto,da monaca: una vocazione religiosa; 32,32,312,Smorfia napoletana - La vera cabala del lotto
Velluto,ricamato: civetterie; 60,60,312,Smorfia napoletana - La vera cabala del lotto
Velluto,di merletto: assisterai ad un matrimonio; 47,47,312,Smorfia napoletana - La vera cabala del lotto
Vena,vitalità; 15,15,312,Smorfia napoletana - La vera cabala del lotto
Vena,tagliata: perdita di energia; 72,72,313,Smorfia napoletana - La vera cabala del lotto
Vena,tagliarsela: dispiaceri; 28,28,313,Smorfia napoletana - La vera cabala del lotto
Vendemmia,"buona: felicità, gioia; 69",69,313,Smorfia napoletana - La vera cabala del lotto
Vendemmia,cattiva: il tuo lavoro non sarà ricompensato; 43,43,313,Smorfia napoletana - La vera cabala del lotto
Vendemmia,in stagione: momenti felici; 2,2,313,Smorfia napoletana - La vera cabala del lotto
Vendemmia,fuori stagione: insieme al tuo tempo perderai anche del denaro; 33,33,313,Smorfia napoletana - La vera cabala del lotto
Vendere,periodo di crisi: 40,40,313,Smorfia napoletana - La vera cabala del lotto
Vendere,"mobili: brutto presagio, rovina; 31",31,313,Smorfia napoletana - La vera cabala del lotto
Vendere,monete d’oro: la fortuna è a portata ci mano; 33,33,313,Smorfia napoletana - La vera cabala del lotto
Vendicarsi,vuoi dimenticare un'offesa; 3,3,313,Smorfia napoletana - La vera cabala del lotto
Vendicarsi,per odio: stai attento perchè la situazione peggiorerà; 55,55,313,Smorfia napoletana - La vera cabala del lotto
Vendicarsi,per onore: un'umiliazione ti fa soffrire; 76,76,313,Smorfia napoletana - La vera cabala del lotto
Vento,preoccupazioni; 40,40,313,Smorfia napoletana - La vera cabala del lotto
Vento,leggero: buon presagio; 25,25,313,Smorfia napoletana - La vera cabala del lotto
Vento,molto forte: bene gli affari; 61,61,313,Smorfia napoletana - La vera cabala del lotto
Vento,freddo: solitudine; 44,44,313,Smorfia napoletana - La vera cabala del lotto
Vento,"caldo: momenti gioiosi, sereni; 2",2,313,Smorfia napoletana - La vera cabala del lotto
Ventre,"sano: salute, forza, 86",86,313,Smorfia napoletana - La vera cabala del lotto
Ventre,gonfio: probabile malattia 38,38,313,Smorfia napoletana - La vera cabala del lotto
Ventre,ferito: problemi in famiglia; 16,16,314,Smorfia napoletana - La vera cabala del lotto
Verde,chiaro: una persona onesta; 50,50,314,Smorfia napoletana - La vera cabala del lotto
Verde,scuro: calunnie; 3,3,314,Smorfia napoletana - La vera cabala del lotto
Verde,dell'erba: hai di nuovo parecchie energie; 56,56,314,Smorfia napoletana - La vera cabala del lotto
Verdura,gioie alternate a dispiaceri; 1,1,314,Smorfia napoletana - La vera cabala del lotto
Verdura,mangiarla cruda: ti preoccupi per la tua salute; 47,47,314,Smorfia napoletana - La vera cabala del lotto
Verdura,coltivarla: soddisfazioni in famiglia; 65,65,314,Smorfia napoletana - La vera cabala del lotto
Verdura,"cuocerla: preoccupazioni, fastidi; 40",40,314,Smorfia napoletana - La vera cabala del lotto
Vergine,esserlo: hai paura di una situazione completamente nuova; 90,90,314,Smorfia napoletana - La vera cabala del lotto
Vergine,sposarla buon presagio; 8,8,314,Smorfia napoletana - La vera cabala del lotto
Vergine,nasconderla: hai un peso sulla coscienza; 76,76,314,Smorfia napoletana - La vera cabala del lotto
Verme,avrai dei danni; 37,37,314,Smorfia napoletana - La vera cabala del lotto
Verme,ucciderti: guadagni; 15,15,314,Smorfia napoletana - La vera cabala del lotto
Verme,vederne molti: alcune persone ti vogliono danneggiare; 63,63,314,Smorfia napoletana - La vera cabala del lotto
Versare,butti via le tue energie; 28,28,314,Smorfia napoletana - La vera cabala del lotto
Versare,latte: ti rovini la salute; 16,16,314,Smorfia napoletana - La vera cabala del lotto
Versare,vino: perdi le buone occasioni; 55,55,314,Smorfia napoletana - La vera cabala del lotto
Vertebre,sane: il futuro non ti spaventa; 11,11,315,Smorfia napoletana - La vera cabala del lotto
Vertebre,malate: hai un carattere debole; 66,66,315,Smorfia napoletana - La vera cabala del lotto
Vertebre,rotte: ti attende un lungo periodo di instabilità; 17,17,315,Smorfia napoletana - La vera cabala del lotto
Vescica,fastidi; 49,49,315,Smorfia napoletana - La vera cabala del lotto
Vescica,sulla pelle: non sottovalutare alcuni avvertimenti; 57,57,315,Smorfia napoletana - La vera cabala del lotto
Vescica,sulle mani: forse stai lavorando troppo; 51,51,315,Smorfia napoletana - La vera cabala del lotto
Vescovo,qualcuno che rispetti e ammiri; 61,61,315,Smorfia napoletana - La vera cabala del lotto
Vescovo,parlargli: ascolta degli ottimi consigli; 75,75,315,Smorfia napoletana - La vera cabala del lotto
Vescovo,vederlo: incontrerai qualcuno di molto importante; 40,40,315,Smorfia napoletana - La vera cabala del lotto
Vescovo,"esserlo: hai molte ambizioni, 33",33,315,Smorfia napoletana - La vera cabala del lotto
Vespa,malvagità; 79,79,315,Smorfia napoletana - La vera cabala del lotto
Vespa,"scacciarla: riuscirai a scacciare una perso,ne malvagia; 14",14,315,Smorfia napoletana - La vera cabala del lotto
Vespa,vederla: hai paura di una persona abituata a fare del male; 9,9,315,Smorfia napoletana - La vera cabala del lotto
Vespa,schiacciarla: ti vendicherai ma soffrirai comunque; 41,41,315,Smorfia napoletana - La vera cabala del lotto
Vespa,esserne punti: dispiaceri; 1,1,315,Smorfia napoletana - La vera cabala del lotto
Vestito,modesto: il tuo animo è sereno; 45,45,315,Smorfia napoletana - La vera cabala del lotto
Vestito,elegante: buon presagio; 25,25,315,Smorfia napoletana - La vera cabala del lotto
Vestito,da lutto: la tua salute è buona; 33,33,315,Smorfia napoletana - La vera cabala del lotto
Vestito,da prete: avrai delle notizie; 8,8,315,Smorfia napoletana - La vera cabala del lotto
Vestito,vecchio: pensi di non essere all'altezza della situazione; 25,25,316,Smorfia napoletana - La vera cabala del lotto
Vetro,onestà trasparenza; 74,74,316,Smorfia napoletana - La vera cabala del lotto
Vetro,tagliarlo: non forzare gli eventi; 10,10,316,Smorfia napoletana - La vera cabala del lotto
Vetro,oggetti di vetro: buon presagio; 81,81,316,Smorfia napoletana - La vera cabala del lotto
Vetro,rotto: sfortuna; 16,16,316,Smorfia napoletana - La vera cabala del lotto
Vetro,trasparente: conosci tutto della tua situazione; 9,9,316,Smorfia napoletana - La vera cabala del lotto
Vetro,opaco: una persona trama alle tue spalle; 39,39,316,Smorfia napoletana - La vera cabala del lotto
Vetro,di una finestra: un affare andrà in porto; 64,64,316,Smorfia napoletana - La vera cabala del lotto
Via,simboleggia il tuo futuro; 4,4,316,Smorfia napoletana - La vera cabala del lotto
Via,chiederla: sei disorientato; 29,29,316,Smorfia napoletana - La vera cabala del lotto
Viaggiare,buon presagio; 23,23,316,Smorfia napoletana - La vera cabala del lotto
Viaggiare,in treno: cattivo presagio; 77,77,316,Smorfia napoletana - La vera cabala del lotto
Viaggiare,per mare: la tua vita subirà dei grossi cambiamenti; 8,8,316,Smorfia napoletana - La vera cabala del lotto
Viaggiare,in auto: sai quello che vuoi; 12,12,316,Smorfia napoletana - La vera cabala del lotto
Viaggiare,in aereo: la tua vita avrà dei cambiamenti ma non saranno duraturi; 48,48,316,Smorfia napoletana - La vera cabala del lotto
Viaggiare,soli: hai bisogno di cambiare ambiente; 11,11,316,Smorfia napoletana - La vera cabala del lotto
Viaggiare,con amici: ti attende un breve periodo di serenità; 61,61,316,Smorfia napoletana - La vera cabala del lotto
Viaggiare,a piedi: hai poche possibilità di avere quello che desideri; 33,33,316,Smorfia napoletana - La vera cabala del lotto
Viaggio,esperienza; 10,10,316,Smorfia napoletana - La vera cabala del lotto
Viaggio,lungo: non è facile avere quello che desideri; 16,16,317,Smorfia napoletana - La vera cabala del lotto
Viaggio,corto: piacevoli brevi esperienze; 80,80,317,Smorfia napoletana - La vera cabala del lotto
Viaggio,da soli: spese inutili; 36,36,317,Smorfia napoletana - La vera cabala del lotto
Viaggio,in compagnia: fortuna soddisfazione; 23,23,317,Smorfia napoletana - La vera cabala del lotto
Viaggio,programmarlo: vuoi cambiare ambiente; 86,86,317,Smorfia napoletana - La vera cabala del lotto
Viaggio,di nozze: inizia una nuova vita; 64,64,317,Smorfia napoletana - La vera cabala del lotto
Viaggio,di affari: soddisfazioni nel campo del lavoro; 8,8,317,Smorfia napoletana - La vera cabala del lotto
Vicolo,momento difficile; 17,17,317,Smorfia napoletana - La vera cabala del lotto
Vicolo,cieco: non hai possibilità di riuscita; 5,5,317,Smorfia napoletana - La vera cabala del lotto
V1Lla,tranquillità economica; 19,19,317,Smorfia napoletana - La vera cabala del lotto
V1Lla,comperarla: desideri la ricchezza; 33,33,317,Smorfia napoletana - La vera cabala del lotto
V1Lla,vederla: invidi le ricchezze altrui; 26,26,317,Smorfia napoletana - La vera cabala del lotto
Vincere,sei sicuro di te stesso; 40,40,317,Smorfia napoletana - La vera cabala del lotto
Vincere,denaro: momenti di euforia; 11,11,317,Smorfia napoletana - La vera cabala del lotto
Vincere,un premio: conosci il valore di quello che stai facendo; 50,50,317,Smorfia napoletana - La vera cabala del lotto
Vincere,una partita: vuoi avere la meglio; 31,31,317,Smorfia napoletana - La vera cabala del lotto
Vino,noia assoluta; 24,24,317,Smorfia napoletana - La vera cabala del lotto
Vino,bianco: felicità; 70,70,317,Smorfia napoletana - La vera cabala del lotto
Vino,berlo rosso: breve malattia; 90,90,317,Smorfia napoletana - La vera cabala del lotto
Vino,berlo bianco: allegria; 56,56,317,Smorfia napoletana - La vera cabala del lotto
Vino,dolce: lusinghe; 3,3,318,Smorfia napoletana - La vera cabala del lotto
Vino,"secco: onestà, sincerità; 12",12,318,Smorfia napoletana - La vera cabala del lotto
Vino,berne molto: inutili discussioni; 71,71,318,Smorfia napoletana - La vera cabala del lotto
Vino,con acqua: moderazione; 80,80,318,Smorfia napoletana - La vera cabala del lotto
Vino,offrirlo: hai un buon rapporto con i tuoi amici; 18,18,318,Smorfia napoletana - La vera cabala del lotto
Vino,rovesciarlo: non prenderai al volo un'occasione propizia; 31,31,318,Smorfia napoletana - La vera cabala del lotto
Vino,guasto: alcuni momenti di gioia verranno rovinati; 73,73,318,Smorfia napoletana - La vera cabala del lotto
Vino,avvelenato: pessimo presagio; 42,42,318,Smorfia napoletana - La vera cabala del lotto
Vino,torbido: ricchezza. 3/21 moscato: onore; 18,3 21 18,318,Smorfia napoletana - La vera cabala del lotto
Viola,fiore: devi essere più deciso; 80,80,318,Smorfia napoletana - La vera cabala del lotto
Vipera,cattivo presagio; 8,8,318,Smorfia napoletana - La vera cabala del lotto
Vipera,vederla: qualcuno che ti è vicino è falso e pericoloso; 9,9,318,Smorfia napoletana - La vera cabala del lotto
Vipera,esserne morso: ti lascerai ingannare; 8,8,318,Smorfia napoletana - La vera cabala del lotto
Vipera,ucciderla: ti libererai di qualcuno di molto pericoloso; 9,9,318,Smorfia napoletana - La vera cabala del lotto
Vipera,che striscia: una persona trama alle tue spalle; 6,6,318,Smorfia napoletana - La vera cabala del lotto
Vipera,calpestarla: hai provocato una persona cattiva; 42,42,318,Smorfia napoletana - La vera cabala del lotto
Visione,averla: piaceri brevissimi; 30,30,318,Smorfia napoletana - La vera cabala del lotto
Visione,di persona scomparsa: ascolta quello che li dicono; 42,42,318,Smorfia napoletana - La vera cabala del lotto
Visita,medica: analizzi la tua situazione; 56,56,318,Smorfia napoletana - La vera cabala del lotto
Visita,inaspettata: attendi una persona; 51,51,318,Smorfia napoletana - La vera cabala del lotto
Visita,di cortesia: doveri noiosi; 11,11,319,Smorfia napoletana - La vera cabala del lotto
Visita,di condoglianza: brutto presagio; 27,27,319,Smorfia napoletana - La vera cabala del lotto
Viso,"bello: buona salute, serenità; 90",90,319,Smorfia napoletana - La vera cabala del lotto
Viso,brutto: malattia; 71,71,319,Smorfia napoletana - La vera cabala del lotto
Viso,triste: possibili progetti che si riveleranno pericolosi; 88,88,319,Smorfia napoletana - La vera cabala del lotto
Viso,allegro: ottimismo; 39,39,319,Smorfia napoletana - La vera cabala del lotto
Viso,gonfio: probabile malattia; 5,5,319,Smorfia napoletana - La vera cabala del lotto
Viso,rugoso: preoccupazioni in famiglia; 7,7,319,Smorfia napoletana - La vera cabala del lotto
Viso,colorito: allegria; 47,47,319,Smorfia napoletana - La vera cabala del lotto
Vita,lunga: il tuo futuro sarà positivo; 79,79,319,Smorfia napoletana - La vera cabala del lotto
Vita,corta: malattia; 19,19,319,Smorfia napoletana - La vera cabala del lotto
Vite,"abbondanza, successo; 71",71,319,Smorfia napoletana - La vera cabala del lotto
Vite,senza uva: brutto presagio; 7,7,319,Smorfia napoletana - La vera cabala del lotto
Vite,tagliarla: diminuiranno i tuoi guadagni; 61,61,319,Smorfia napoletana - La vera cabala del lotto
Vitello,al pascolo: sarai fortunato; 85,85,319,Smorfia napoletana - La vera cabala del lotto
Vitello,grasso: abbondanza; 23,23,319,Smorfia napoletana - La vera cabala del lotto
Vitello,magro: ti attende un periodo di miseria; 63,63,319,Smorfia napoletana - La vera cabala del lotto
Vitello,d'oro: avarizia; 77,77,319,Smorfia napoletana - La vera cabala del lotto
Vittima,esserlo: soffri di manie di persecuzione; 36,36,319,Smorfia napoletana - La vera cabala del lotto
Vittima,vederla: hai commesso un'azione disonesta ed ora hai sensi di colpa; 74,74,320,Smorfia napoletana - La vera cabala del lotto
Voce,alta: insicurezza; 68,68,320,Smorfia napoletana - La vera cabala del lotto
Voce,"bassa: quello che ti succede li lascia indifferente, 30",30,320,Smorfia napoletana - La vera cabala del lotto
Voce,dolce: adulazioni; 30,30,320,Smorfia napoletana - La vera cabala del lotto
Voce,spaventosa: sensi di colpa; 45,45,320,Smorfia napoletana - La vera cabala del lotto
Voce,paterna: hai bisogno d'amore e di protezione; 48,48,320,Smorfia napoletana - La vera cabala del lotto
Volante,tenerlo in mano: hai la situazione sotto controllo; 60,60,320,Smorfia napoletana - La vera cabala del lotto
Volante,non trovarlo: momenti di panico; 17,17,320,Smorfia napoletana - La vera cabala del lotto
Volante,vederlo: hai paura di non saperti controllare; 6,6,320,Smorfia napoletana - La vera cabala del lotto
Volare,vorresti avere un successo rapido; 58,58,320,Smorfia napoletana - La vera cabala del lotto
Volare,con le ali: sei molto indipendente; 50,50,320,Smorfia napoletana - La vera cabala del lotto
Volare,senza ali: pericolo; 61,61,320,Smorfia napoletana - La vera cabala del lotto
Volare,con gli uccelli: il tuo egoismo verrà a galla; 81,81,320,Smorfia napoletana - La vera cabala del lotto
Volare,sopra i tetti: azioni sconsiderate; 13,13,320,Smorfia napoletana - La vera cabala del lotto
Volare,con angoscia: hai paura della libertà; 74,74,320,Smorfia napoletana - La vera cabala del lotto
Volare,"con gioia: puoi fare quello che vuoi, come hai sempre desiderato; 73",73,320,Smorfia napoletana - La vera cabala del lotto
Volare,in aereo: un viaggio che volevi fare da tempo; 28,28,320,Smorfia napoletana - La vera cabala del lotto
Volare,sopra il mare: la tua vita subirà dei grandi cambiamenti; 26,26,320,Smorfia napoletana - La vera cabala del lotto
Volare,sul fuoco: rischi inutili; 39,39,320,Smorfia napoletana - La vera cabala del lotto
Volare,non riuscire a volare: qualcosa bloccherà i tuoi istinti; 17,17,320,Smorfia napoletana - La vera cabala del lotto
Volpe,inganni fatti e scoperti; 56,56,321,Smorfia napoletana - La vera cabala del lotto
Volpe,vederla: sarai ingannato; 4,4,321,Smorfia napoletana - La vera cabala del lotto
Volpe,ucciderla: buon presagio; 50,50,321,Smorfia napoletana - La vera cabala del lotto
Volpe,nel pollaio: perdita economica; 44,44,321,Smorfia napoletana - La vera cabala del lotto
Volpe,esserne morso: a causa di alcuni inganni perderai motto denaro; 32,32,321,Smorfia napoletana - La vera cabala del lotto
Vomitare,rifiuti con tutto te stesso qualcosa; 73,73,321,Smorfia napoletana - La vera cabala del lotto
Vomitare,cibo: perdita di denaro; 26,26,321,Smorfia napoletana - La vera cabala del lotto
Vomitare,sangue: grossi problemi di salute; 54,54,321,Smorfia napoletana - La vera cabala del lotto
Vulcano,"spento: cerca di controllare il tuo istinto, la tua impulsività; 88",88,321,Smorfia napoletana - La vera cabala del lotto
Vuotare,le tuo decisioni sono sempre prese fino in fondo; 79,79,321,Smorfia napoletana - La vera cabala del lotto
Zafferano,in cucina: cattivo presagio; 67,67,322,Smorfia napoletana - La vera cabala del lotto
Zafferano,vederlo: piccola dimenticanza; 5,5,322,Smorfia napoletana - La vera cabala del lotto
Zaffiro,hai pensieri romantici; 59,59,322,Smorfia napoletana - La vera cabala del lotto
Zaffiro,falso: la tua dolcezza è solo apparente; 31,31,322,Smorfia napoletana - La vera cabala del lotto
Zaino,responsabilità; 66,66,322,Smorfia napoletana - La vera cabala del lotto
Zaino,portarlo pieno: abbondanza; 71,71,322,Smorfia napoletana - La vera cabala del lotto
Zaino,portarlo vuoto: nessuna soddisfazione e nessuna preoccupazione; 86,86,323,Smorfia napoletana - La vera cabala del lotto
Zaino,vederlo: dovrai affrontare una difficile situazione; 21,21,323,Smorfia napoletana - La vera cabala del lotto
Zanzara,qualcuno molto noioso e fastidioso; 11,11,323,Smorfia napoletana - La vera cabala del lotto
Zanzara,ucciderla: ti libererai di una persona insopportabile; 69,69,323,Smorfia napoletana - La vera cabala del lotto
Zanzara,sentirla ronzare: qualcuno fa dei pettegolezzi sul tuo conto; 51,51,323,Smorfia napoletana - La vera cabala del lotto
Zanzara,esserne punti: un'offesa ti ha colpito; 78,78,323,Smorfia napoletana - La vera cabala del lotto
Zattera,vederla: hai ancora una possibilità; 86,86,323,Smorfia napoletana - La vera cabala del lotto
Zattera,costruirla: ti basteranno le tue forze per uscire da una difficile situazione;70,70,323,Smorfia napoletana - La vera cabala del lotto
Zattera,aggrapparvisi: un aiuto insperato; 32,32,323,Smorfia napoletana - La vera cabala del lotto
Zavorra,averla: ti sforzi di essere equilibrato; 6,6,323,Smorfia napoletana - La vera cabala del lotto
Zavorra,gettarla via: potrai agire come credi; 59,59,323,Smorfia napoletana - La vera cabala del lotto
Zebra,difficoltà superabili; 71,71,323,Smorfia napoletana - La vera cabala del lotto
Zecca,parassita: una persona approfitta di te; 23,23,323,Smorfia napoletana - La vera cabala del lotto
Zecca,conio delle monete: ti arricchirai facilmente; 90,90,323,Smorfia napoletana - La vera cabala del lotto
Zecchino,sarai ricompensato profumatamente; 22,22,323,Smorfia napoletana - La vera cabala del lotto
Zecchino,trovarne: piccolo momento di gioia; 36,36,323,Smorfia napoletana - La vera cabala del lotto
Zero,delusione; 10,10,324,Smorfia napoletana - La vera cabala del lotto
Zingaro,sulla porta di casa: una persona di fiducia ti tradirà; 76,76,324,Smorfia napoletana - La vera cabala del lotto
Zingaro,vederlo: attenzione a quelle persone che h vogliono danneggiare; 81,81,324,Smorfia napoletana - La vera cabala del lotto
Zolfo,vederlo: pericolo di incendio; 10,10,324,Smorfia napoletana - La vera cabala del lotto
Zolfo,bere dello zolfo: cattivo presagio; 39,39,324,Smorfia napoletana - La vera cabala del lotto
Zolfo,stecche di zolfo: euforia passeggera; 17,17,324,Smorfia napoletana - La vera cabala del lotto
Zoppo,vederlo: una disgrazia colpirà la tua famiglia; 48,48,324,Smorfia napoletana - La vera cabala del lotto
Zoppo,esserlo: trovi difficoltà ad essere al passo con gli altri; 67,67,324,Smorfia napoletana - La vera cabala del lotto
Zoppo,caduto: entrerai in un periodo di crisi; 14,14,324,Smorfia napoletana - La vera cabala del lotto
Zucca,mangiarla: testardaggine; 53,53,324,Smorfia napoletana - La vera cabala del lotto
Zucchero,vederlo: raggiri probabili inganni; 25,25,324,Smorfia napoletana - La vera cabala del lotto
Zucchero,mangiarlo: soddisfazioni effimere; 81,81,324,Smorfia napoletana - La vera cabala del lotto
Zucchero,regalarlo: vorresti confondere le idee; 42,42,324,Smorfia napoletana - La vera cabala del lotto
Zucchini,mangiarli: carattere duro chiuso avaro; 69,69,324,Smorfia napoletana - La vera cabala del lotto
Zuppa,situazione economica stabile; 77,77,324,Smorfia napoletana - La vera cabala del lotto
Zuppa,mangiarla: modestia; 71,71,324,Smorfia napoletana - La vera cabala del lotto
Zuppa,d orzo: povertà e tristezza; 11,11,325,Smorfia napoletana - La vera cabala del lotto
Zuppa,di vino: malattia passeggera; 9,9,325,Smorfia napoletana - La vera cabala del lotto
Zuppiera,quello che possiedi ti soddisfa pienamente; 22,22,325,Smorfia napoletana - La vera cabala del lotto
